Time,Robot Mode,Loop Time,Error Status,Error Code,Error Source,Left Motor Output,Left Motor Encoder,Right Motor Output,Right Motor Encoder,Is Level,Is Stalled,Ball Detector Photoeye,Vision Enabled,Vision Teleop Control,Vision Auto Control,Vision Current State,Vision X Output,Vision NavX Error,Vision NavX Target,NavX Connection Status,NavX Displacement X,NavX Displacement Y,NavX Displacement Z,NavX Velocity X,NavX Velocity Y,NavX Velocity Z,NavX Acceleration X,NavX Acceleration Y,NavX Acceleration Z,NavX Pitch,NavX Yaw,NavX Roll,Gyro Angle,Roller Arm State,Roller Arm Actual,Roller Arm Desired,Shooter Arm State,Shooter Arm Actual,Shooter Arm Desired,Shooter State,Actual RPM Left,Desired RPM Left,Control Mode Left,Actual RPM Right,Desired RPM Right,Control Mode Right,Ball Shooter Cylinder,Ball Halo Cylinder,Scaler Motor Output,Scaler Solenoid Fire,Auto To Run,Auto Current File,Auto File Status,Auto Current Command,Auto Trimmed Command,Shooter Amps Left,Shooter Amps Right, Vision After Offset
02:02:07.179 PM 04/29/2016,Teleop Enabled,11,TRUE,-44003,<LOCATION>WPI_CameraIssue HTTP Request with Authentication.vi<CALLSTACK>WPI_CameraIssue HTTP Request with Authentication.vi< <WPI_CameraIssue Get.vi< <WPI_CameraSet Image Appearance Property.vi< <WPI_CameraSet Image Size.vi< <Vision Processing.vi< <Robot Main.vi,-0.000000,0.000000,-0.000000,-0.064167,TRUE,FALSE,TRUE,FALSE,FALSE,FALSE,Disabled,0.000000,0.000000,0.000000,TRUE,0.005447,0.001266,0.000000,0.000000,0.000000,0.000000,0.001000,-0.002000,-0.001000,1.780000,-0.230000,0.190000,-1.828966,ResetBack,0.000000,-0.000049,ResetBack,1406.000000,-0.250000,LowGoal,15.000000,-2181.818182,Speed,45.000000,-2181.818182,Speed,Off,Off,0.000000,FALSE,0,,,,,0.000000,0.000000,-0.050000
02:02:07.281 PM 04/29/2016,Teleop Enabled,11,FALSE,0,NO ERROR,-0.000000,0.000000,-0.000000,-0.077000,TRUE,FALSE,TRUE,FALSE,FALSE,FALSE,Disabled,0.000000,0.000000,0.000000,TRUE,0.005539,0.000931,0.000000,0.005692,-0.014343,0.000000,-0.045000,0.085000,0.021000,1.760000,-0.210000,0.170000,-1.846733,ResetBack,-0.174316,-0.000049,ResetBack,1406.000000,-0.250000,LowGoal,450.000000,-2181.818182,Speed,495.000000,-2181.818182,Speed,Off,Off,0.000000,FALSE,0,,,,,0.000000,0.000000,-0.050000
02:02:07.381 PM 04/29/2016,Teleop Enabled,11,FALSE,0,NO ERROR,-0.000000,0.000000,-0.000000,-0.077000,TRUE,FALSE,TRUE,FALSE,FALSE,FALSE,Disabled,0.000000,0.000000,0.000000,TRUE,0.005127,0.002151,0.000000,-0.016052,0.040726,0.000000,0.033000,0.004000,-0.021000,1.760000,-0.210000,0.180000,-1.877647,ResetBack,-0.749268,-0.000049,ResetBack,7159.000000,-0.250000,LowGoal,1042.500000,-2181.818182,Speed,1245.000000,-2181.818182,Speed,Off,Off,0.000000,FALSE,0,,,,,0.000000,0.000000,-0.050000
02:02:07.481 PM 04/29/2016,Teleop Enabled,11,FALSE,0,NO ERROR,-0.000000,0.000000,-0.000000,-0.077000,TRUE,FALSE,TRUE,FALSE,FALSE,FALSE,Disabled,0.000000,0.000000,0.000000,TRUE,0.005264,0.002563,0.000000,0.011673,0.002396,0.000000,0.043000,-0.037000,0.013000,1.670000,-0.210000,0.240000,-1.907707,Reset,-0.752441,-0.000049,ResetBack,10976.000000,-0.250000,LowGoal,1560.000000,-2181.818182,Speed,1860.000000,-2181.818182,Speed,Off,Off,0.000000,FALSE,0,,,,,0.000000,0.000000,-0.050000
02:02:07.581 PM 04/29/2016,Teleop Enabled,11,FALSE,0,NO ERROR,-0.000000,0.000000,-0.000000,-0.077000,TRUE,FALSE,TRUE,FALSE,FALSE,FALSE,Disabled,0.000000,0.000000,0.000000,TRUE,0.005905,0.001755,0.000000,0.000000,-0.026596,0.000000,0.036000,-0.038000,0.006000,1.700000,-0.220000,0.250000,-1.954206,Hold,0.338867,0.000000,ResetBack,12775.000000,-0.250000,LowGoal,2002.500000,-2181.818182,Speed,2227.500000,-2181.818182,Speed,Off,Off,0.000000,FALSE,0,,,,,0.000000,0.000000,-0.050000
02:02:07.683 PM 04/29/2016,Teleop Enabled,11,FALSE,0,NO ERROR,-0.000000,0.000000,-0.000000,-0.077000,TRUE,FALSE,TRUE,FALSE,FALSE,FALSE,Disabled,0.000000,0.000000,0.000000,TRUE,0.012070,-0.009750,0.000000,0.130920,-0.192551,0.000000,0.050000,-0.068000,0.017000,1.690000,-0.220000,0.260000,-1.984886,Hold,0.529541,0.000000,ResetBack,13550.000000,-0.250000,LowGoal,2220.000000,-2181.818182,Speed,2167.500000,-2181.818182,Speed,Off,Off,0.000000,FALSE,0,,,,,0.000000,0.000000,-0.050000
02:02:07.784 PM 04/29/2016,Teleop Enabled,10,FALSE,0,NO ERROR,-0.000000,0.000000,-0.000000,-0.077000,TRUE,FALSE,TRUE,FALSE,FALSE,FALSE,Disabled,0.000000,0.000000,0.000000,TRUE,0.012070,-0.009750,0.000000,0.130920,-0.192551,0.000000,0.101000,-0.090000,0.075000,1.690000,-0.220000,0.260000,-2.000791,Hold,0.529541,0.000000,ResetBack,14124.000000,-0.250000,LowGoal,2197.500000,-2181.818182,Speed,2107.500000,-2181.818182,Speed,Off,Off,0.000000,FALSE,0,,,,,0.000000,0.000000,-0.050000
02:02:07.887 PM 04/29/2016,Teleop Enabled,10,FALSE,0,NO ERROR,-0.000000,0.000000,-0.000000,-0.077000,TRUE,FALSE,TRUE,FALSE,FALSE,FALSE,Disabled,0.000000,0.000000,0.000000,TRUE,0.020370,-0.021896,0.000000,0.182159,-0.274872,0.000000,0.046000,-0.084000,0.058000,1.740000,-0.230000,0.220000,-2.023226,Hold,0.529541,0.000000,ResetBack,14124.000000,-0.250000,LowGoal,2160.000000,-2181.818182,Speed,2077.500000,-2181.818182,Speed,Off,Off,0.000000,FALSE,0,,,,,0.000000,0.000000,-0.050000
02:02:07.988 PM 04/29/2016,Teleop Enabled,10,FALSE,0,NO ERROR,-0.000000,0.000000,-0.000000,-0.077000,TRUE,FALSE,TRUE,FALSE,FALSE,FALSE,Disabled,0.000000,0.000000,0.000000,TRUE,0.030655,-0.037613,0.000000,0.219269,-0.332413,0.000000,0.021000,-0.092000,0.060000,1.740000,-0.230000,0.220000,-2.049940,Hold,0.529541,0.000000,ResetBack,14149.000000,-0.250000,LowGoal,2130.000000,-2181.818182,Speed,2107.500000,-2181.818182,Speed,Off,Off,0.000000,FALSE,0,,,,,0.000000,0.000000,-0.050000
02:02:08.090 PM 04/29/2016,Teleop Enabled,13,FALSE,0,NO ERROR,-0.000000,0.000000,-0.000000,-0.077000,TRUE,FALSE,TRUE,FALSE,FALSE,FALSE,Disabled,0.000000,0.000000,0.000000,TRUE,0.033600,-0.075012,0.000000,-0.038300,-0.353149,0.000000,-0.043000,-0.025000,-0.010000,1.740000,-0.220000,0.180000,-2.073938,Hold,0.529541,0.000000,ResetBack,14160.000000,-0.250000,LowGoal,2122.500000,-2181.818182,Speed,2122.500000,-2181.818182,Speed,Off,Off,0.000000,FALSE,0,,,,,0.000000,0.000000,-0.050000
02:02:08.197 PM 04/29/2016,Teleop Enabled,12,FALSE,0,NO ERROR,-0.000000,0.000000,-0.000000,-0.077000,TRUE,FALSE,TRUE,FALSE,FALSE,FALSE,Disabled,0.000000,0.000000,0.000000,TRUE,0.032486,-0.089615,0.000000,-0.005936,-0.250000,0.000000,-0.061000,0.132000,-0.042000,1.760000,-0.220000,0.180000,-2.100577,Hold,0.529541,0.000000,ResetBack,14168.000000,-0.250000,LowGoal,2130.000000,-2181.818182,Speed,2115.000000,-2181.818182,Speed,Off,Off,0.000000,FALSE,0,,,,,0.000000,0.000000,-0.050000
02:02:08.299 PM 04/29/2016,Teleop Enabled,9,FALSE,0,NO ERROR,-0.000000,0.000000,-0.000000,-0.077000,TRUE,FALSE,TRUE,FALSE,FALSE,FALSE,Disabled,0.000000,0.000000,0.000000,TRUE,0.029953,-0.100235,0.000000,-0.079651,-0.197342,0.000000,-0.084000,0.087000,-0.021000,1.760000,-0.220000,0.180000,-2.116936,Hold,0.529541,0.000000,ResetBack,14192.000000,-0.250000,LowGoal,2137.500000,-2181.818182,Speed,2107.500000,-2181.818182,Speed,Off,Off,0.000000,FALSE,0,,,,,0.000000,0.000000,-0.050000
02:02:08.399 PM 04/29/2016,Teleop Enabled,11,FALSE,0,NO ERROR,-0.000000,0.000000,-0.000000,-0.077000,TRUE,FALSE,TRUE,FALSE,FALSE,FALSE,Disabled,0.000000,0.000000,0.000000,TRUE,0.023773,-0.109375,0.000000,-0.143311,-0.171860,0.000000,-0.116000,0.045000,-0.021000,1.780000,-0.230000,0.160000,-2.143547,Hold,0.529541,0.000000,Reset,14327.000000,2.000000,LowGoal,2137.500000,-2181.818182,Speed,2107.500000,-2181.818182,Speed,Off,Off,0.000000,FALSE,0,,,,,0.000000,0.000000,-0.050000
02:02:08.501 PM 04/29/2016,Teleop Enabled,11,FALSE,0,NO ERROR,-0.000000,0.000000,-0.000000,-0.077000,TRUE,FALSE,TRUE,FALSE,FALSE,FALSE,Disabled,0.000000,0.000000,0.000000,TRUE,0.014404,-0.108932,0.000000,-0.146896,0.010498,0.000000,-0.031000,0.019000,-0.074000,1.780000,-0.230000,0.160000,-2.164636,Hold,3.797607,45.000000,Hold,-210.000000,151552.000000,LowGoal,2145.000000,-2181.818182,Speed,2115.000000,-2181.818182,Speed,Off,Off,0.000000,FALSE,0,,,,,0.000000,0.000000,-0.050000
02:02:08.602 PM 04/29/2016,Teleop Enabled,11,FALSE,0,NO ERROR,-0.000000,0.000000,-0.000000,-0.077000,TRUE,FALSE,TRUE,FALSE,FALSE,FALSE,Disabled,0.000000,0.000000,0.000000,TRUE,0.014404,-0.108932,0.000000,-0.146896,0.010498,0.000000,0.019000,-0.050000,0.097000,1.760000,-0.230000,0.180000,-2.163014,Hold,5.518799,45.000000,Hold,-210.000000,151552.000000,LowGoal,2137.500000,-2181.818182,Speed,2107.500000,-2181.818182,Speed,Off,Off,0.000000,FALSE,0,,,,,0.000000,0.000000,-0.050000
02:02:08.705 PM 04/29/2016,Teleop Enabled,11,FALSE,0,NO ERROR,-0.000000,0.006417,-0.000000,-0.083416,TRUE,FALSE,TRUE,FALSE,FALSE,FALSE,Disabled,0.000000,0.000000,0.000000,TRUE,0.006653,-0.107605,0.000000,-0.162872,0.028519,0.000000,0.047000,0.029000,-0.015000,1.730000,-0.190000,0.220000,-2.174478,Hold,8.676758,45.000000,Hold,-16522.000000,151552.000000,LowGoal,2137.500000,-2181.818182,Speed,2107.500000,-2181.818182,Speed,Off,Off,0.000000,FALSE,0,,,,,0.000000,0.000000,-0.050000
02:02:08.805 PM 04/29/2016,Teleop Enabled,11,FALSE,0,NO ERROR,-0.000000,0.096250,-0.000000,-0.166833,TRUE,FALSE,TRUE,FALSE,FALSE,FALSE,Disabled,0.000000,0.000000,0.000000,TRUE,-0.007263,-0.106949,0.000000,-0.143845,-0.032547,0.000000,-0.045000,-0.021000,-0.045000,1.730000,-0.190000,0.220000,-2.234589,Hold,12.796387,45.000000,Hold,-39254.000000,151552.000000,LowGoal,2130.000000,-2181.818182,Speed,2115.000000,-2181.818182,Speed,Off,Off,0.000000,FALSE,0,,,,,0.000000,0.000000,-0.050000
02:02:08.905 PM 04/29/2016,Teleop Enabled,11,FALSE,0,NO ERROR,-0.000000,0.250249,-0.000000,-0.269499,TRUE,FALSE,TRUE,FALSE,FALSE,FALSE,Disabled,0.000000,0.000000,0.000000,TRUE,-0.013962,-0.110611,0.000000,-0.105423,-0.105972,0.000000,-0.027000,-0.085000,0.011000,1.720000,-0.210000,0.120000,-2.204322,Hold,17.681396,45.000000,Hold,-58423.000000,151552.000000,LowGoal,2122.500000,-2181.818182,Speed,2107.500000,-2181.818182,Speed,Off,Off,0.000000,FALSE,0,,,,,0.000000,0.000000,-0.050000
02:02:09.005 PM 04/29/2016,Teleop Enabled,10,FALSE,0,NO ERROR,-0.000000,0.583915,-0.000000,-0.282333,TRUE,FALSE,TRUE,FALSE,FALSE,FALSE,Disabled,0.000000,0.000000,0.000000,TRUE,-0.017624,-0.114273,0.000000,-0.055893,0.000000,0.000000,0.052000,-0.036000,0.032000,1.750000,-0.160000,0.010000,-2.321665,Hold,23.575928,45.000000,Hold,-81429.000000,151552.000000,LowGoal,2122.500000,-2181.818182,Speed,2107.500000,-2181.818182,Speed,Off,Off,0.000000,FALSE,0,,,,,0.000000,0.000000,-0.050000
02:02:09.105 PM 04/29/2016,Teleop Enabled,10,FALSE,0,NO ERROR,-0.000000,0.615999,-0.000000,-0.275916,TRUE,FALSE,TRUE,FALSE,FALSE,FALSE,Disabled,0.000000,0.000000,0.000000,TRUE,-0.017624,-0.114273,0.000000,-0.055893,0.000000,0.000000,0.000000,-0.075000,0.016000,1.750000,-0.250000,0.220000,-2.415929,Hold,30.417236,45.000000,Hold,-107149.000000,151552.000000,LowGoal,2107.500000,-2181.818182,Speed,2107.500000,-2181.818182,Speed,Off,Off,0.000000,FALSE,0,,,,,0.000000,0.000000,-0.050000
02:02:09.207 PM 04/29/2016,Teleop Enabled,10,FALSE,0,NO ERROR,-0.000000,0.372166,-0.000000,-0.115500,TRUE,FALSE,TRUE,FALSE,FALSE,FALSE,Disabled,0.000000,0.000000,0.000000,TRUE,-0.014557,-0.114929,0.000000,0.046158,0.015198,0.000000,0.043000,-0.009000,-0.054000,1.780000,-0.330000,-0.110000,-2.535534,Hold,38.137939,45.000000,Hold,-107149.000000,151552.000000,LowGoal,2107.500000,-2181.818182,Speed,2115.000000,-2181.818182,Speed,Off,Off,0.000000,FALSE,0,,,,,0.000000,0.000000,-0.050000
02:02:09.308 PM 04/29/2016,Teleop Enabled,10,FALSE,0,NO ERROR,-0.000000,0.282333,-0.000000,-0.025667,TRUE,FALSE,TRUE,FALSE,FALSE,FALSE,Disabled,0.000000,0.000000,0.000000,TRUE,-0.014557,-0.114929,0.000000,0.046158,0.015198,0.000000,-0.082000,-0.081000,0.062000,1.860000,-0.390000,0.380000,-2.555855,Hold,45.301270,45.000000,Hold,-139133.000000,151552.000000,LowGoal,2107.500000,-2181.818182,Speed,2107.500000,-2181.818182,Speed,Off,Off,0.000000,FALSE,0,,,,,0.000000,0.000000,-0.050000
02:02:09.408 PM 04/29/2016,Teleop Enabled,9,FALSE,0,NO ERROR,-0.000000,0.282333,-0.000000,-0.025667,TRUE,FALSE,TRUE,FALSE,FALSE,FALSE,Disabled,0.000000,0.000000,0.000000,TRUE,-0.018082,-0.117432,0.000000,-0.154160,-0.124817,0.000000,-0.112000,-0.235000,-0.308000,1.660000,-0.470000,-0.350000,-2.555855,Hold,51.567139,45.000000,Hold,-150350.000000,151552.000000,LowGoal,2047.500000,-2181.818182,Speed,2077.500000,-2181.818182,Speed,Off,Off,0.000000,FALSE,0,,,,,0.000000,0.000000,-0.050000
02:02:09.508 PM 04/29/2016,Teleop Enabled,10,FALSE,0,NO ERROR,-0.000000,0.218166,-0.000000,0.083416,TRUE,FALSE,TRUE,FALSE,FALSE,FALSE,Disabled,0.000000,0.000000,0.000000,TRUE,-0.031097,-0.127457,0.000000,-0.260895,-0.144974,0.000000,0.136000,-0.010000,-0.018000,1.680000,-0.440000,-0.410000,-2.642762,Hold,51.567139,45.000000,Hold,-152165.000000,151552.000000,LowGoal,2040.000000,-2181.818182,Speed,2085.000000,-2181.818182,Speed,Off,Off,0.000000,FALSE,0,,,,,0.000000,0.000000,-0.050000
02:02:09.608 PM 04/29/2016,Teleop Enabled,10,FALSE,0,NO ERROR,-0.000000,0.218166,-0.000000,0.083416,TRUE,FALSE,TRUE,FALSE,FALSE,FALSE,Disabled,0.000000,0.000000,0.000000,TRUE,-0.037994,-0.135178,0.000000,-0.005859,-0.150864,0.000000,-0.045000,-0.012000,0.136000,1.680000,-0.460000,-0.310000,-2.662492,Hold,51.481445,45.000000,Hold,-152145.000000,151552.000000,LowGoal,2092.500000,-2181.818182,Speed,2107.500000,-2181.818182,Speed,Off,Off,0.000000,FALSE,0,,,,,0.000000,0.000000,-0.050000
02:02:09.708 PM 04/29/2016,Teleop Enabled,9,FALSE,0,NO ERROR,-0.000000,0.218166,-0.000000,0.038500,TRUE,FALSE,TRUE,FALSE,FALSE,FALSE,Disabled,0.000000,0.000000,0.000000,TRUE,-0.039276,-0.135284,0.000000,-0.041214,-0.015442,0.000000,0.064000,0.016000,0.033000,1.640000,-0.470000,-0.210000,-2.670017,Hold,51.475586,45.000000,Hold,-152145.000000,151552.000000,LowGoal,2130.000000,-2181.818182,Speed,2115.000000,-2181.818182,Speed,Off,Off,0.000000,FALSE,0,,,,,0.000000,0.000000,-0.050000
02:02:09.808 PM 04/29/2016,Teleop Enabled,10,FALSE,0,NO ERROR,-0.000000,0.218166,-0.000000,0.019250,TRUE,FALSE,TRUE,FALSE,FALSE,FALSE,Disabled,0.000000,0.000000,0.000000,TRUE,-0.041367,-0.136505,0.000000,-0.046524,-0.016861,0.000000,-0.047000,0.025000,0.088000,1.640000,-0.460000,-0.080000,-2.664506,Hold,51.475586,45.000000,Hold,-152100.000000,151552.000000,LowGoal,2130.000000,-2181.818182,Speed,2107.500000,-2181.818182,Speed,Off,Off,0.000000,FALSE,0,,,,,0.000000,0.000000,-0.050000
02:02:09.910 PM 04/29/2016,Teleop Enabled,9,FALSE,0,NO ERROR,-0.000000,0.218166,-0.000000,0.012833,TRUE,FALSE,TRUE,FALSE,FALSE,FALSE,Disabled,0.000000,0.000000,0.000000,TRUE,-0.043503,-0.136490,0.000000,-0.032516,0.008545,0.000000,0.040000,0.057000,0.091000,1.630000,-0.470000,-0.090000,-2.694655,Hold,51.418213,45.000000,Hold,-152026.000000,151552.000000,LowGoal,2130.000000,-2181.818182,Speed,2107.500000,-2181.818182,Speed,Off,Off,0.000000,FALSE,0,,,,,0.000000,0.000000,-0.050000
02:02:10.011 PM 04/29/2016,Teleop Enabled,11,FALSE,0,NO ERROR,-0.000000,0.218166,-0.000000,0.012833,TRUE,FALSE,TRUE,FALSE,FALSE,FALSE,Disabled,0.000000,0.000000,0.000000,TRUE,-0.044022,-0.135147,0.000000,0.004089,0.040695,0.000000,0.038000,0.026000,-0.032000,1.630000,-0.460000,-0.080000,-2.699568,Hold,51.418213,45.000000,Hold,-151909.000000,151552.000000,LowGoal,2122.500000,-2181.818182,Speed,2107.500000,-2181.818182,Speed,Off,Off,0.000000,FALSE,0,,,,,0.000000,0.000000,-0.050000
02:02:10.112 PM 04/29/2016,Teleop Enabled,10,FALSE,0,NO ERROR,-0.000000,0.218166,-0.000000,0.012833,TRUE,FALSE,TRUE,FALSE,FALSE,FALSE,Disabled,0.000000,0.000000,0.000000,TRUE,-0.043777,-0.132278,0.000000,-0.003342,0.066559,0.000000,0.068000,-0.033000,0.001000,1.700000,-0.460000,-0.050000,-2.708625,Hold,51.417236,45.000000,Hold,-151773.000000,151552.000000,LowGoal,2130.000000,-2181.818182,Speed,2107.500000,-2181.818182,Speed,Off,Off,0.000000,FALSE,0,,,,,0.000000,0.000000,-0.050000
02:02:10.213 PM 04/29/2016,Teleop Enabled,10,FALSE,0,NO ERROR,-0.000000,0.218166,-0.000000,0.012833,TRUE,FALSE,TRUE,FALSE,FALSE,FALSE,Disabled,0.000000,0.000000,0.000000,TRUE,-0.042755,-0.129745,0.000000,0.034119,0.041626,0.000000,-0.074000,-0.078000,0.081000,1.650000,-0.460000,0.000000,-2.725566,Hold,51.417236,45.000000,Hold,-151597.000000,151552.000000,LowGoal,2130.000000,-2181.818182,Speed,2107.500000,-2181.818182,Speed,Off,Off,0.000000,FALSE,0,,,,,0.000000,0.000000,-0.050000
02:02:10.314 PM 04/29/2016,Teleop Enabled,9,FALSE,0,NO ERROR,-0.000000,0.218166,-0.000000,0.006417,TRUE,FALSE,TRUE,FALSE,FALSE,FALSE,Disabled,0.000000,0.000000,0.000000,TRUE,-0.041031,-0.128815,0.000000,0.044571,0.007416,0.000000,0.022000,-0.056000,-0.032000,1.690000,-0.460000,-0.020000,-2.729993,Hold,51.417236,45.000000,Hold,-151523.000000,151552.000000,LowGoal,2130.000000,-2181.818182,Speed,2107.500000,-2181.818182,Speed,Off,Off,0.000000,FALSE,0,,,,,0.000000,0.000000,-0.050000
02:02:10.414 PM 04/29/2016,Teleop Enabled,11,FALSE,0,NO ERROR,-0.000000,0.218166,-0.000000,0.006417,TRUE,FALSE,TRUE,FALSE,FALSE,FALSE,Disabled,0.000000,0.000000,0.000000,TRUE,-0.038361,-0.129089,0.000000,0.000000,-0.014511,0.000000,-0.015000,0.085000,0.013000,1.670000,-0.460000,-0.010000,-2.743619,Hold,51.417236,45.000000,Hold,-151523.000000,151552.000000,LowGoal,2122.500000,-2181.818182,Speed,2107.500000,-2181.818182,Speed,Off,Off,0.000000,FALSE,0,,,,,0.000000,0.000000,-0.050000
02:02:10.516 PM 04/29/2016,Teleop Enabled,11,FALSE,0,NO ERROR,-0.000000,0.218166,-0.000000,0.006417,TRUE,FALSE,TRUE,FALSE,FALSE,FALSE,Disabled,0.000000,0.000000,0.000000,TRUE,-0.038239,-0.128708,0.000000,0.007599,0.024368,0.000000,-0.016000,-0.025000,-0.023000,1.740000,-0.460000,-0.050000,-2.761338,Hold,51.417236,45.000000,Hold,-151403.000000,151552.000000,LowGoal,2130.000000,-2181.818182,Speed,2115.000000,-2181.818182,Speed,Off,Off,0.000000,FALSE,0,,,,,0.000000,0.000000,-0.050000
02:02:10.617 PM 04/29/2016,Teleop Enabled,11,FALSE,0,NO ERROR,-0.000000,0.218166,-0.000000,0.006417,TRUE,FALSE,TRUE,FALSE,FALSE,FALSE,Disabled,0.000000,0.000000,0.000000,TRUE,-0.037949,-0.127609,0.000000,-0.001694,0.000000,0.000000,0.028000,0.001000,0.000000,1.670000,-0.460000,-0.030000,-2.774984,Hold,51.416992,45.000000,Hold,-151403.000000,151552.000000,LowGoal,2130.000000,-2181.818182,Speed,2107.500000,-2181.818182,Speed,Off,Off,0.000000,FALSE,0,,,,,0.000000,0.000000,-0.050000
02:02:10.717 PM 04/29/2016,Teleop Enabled,9,FALSE,0,NO ERROR,-0.000000,0.218166,-0.000000,0.006417,TRUE,FALSE,TRUE,FALSE,FALSE,FALSE,Disabled,0.000000,0.000000,0.000000,TRUE,-0.038681,-0.126251,0.000000,-0.024170,0.048065,0.000000,0.036000,0.028000,-0.011000,1.730000,-0.450000,-0.070000,-2.788307,Hold,51.416992,60.000000,Hold,-151287.000000,151552.000000,LowGoal,2130.000000,-2181.818182,Speed,2107.500000,-2181.818182,Speed,Off,Off,0.000000,FALSE,0,,,,,0.000000,0.000000,-0.050000
02:02:10.818 PM 04/29/2016,Teleop Enabled,10,FALSE,0,NO ERROR,-0.000000,0.218166,-0.000000,0.019250,TRUE,FALSE,TRUE,FALSE,FALSE,FALSE,Disabled,0.000000,0.000000,0.000000,TRUE,-0.039627,-0.124985,0.000000,-0.007080,-0.001480,0.000000,0.045000,-0.004000,0.137000,1.790000,-0.450000,0.240000,-2.837663,Hold,54.437988,60.000000,Hold,-151171.000000,151552.000000,LowGoal,2130.000000,-2181.818182,Speed,2107.500000,-2181.818182,Speed,Off,Off,0.000000,FALSE,0,,,,,0.000000,0.000000,-0.050000
02:02:10.919 PM 04/29/2016,Teleop Enabled,11,FALSE,0,NO ERROR,-0.000000,0.218166,-0.000000,0.019250,TRUE,FALSE,TRUE,FALSE,FALSE,FALSE,Disabled,0.000000,0.000000,0.000000,TRUE,-0.039871,-0.126801,0.000000,-0.011810,-0.060944,0.000000,-0.116000,0.109000,0.111000,1.710000,-0.520000,-0.170000,-2.894265,Hold,62.595459,60.000000,Hold,-151023.000000,151552.000000,LowGoal,2130.000000,-2181.818182,Speed,2115.000000,-2181.818182,Speed,Off,Off,0.000000,FALSE,0,,,,,0.000000,0.000000,-0.050000
02:02:11.019 PM 04/29/2016,Teleop Enabled,11,FALSE,0,NO ERROR,-0.000000,0.224583,-0.000000,-0.044917,TRUE,FALSE,TRUE,FALSE,FALSE,FALSE,Disabled,0.000000,0.000000,0.000000,TRUE,-0.042435,-0.128708,0.000000,-0.037781,-0.020233,0.000000,-0.184000,-0.072000,-0.319000,1.680000,-0.360000,-0.230000,-2.713276,Hold,60.826660,60.000000,Hold,-150933.000000,151552.000000,LowGoal,2070.000000,-2181.818182,Speed,2107.500000,-2181.818182,Speed,Off,Off,0.000000,FALSE,0,,,,,0.000000,0.000000,-0.050000
02:02:11.119 PM 04/29/2016,Teleop Enabled,11,FALSE,0,NO ERROR,-0.000000,0.224583,-0.000000,-0.070583,TRUE,FALSE,TRUE,FALSE,FALSE,FALSE,Disabled,0.000000,0.000000,0.000000,TRUE,-0.046585,-0.132141,0.000000,-0.094757,-0.074997,0.000000,0.057000,-0.031000,-0.488000,1.680000,-0.400000,0.000000,-2.810012,Hold,59.661865,60.000000,Hold,-150931.000000,151552.000000,LowGoal,1972.500000,-2181.818182,Speed,2100.000000,-2181.818182,Speed,Off,Off,0.000000,FALSE,0,,,,,0.000000,0.000000,-0.050000
02:02:11.219 PM 04/29/2016,Teleop Enabled,10,FALSE,0,NO ERROR,-0.000000,0.230999,-0.000000,-0.077000,TRUE,FALSE,TRUE,FALSE,FALSE,FALSE,Disabled,0.000000,0.000000,0.000000,TRUE,-0.049393,-0.135208,0.000000,0.000000,-0.046051,0.000000,0.004000,0.021000,-0.182000,1.740000,-0.510000,0.090000,-2.886289,Hold,59.863525,60.000000,Hold,-150898.000000,151552.000000,LowGoal,2100.000000,-2181.818182,Speed,2107.500000,-2181.818182,Speed,Off,Off,0.000000,FALSE,0,,,,,0.000000,0.000000,-0.050000
02:02:11.321 PM 04/29/2016,Teleop Enabled,9,FALSE,0,NO ERROR,-0.000000,0.230999,-0.000000,-0.077000,TRUE,FALSE,TRUE,FALSE,FALSE,FALSE,Disabled,0.000000,0.000000,0.000000,TRUE,-0.049149,-0.136826,0.000000,0.003311,-0.025269,0.000000,0.021000,-0.010000,0.209000,1.770000,-0.400000,0.210000,-2.813682,Hold,60.234863,60.000000,Hold,-150898.000000,151552.000000,LowGoal,2160.000000,-2181.818182,Speed,2115.000000,-2181.818182,Speed,Off,Off,0.000000,FALSE,0,,,,,0.000000,0.000000,-0.050000
02:02:11.420 PM 04/29/2016,Teleop Enabled,10,FALSE,0,NO ERROR,-0.000000,0.230999,-0.000000,-0.077000,TRUE,FALSE,TRUE,FALSE,FALSE,FALSE,Disabled,0.000000,0.000000,0.000000,TRUE,-0.048981,-0.136932,0.000000,0.011398,-0.008392,0.000000,0.044000,-0.048000,0.221000,1.760000,-0.450000,0.090000,-2.884227,Hold,60.064453,60.000000,Hold,-150904.000000,151552.000000,LowGoal,2152.500000,-2181.818182,Speed,2122.500000,-2181.818182,Speed,Off,Off,0.000000,FALSE,0,,,,,0.000000,0.000000,-0.050000
02:02:11.521 PM 04/29/2016,Teleop Enabled,10,FALSE,0,NO ERROR,-0.000000,0.230999,-0.000000,-0.077000,TRUE,FALSE,TRUE,FALSE,FALSE,FALSE,Disabled,0.000000,0.000000,0.000000,TRUE,-0.048141,-0.138214,0.000000,-0.001236,-0.044830,0.000000,-0.007000,-0.029000,0.118000,1.750000,-0.440000,0.210000,-2.880712,Hold,60.068848,60.000000,Hold,-150962.000000,151552.000000,LowGoal,2137.500000,-2181.818182,Speed,2115.000000,-2181.818182,Speed,Off,Off,0.000000,FALSE,0,,,,,0.000000,0.000000,-0.050000
02:02:11.621 PM 04/29/2016,Teleop Enabled,10,FALSE,0,NO ERROR,-0.000000,0.230999,-0.000000,-0.077000,TRUE,FALSE,TRUE,FALSE,FALSE,FALSE,Disabled,0.000000,0.000000,0.000000,TRUE,-0.048248,-0.140427,0.000000,0.001144,0.000000,0.000000,0.057000,-0.059000,0.046000,1.810000,-0.440000,0.110000,-2.915802,Hold,60.068848,60.000000,Hold,-151051.000000,151552.000000,LowGoal,2130.000000,-2181.818182,Speed,2115.000000,-2181.818182,Speed,Off,Off,0.000000,FALSE,0,,,,,0.000000,0.000000,-0.050000
02:02:11.722 PM 04/29/2016,Teleop Enabled,10,FALSE,0,NO ERROR,-0.000000,0.230999,-0.000000,-0.077000,TRUE,FALSE,TRUE,FALSE,FALSE,FALSE,Disabled,0.000000,0.000000,0.000000,TRUE,-0.046646,-0.142151,0.000000,0.040924,-0.061722,0.000000,-0.063000,-0.019000,-0.017000,1.820000,-0.440000,0.110000,-2.919568,Hold,60.068848,60.000000,Hold,-151137.000000,151552.000000,LowGoal,2130.000000,-2181.818182,Speed,2115.000000,-2181.818182,Speed,Off,Off,0.000000,FALSE,0,,,,,0.000000,0.000000,-0.050000
02:02:11.822 PM 04/29/2016,Teleop Enabled,10,FALSE,0,NO ERROR,-0.000000,0.230999,-0.000000,-0.077000,TRUE,FALSE,TRUE,FALSE,FALSE,FALSE,Disabled,0.000000,0.000000,0.000000,TRUE,-0.045349,-0.145889,0.000000,0.024261,-0.068405,0.000000,-0.041000,0.031000,-0.017000,1.870000,-0.430000,0.080000,-2.931094,Hold,60.068848,60.000000,Hold,-151252.000000,151552.000000,LowGoal,2137.500000,-2181.818182,Speed,2115.000000,-2181.818182,Speed,Off,Off,0.000000,FALSE,0,,,,,0.000000,0.000000,-0.050000
02:02:11.922 PM 04/29/2016,Teleop Enabled,11,FALSE,0,NO ERROR,-0.000000,0.230999,-0.000000,-0.077000,TRUE,FALSE,TRUE,FALSE,FALSE,FALSE,Disabled,0.000000,0.000000,0.000000,TRUE,-0.043716,-0.148911,0.000000,0.030396,-0.044846,0.000000,0.044000,0.035000,0.028000,1.850000,-0.430000,0.090000,-2.942544,Hold,60.068848,60.000000,Hold,-151252.000000,151552.000000,LowGoal,2137.500000,-2181.818182,Speed,2115.000000,-2181.818182,Speed,Off,Off,0.000000,FALSE,0,,,,,0.000000,0.000000,-0.050000
02:02:12.022 PM 04/29/2016,Teleop Enabled,10,FALSE,0,NO ERROR,-0.000000,0.230999,-0.000000,-0.077000,TRUE,FALSE,TRUE,FALSE,FALSE,FALSE,Disabled,0.000000,0.000000,0.000000,TRUE,-0.042450,-0.150528,0.000000,0.015182,-0.022446,0.000000,-0.049000,0.040000,0.025000,1.880000,-0.430000,0.080000,-2.960996,Hold,60.068848,60.000000,Hold,-151380.000000,151552.000000,LowGoal,2137.500000,-2181.818182,Speed,2122.500000,-2181.818182,Speed,Off,Off,0.000000,FALSE,0,,,,,0.000000,0.000000,-0.050000
02:02:12.122 PM 04/29/2016,Teleop Enabled,10,FALSE,0,NO ERROR,-0.000000,0.230999,-0.000000,-0.077000,TRUE,FALSE,TRUE,FALSE,FALSE,FALSE,Disabled,0.000000,0.000000,0.000000,TRUE,-0.042221,-0.150681,0.000000,0.003876,0.011230,0.000000,-0.042000,0.082000,0.041000,1.840000,-0.430000,0.040000,-2.994306,Hold,60.068848,60.000000,Hold,-151491.000000,151552.000000,LowGoal,2130.000000,-2181.818182,Speed,2115.000000,-2181.818182,Speed,Off,Off,0.000000,FALSE,0,,,,,0.000000,0.000000,-0.050000
02:02:12.223 PM 04/29/2016,Teleop Enabled,10,FALSE,0,NO ERROR,-0.000000,0.230999,-0.000000,-0.077000,TRUE,FALSE,TRUE,FALSE,FALSE,FALSE,Disabled,0.000000,0.000000,0.000000,TRUE,-0.041748,-0.148148,0.000000,0.024734,0.063828,0.000000,0.023000,0.039000,-0.025000,1.870000,-0.430000,0.020000,-3.009329,Hold,60.068848,60.000000,Hold,-151655.000000,151552.000000,LowGoal,2137.500000,-2181.818182,Speed,2122.500000,-2181.818182,Speed,Off,Off,0.000000,FALSE,0,,,,,0.000000,0.000000,-0.050000
02:02:12.323 PM 04/29/2016,Teleop Enabled,10,FALSE,0,NO ERROR,-0.000000,0.230999,-0.000000,-0.077000,TRUE,FALSE,TRUE,FALSE,FALSE,FALSE,Disabled,0.000000,0.000000,0.000000,TRUE,-0.041382,-0.145126,0.000000,-0.007599,0.057404,0.000000,-0.001000,-0.027000,0.020000,1.860000,-0.430000,0.040000,-3.036350,Hold,60.068848,60.000000,Hold,-151867.000000,151552.000000,LowGoal,2137.500000,-2181.818182,Speed,2122.500000,-2181.818182,Speed,Off,Off,0.000000,FALSE,0,,,,,0.000000,0.000000,-0.050000
02:02:12.423 PM 04/29/2016,Teleop Enabled,11,FALSE,0,NO ERROR,-0.000000,0.230999,-0.000000,-0.077000,TRUE,FALSE,TRUE,FALSE,FALSE,FALSE,Disabled,0.000000,0.000000,0.000000,TRUE,-0.042130,-0.142273,0.000000,-0.022964,0.048798,0.000000,0.000000,-0.021000,-0.016000,1.880000,-0.430000,0.080000,-3.058365,Hold,60.068848,60.000000,Hold,-152023.000000,151552.000000,LowGoal,2137.500000,-2181.818182,Speed,2115.000000,-2181.818182,Speed,Off,Off,0.000000,FALSE,0,,,,,0.000000,0.000000,-0.050000
02:02:12.523 PM 04/29/2016,Teleop Enabled,10,FALSE,0,NO ERROR,-0.000000,0.230999,-0.000000,-0.077000,TRUE,FALSE,TRUE,FALSE,FALSE,FALSE,Disabled,0.000000,0.000000,0.000000,TRUE,-0.044373,-0.141113,0.000000,-0.057297,0.000000,0.000000,-0.032000,0.028000,0.009000,1.860000,-0.430000,0.060000,-3.068435,Hold,60.068848,0.000732,LowGoal,-152150.000000,122880.000000,LowGoal,2137.500000,-2181.818182,Speed,2122.500000,-2181.818182,Speed,Off,Off,0.000000,FALSE,0,,,,,0.000000,0.000000,-0.050000
02:02:12.624 PM 04/29/2016,Teleop Enabled,11,FALSE,0,NO ERROR,-0.000000,0.230999,-0.000000,-0.102666,TRUE,FALSE,TRUE,FALSE,FALSE,FALSE,Disabled,0.000000,0.000000,0.000000,TRUE,-0.048370,-0.139938,0.000000,-0.092285,0.055466,0.000000,0.007000,0.150000,0.110000,1.780000,-0.380000,-0.670000,-3.022707,Hold,55.591064,0.000732,Hold,-152150.000000,122880.000000,LowGoal,2137.500000,-2181.818182,Speed,2115.000000,-2181.818182,Speed,Off,Off,0.000000,FALSE,0,,,,,0.000000,0.000000,-0.050000
02:02:12.724 PM 04/29/2016,Teleop Enabled,10,FALSE,0,NO ERROR,-0.000000,0.230999,-0.000000,0.025667,TRUE,FALSE,TRUE,FALSE,FALSE,FALSE,Disabled,0.000000,0.000000,0.000000,TRUE,-0.050354,-0.138351,0.000000,-0.000824,-0.001495,0.000000,0.078000,0.063000,0.009000,1.860000,-0.440000,-0.410000,-3.096702,Hold,45.911377,0.000732,LowGoal,-136818.000000,122880.000000,LowGoal,2122.500000,-2181.818182,Speed,2100.000000,-2181.818182,Speed,Off,Off,0.000000,FALSE,0,,,,,0.000000,0.000000,-0.050000
02:02:12.825 PM 04/29/2016,Teleop Enabled,10,FALSE,0,NO ERROR,-0.000000,0.134750,-0.000000,0.218166,TRUE,FALSE,TRUE,FALSE,FALSE,FALSE,Disabled,0.000000,0.000000,0.000000,TRUE,-0.049469,-0.137054,0.000000,0.010468,0.048492,0.000000,-0.018000,0.015000,-0.156000,1.980000,-0.570000,0.090000,-3.264860,Hold,33.035400,0.000732,Hold,-122943.000000,122880.000000,LowGoal,2107.500000,-2181.818182,Speed,2092.500000,-2181.818182,Speed,Off,Off,0.000000,FALSE,0,,,,,0.000000,0.000000,-0.050000
02:02:12.925 PM 04/29/2016,Teleop Enabled,10,FALSE,0,NO ERROR,-0.000000,0.070583,-0.000000,0.288749,TRUE,FALSE,TRUE,FALSE,FALSE,FALSE,Disabled,0.000000,0.000000,0.000000,TRUE,-0.049591,-0.136459,0.000000,0.006805,0.024460,0.000000,-0.004000,-0.001000,0.135000,1.970000,-0.590000,-0.160000,-3.323339,Hold,17.938232,0.000732,LowGoal,-123647.000000,122880.000000,LowGoal,2122.500000,-2181.818182,Speed,2107.500000,-2181.818182,Speed,Off,Off,0.000000,FALSE,0,,,,,0.000000,0.000000,-0.050000
02:02:13.025 PM 04/29/2016,Teleop Enabled,11,FALSE,0,NO ERROR,-0.000000,0.057750,-0.000000,0.288749,TRUE,FALSE,TRUE,FALSE,FALSE,FALSE,Disabled,0.000000,0.000000,0.000000,TRUE,-0.049225,-0.136475,0.000000,0.000839,-0.026947,0.000000,-0.082000,-0.015000,-0.093000,2.010000,-0.540000,0.010000,-3.285935,Hold,8.156738,0.000732,Hold,-123336.000000,122880.000000,LowGoal,2130.000000,-2181.818182,Speed,2122.500000,-2181.818182,Speed,Off,Off,0.000000,FALSE,0,,,,,0.000000,0.000000,-0.050000
02:02:13.125 PM 04/29/2016,Teleop Enabled,10,FALSE,0,NO ERROR,-0.000000,0.211750,-0.000000,-0.134750,TRUE,FALSE,TRUE,FALSE,FALSE,FALSE,Disabled,0.000000,0.000000,0.000000,TRUE,-0.056213,-0.135651,0.000000,-0.154617,0.035034,0.000000,0.233000,0.012000,-0.431000,2.000000,-0.460000,-0.550000,-3.244852,Hold,0.844482,0.000732,Hold,-123015.000000,122880.000000,LowGoal,2137.500000,-2181.818182,Speed,2130.000000,-2181.818182,Speed,Off,Off,0.000000,FALSE,0,,,,,0.000000,0.000000,-0.050000
02:02:13.225 PM 04/29/2016,Teleop Enabled,11,FALSE,0,NO ERROR,-0.000000,0.622415,-0.000000,-0.423499,TRUE,FALSE,TRUE,FALSE,FALSE,FALSE,Disabled,0.000000,0.000000,0.000000,TRUE,-0.058350,-0.133759,0.000000,0.012924,0.050842,0.000000,0.042000,0.069000,0.280000,1.960000,-0.670000,-0.560000,-3.451275,Hold,1.693848,0.000732,Hold,-123015.000000,122880.000000,LowGoal,2137.500000,-2181.818182,Speed,2137.500000,-2181.818182,Speed,Off,Off,0.000000,FALSE,0,,,,,0.000000,0.000000,-0.050000
02:02:13.326 PM 04/29/2016,Teleop Enabled,11,FALSE,0,NO ERROR,-0.000000,0.641665,-0.000000,-0.474832,TRUE,FALSE,TRUE,FALSE,FALSE,FALSE,Disabled,0.000000,0.000000,0.000000,TRUE,-0.056870,-0.130829,0.000000,0.013428,0.065002,0.000000,0.043000,-0.074000,0.198000,1.950000,-0.600000,0.330000,-3.414016,Hold,1.542725,0.000732,Hold,-123148.000000,122880.000000,LowGoal,2145.000000,-2181.818182,Speed,2137.500000,-2181.818182,Speed,Off,Off,0.000000,FALSE,0,,,,,0.000000,0.000000,-0.050000
02:02:13.425 PM 04/29/2016,Teleop Enabled,10,FALSE,0,NO ERROR,-0.000000,0.737915,-0.000000,-0.558249,TRUE,FALSE,TRUE,FALSE,FALSE,FALSE,Disabled,0.000000,0.000000,0.000000,TRUE,-0.056824,-0.127350,0.000000,-0.001587,0.077209,0.000000,0.150000,0.010000,0.000000,1.900000,-0.670000,-0.050000,-3.536351,Hold,1.201660,0.000732,Hold,-122931.000000,122880.000000,LowGoal,2137.500000,-2181.818182,Speed,2130.000000,-2181.818182,Speed,Off,Off,0.000000,FALSE,0,,,,,0.000000,0.000000,-0.050000
02:02:13.525 PM 04/29/2016,Teleop Enabled,11,FALSE,0,NO ERROR,-0.000000,0.737915,-0.000000,-0.436332,TRUE,FALSE,TRUE,FALSE,FALSE,FALSE,Disabled,0.000000,0.000000,0.000000,TRUE,-0.055359,-0.126938,0.000000,0.016388,0.027054,0.000000,0.080000,0.017000,0.154000,2.030000,-0.600000,0.070000,-3.434131,Hold,0.997070,0.000732,Hold,-122997.000000,122880.000000,LowGoal,2145.000000,-2181.818182,Speed,2130.000000,-2181.818182,Speed,Off,Off,0.000000,FALSE,0,,,,,0.000000,0.000000,-0.050000
02:02:13.625 PM 04/29/2016,Teleop Enabled,11,FALSE,0,NO ERROR,-0.000000,0.660915,-0.000000,-0.384999,TRUE,FALSE,TRUE,FALSE,FALSE,FALSE,Disabled,0.000000,0.000000,0.000000,TRUE,-0.053558,-0.125366,0.000000,0.047363,0.021423,0.000000,0.006000,-0.068000,-0.002000,1.960000,-0.680000,0.080000,-3.556190,Hold,0.991699,0.000732,Hold,-122941.000000,122880.000000,LowGoal,2145.000000,-2181.818182,Speed,2137.500000,-2181.818182,Speed,Off,Off,0.000000,FALSE,0,,,,,0.000000,0.000000,-0.050000
02:02:13.725 PM 04/29/2016,Teleop Enabled,11,FALSE,0,NO ERROR,-0.000000,0.660915,-0.000000,-0.384999,TRUE,FALSE,TRUE,FALSE,FALSE,FALSE,Disabled,0.000000,0.000000,0.000000,TRUE,-0.052933,-0.126556,0.000000,0.037628,-0.048050,0.000000,0.090000,-0.099000,0.009000,1.990000,-0.690000,-0.220000,-3.541766,Hold,0.991455,0.000732,Hold,-122981.000000,122880.000000,LowGoal,2145.000000,-2181.818182,Speed,2137.500000,-2181.818182,Speed,Off,Off,0.000000,FALSE,0,,,,,0.000000,0.000000,-0.050000
02:02:13.825 PM 04/29/2016,Teleop Enabled,10,FALSE,0,NO ERROR,-0.000000,0.654498,-0.000000,-0.372166,TRUE,FALSE,TRUE,FALSE,FALSE,FALSE,Disabled,0.000000,0.000000,0.000000,TRUE,-0.049301,-0.131897,0.000000,0.067993,-0.146042,0.000000,0.000000,-0.037000,0.144000,1.930000,-0.610000,0.010000,-3.518263,Hold,0.991455,0.000732,Hold,-122981.000000,122880.000000,Shoot,2145.000000,-2181.818182,Speed,2130.000000,-2181.818182,Speed,Off,On,0.000000,FALSE,0,,,,,0.000000,0.000000,-0.050000
02:02:13.926 PM 04/29/2016,Teleop Enabled,10,FALSE,0,NO ERROR,-0.000000,0.654498,-0.000000,-0.378582,TRUE,FALSE,TRUE,FALSE,FALSE,FALSE,Disabled,0.000000,0.000000,0.000000,TRUE,-0.047882,-0.140900,0.000000,0.054337,-0.198120,0.000000,0.107000,-0.014000,0.269000,1.880000,-0.680000,-0.160000,-3.552868,Hold,0.991211,0.000732,Hold,-122981.000000,122880.000000,Shoot,2145.000000,-2181.818182,Speed,2137.500000,-2181.818182,Speed,Off,On,0.000000,FALSE,0,,,,,0.000000,0.000000,-0.050000
02:02:14.027 PM 04/29/2016,Teleop Enabled,9,FALSE,0,NO ERROR,-0.000000,0.654498,-0.000000,-0.378582,TRUE,FALSE,TRUE,FALSE,FALSE,FALSE,Disabled,0.000000,0.000000,0.000000,TRUE,-0.043854,-0.150558,0.000000,0.000000,-0.189331,0.000000,-0.023000,-0.024000,0.046000,1.840000,-0.650000,-0.040000,-3.540967,Hold,0.987793,0.000732,Hold,-122981.000000,122880.000000,Shoot,2145.000000,-2181.818182,Speed,2137.500000,-2181.818182,Speed,Off,On,0.000000,FALSE,0,,,,,0.000000,0.000000,-0.050000
02:02:14.127 PM 04/29/2016,Teleop Enabled,11,FALSE,0,NO ERROR,-0.000000,0.654498,-0.000000,-0.378582,TRUE,FALSE,TRUE,FALSE,FALSE,FALSE,Disabled,0.000000,0.000000,0.000000,TRUE,-0.044037,-0.160690,0.000000,0.000000,-0.211624,0.000000,-0.033000,0.015000,-0.081000,1.800000,-0.650000,-0.050000,-3.571437,Hold,0.987305,0.000732,Hold,-122980.000000,122880.000000,Shoot,2145.000000,-2181.818182,Speed,2137.500000,-2181.818182,Speed,On,On,0.000000,FALSE,0,,,,,0.000000,0.000000,-0.050000
02:02:14.228 PM 04/29/2016,Teleop Enabled,10,FALSE,0,NO ERROR,-0.000000,0.654498,-0.000000,-0.397832,TRUE,FALSE,FALSE,FALSE,FALSE,FALSE,Disabled,0.000000,0.000000,0.000000,TRUE,-0.046432,-0.171783,0.000000,-0.043869,-0.185577,0.000000,-0.090000,-0.104000,0.088000,1.790000,-0.650000,-0.120000,-3.583727,Hold,0.987061,0.000732,Hold,-122980.000000,122880.000000,Shoot,2122.500000,-2181.818182,Speed,2115.000000,-2181.818182,Speed,On,On,0.000000,FALSE,0,,,,,0.000000,0.000000,-0.050000
02:02:14.329 PM 04/29/2016,Teleop Enabled,9,FALSE,0,NO ERROR,-0.000000,0.654498,-0.000000,-0.468416,TRUE,FALSE,FALSE,FALSE,FALSE,FALSE,Disabled,0.000000,0.000000,0.000000,TRUE,-0.047836,-0.181976,0.000000,0.000000,-0.205627,0.000000,-0.021000,0.016000,-0.048000,1.820000,-0.640000,-0.130000,-3.600241,Hold,0.986572,0.000732,Hold,-122977.000000,122880.000000,Shoot,1507.500000,-2181.818182,Speed,1522.500000,-2181.818182,Speed,On,On,0.000000,FALSE,0,,,,,0.000000,0.000000,-0.050000
02:02:14.429 PM 04/29/2016,Teleop Enabled,9,FALSE,0,NO ERROR,-0.000000,0.654498,-0.000000,-0.468416,TRUE,FALSE,FALSE,FALSE,FALSE,FALSE,Disabled,0.000000,0.000000,0.000000,TRUE,-0.048157,-0.183868,0.000000,-0.023010,0.021805,0.000000,-0.021000,0.170000,-0.146000,1.780000,-0.630000,0.000000,-3.611412,Hold,0.986572,0.000732,Hold,-122977.000000,122880.000000,Shoot,1665.000000,-2181.818182,Speed,1882.500000,-2181.818182,Speed,On,On,0.000000,FALSE,0,,,,,0.000000,0.000000,-0.050000
02:02:14.529 PM 04/29/2016,Teleop Enabled,9,FALSE,0,NO ERROR,-0.000000,0.654498,-0.000000,-0.442749,TRUE,FALSE,FALSE,FALSE,FALSE,FALSE,Disabled,0.000000,0.000000,0.000000,TRUE,-0.051102,-0.178146,0.000000,-0.078049,0.174149,0.000000,0.016000,0.087000,-0.031000,1.830000,-0.650000,-0.030000,-3.644282,Hold,0.986572,0.000732,Hold,-122977.000000,122880.000000,Shoot,2062.500000,-2181.818182,Speed,2220.000000,-2181.818182,Speed,On,On,0.000000,FALSE,0,,,,,0.000000,0.000000,-0.050000
02:02:14.629 PM 04/29/2016,Teleop Enabled,10,FALSE,0,NO ERROR,-0.000000,0.654498,-0.000000,-0.417082,TRUE,FALSE,FALSE,FALSE,FALSE,FALSE,Disabled,0.000000,0.000000,0.000000,TRUE,-0.051071,-0.172302,0.000000,0.001968,0.000000,0.000000,-0.026000,0.009000,-0.032000,1.810000,-0.640000,0.000000,-3.656217,Hold,0.986328,0.000732,Hold,-122977.000000,122880.000000,Shoot,2205.000000,-2181.818182,Speed,2205.000000,-2181.818182,Speed,On,On,0.000000,FALSE,0,,,,,0.000000,0.000000,-0.050000
02:02:14.730 PM 04/29/2016,Teleop Enabled,10,FALSE,0,NO ERROR,-0.000000,0.654498,-0.000000,-0.410666,TRUE,FALSE,FALSE,FALSE,FALSE,FALSE,Disabled,0.000000,0.000000,0.000000,TRUE,-0.051178,-0.171112,0.000000,0.000214,0.043686,0.000000,0.019000,0.025000,-0.035000,1.810000,-0.640000,0.000000,-3.661078,Hold,0.986084,0.000732,Hold,-122977.000000,122880.000000,Shoot,2175.000000,-2181.818182,Speed,2107.500000,-2181.818182,Speed,On,On,0.000000,FALSE,0,,,,,0.000000,0.000000,-0.050000
02:02:14.830 PM 04/29/2016,Teleop Enabled,9,FALSE,0,NO ERROR,-0.000000,0.654498,-0.000000,-0.410666,TRUE,FALSE,FALSE,FALSE,FALSE,FALSE,Disabled,0.000000,0.000000,0.000000,TRUE,-0.050903,-0.167130,0.000000,-0.001160,0.105316,0.000000,0.010000,0.002000,-0.048000,1.830000,-0.650000,-0.050000,-3.702148,Hold,0.986084,0.000732,Hold,-122977.000000,122880.000000,Shoot,2145.000000,-2181.818182,Speed,2077.500000,-2181.818182,Speed,On,On,0.000000,FALSE,0,,,,,0.000000,0.000000,-0.050000
02:02:14.929 PM 04/29/2016,Teleop Enabled,10,FALSE,0,NO ERROR,-0.000000,0.654498,-0.000000,-0.410666,TRUE,FALSE,FALSE,FALSE,FALSE,FALSE,Disabled,0.000000,0.000000,0.000000,TRUE,-0.051086,-0.165970,0.000000,-0.020920,0.004944,0.000000,-0.103000,-0.060000,-0.075000,1.860000,-0.650000,0.010000,-3.711976,Hold,0.985840,0.000732,Hold,-122977.000000,122880.000000,Shoot,2122.500000,-2181.818182,Speed,2115.000000,-2181.818182,Speed,On,On,0.000000,FALSE,0,,,,,0.000000,0.000000,-0.050000
02:02:15.031 PM 04/29/2016,Teleop Enabled,9,FALSE,0,NO ERROR,-0.000000,0.654498,-0.000000,-0.410666,TRUE,FALSE,FALSE,FALSE,FALSE,FALSE,Disabled,0.000000,0.000000,0.000000,TRUE,-0.054031,-0.166794,0.000000,-0.063889,-0.037369,0.000000,0.033000,-0.010000,0.042000,1.860000,-0.650000,0.010000,-3.741186,Hold,0.985840,0.000732,Hold,-122977.000000,122880.000000,Shoot,2122.500000,-2181.818182,Speed,2130.000000,-2181.818182,Speed,On,On,0.000000,FALSE,0,,,,,0.000000,0.000000,-0.050000
02:02:15.132 PM 04/29/2016,Teleop Enabled,10,FALSE,0,NO ERROR,-0.000000,0.654498,-0.000000,-0.410666,TRUE,FALSE,FALSE,FALSE,FALSE,FALSE,Disabled,0.000000,0.000000,0.000000,TRUE,-0.056152,-0.168213,0.000000,-0.016434,-0.025589,0.000000,0.033000,-0.010000,0.042000,1.790000,-0.650000,0.000000,-3.760678,Hold,0.985840,0.000732,Hold,-122977.000000,122880.000000,Shoot,2130.000000,-2181.818182,Speed,2115.000000,-2181.818182,Speed,On,On,0.000000,FALSE,0,,,,,0.000000,0.000000,-0.050000
02:02:15.231 PM 04/29/2016,Teleop Enabled,9,FALSE,0,NO ERROR,-0.000000,0.654498,-0.000000,-0.410666,TRUE,FALSE,FALSE,FALSE,FALSE,FALSE,Disabled,0.000000,0.000000,0.000000,TRUE,-0.055420,-0.171982,0.000000,0.037674,-0.099457,0.000000,0.017000,-0.098000,0.012000,1.810000,-0.650000,0.000000,-3.772149,Hold,0.985596,0.000732,Hold,-122977.000000,122880.000000,Shoot,2137.500000,-2181.818182,Speed,2115.000000,-2181.818182,Speed,On,On,0.000000,FALSE,0,,,,,0.000000,0.000000,-0.050000
02:02:15.333 PM 04/29/2016,Teleop Enabled,11,FALSE,0,NO ERROR,-0.000000,0.654498,-0.000000,-0.417082,TRUE,FALSE,FALSE,FALSE,FALSE,FALSE,Disabled,0.000000,0.000000,0.000000,TRUE,-0.052536,-0.173492,0.000000,0.064362,-0.026382,0.000000,-0.053000,-0.046000,0.015000,1.750000,-0.650000,0.040000,-3.776290,Hold,0.985596,0.000732,Hold,-122977.000000,122880.000000,Shoot,2137.500000,-2181.818182,Speed,2115.000000,-2181.818182,Speed,On,On,0.000000,FALSE,0,,,,,0.000000,0.000000,-0.050000
02:02:15.433 PM 04/29/2016,Teleop Enabled,8,FALSE,0,NO ERROR,-0.000000,0.654498,-0.000000,-0.417082,TRUE,FALSE,FALSE,FALSE,FALSE,FALSE,Disabled,0.000000,0.000000,0.000000,TRUE,-0.049622,-0.174240,0.000000,0.063019,0.000000,0.000000,-0.053000,-0.046000,0.015000,1.780000,-0.650000,0.090000,-3.783530,Hold,0.985596,0.000732,Hold,-122977.000000,122880.000000,Dwell,2130.000000,-2181.818182,Speed,2122.500000,-2181.818182,Speed,Off,On,0.000000,FALSE,0,,,,,0.000000,0.000000,-0.050000
02:02:15.533 PM 04/29/2016,Teleop Enabled,10,FALSE,0,NO ERROR,-0.000000,0.654498,-0.000000,-0.417082,TRUE,FALSE,FALSE,FALSE,FALSE,FALSE,Disabled,0.000000,0.000000,0.000000,TRUE,-0.049240,-0.174179,0.000000,-0.011810,0.005920,0.000000,-0.005000,-0.012000,0.014000,1.780000,-0.650000,0.090000,-3.805789,Hold,0.985596,0.000732,Hold,-122977.000000,122880.000000,Dwell,2130.000000,-2181.818182,Speed,2122.500000,-2181.818182,Speed,Off,On,0.000000,FALSE,0,,,,,0.000000,0.000000,-0.050000
02:02:15.634 PM 04/29/2016,Teleop Enabled,8,FALSE,0,NO ERROR,-0.000000,0.654498,-0.000000,-0.417082,TRUE,FALSE,FALSE,FALSE,FALSE,FALSE,Disabled,0.000000,0.000000,0.000000,TRUE,-0.048950,-0.173462,0.000000,0.013184,0.022552,0.000000,0.022000,-0.018000,-0.033000,1.810000,-0.660000,0.020000,-3.809208,Hold,0.985352,0.000732,Hold,-122977.000000,122880.000000,Dwell,2130.000000,-2181.818182,Speed,2115.000000,-2181.818182,Speed,Off,On,0.000000,FALSE,0,,,,,0.000000,0.000000,-0.050000
02:02:15.734 PM 04/29/2016,Teleop Enabled,9,FALSE,0,NO ERROR,-0.000000,0.654498,-0.000000,-0.417082,TRUE,FALSE,FALSE,FALSE,FALSE,FALSE,Disabled,0.000000,0.000000,0.000000,TRUE,-0.048996,-0.172729,0.000000,-0.003967,0.002609,0.000000,0.005000,-0.020000,0.025000,1.810000,-0.650000,0.060000,-3.831856,Hold,0.985352,0.000732,Hold,-122977.000000,122880.000000,Dwell,2130.000000,-2181.818182,Speed,2122.500000,-2181.818182,Speed,Off,On,0.000000,FALSE,0,,,,,0.000000,0.000000,-0.050000
02:02:15.833 PM 04/29/2016,Teleop Enabled,9,FALSE,0,NO ERROR,-0.000000,0.654498,-0.000000,-0.417082,TRUE,FALSE,FALSE,FALSE,FALSE,FALSE,Disabled,0.000000,0.000000,0.000000,TRUE,-0.049088,-0.171280,0.000000,-0.000412,0.045914,0.000000,0.002000,0.056000,-0.049000,1.780000,-0.660000,0.040000,-3.822341,Hold,0.985352,0.000732,Hold,-122977.000000,122880.000000,Dwell,2130.000000,-2181.818182,Speed,2122.500000,-2181.818182,Speed,Off,On,0.000000,FALSE,0,,,,,0.000000,0.000000,-0.050000
02:02:15.933 PM 04/29/2016,Teleop Enabled,11,FALSE,0,NO ERROR,-0.000000,0.654498,-0.000000,-0.417082,TRUE,FALSE,FALSE,FALSE,FALSE,FALSE,Disabled,0.000000,0.000000,0.000000,TRUE,-0.049088,-0.171280,0.000000,-0.000412,0.045914,0.000000,-0.125000,0.110000,-0.107000,1.820000,-0.660000,0.030000,-3.826896,Hold,0.985352,0.000732,Hold,-122977.000000,122880.000000,Dwell,2130.000000,-2181.818182,Speed,2115.000000,-2181.818182,Speed,Off,On,0.000000,FALSE,0,,,,,0.000000,0.000000,-0.050000
02:02:16.033 PM 04/29/2016,Teleop Enabled,11,FALSE,0,NO ERROR,-0.000000,0.654498,-0.000000,-0.417082,TRUE,FALSE,FALSE,FALSE,FALSE,FALSE,Disabled,0.000000,0.000000,0.000000,TRUE,-0.052109,-0.169037,0.000000,-0.073883,0.002045,0.000000,-0.074000,-0.015000,-0.011000,1.810000,-0.660000,0.040000,-3.834466,Hold,0.985107,0.000732,Hold,-122977.000000,122880.000000,Dwell,2130.000000,-2181.818182,Speed,2122.500000,-2181.818182,Speed,Off,On,0.000000,FALSE,0,,,,,0.000000,0.000000,-0.050000
02:02:16.134 PM 04/29/2016,Teleop Enabled,10,FALSE,0,NO ERROR,-0.000000,0.654498,-0.000000,-0.417082,TRUE,FALSE,FALSE,FALSE,FALSE,FALSE,Disabled,0.000000,0.000000,0.000000,TRUE,-0.057495,-0.168839,0.000000,-0.115479,0.004669,0.000000,-0.032000,-0.046000,0.003000,1.820000,-0.650000,0.050000,-3.834466,Hold,0.985107,45.000000,Hold,-122977.000000,151552.000000,Dwell,2130.000000,-2181.818182,Speed,2122.500000,-2181.818182,Speed,Off,On,0.000000,FALSE,0,,,,,0.000000,0.000000,-0.050000
02:02:16.237 PM 04/29/2016,Teleop Enabled,9,FALSE,0,NO ERROR,-0.000000,0.654498,-0.000000,-0.417082,TRUE,FALSE,FALSE,FALSE,FALSE,FALSE,Disabled,0.000000,0.000000,0.000000,TRUE,-0.061005,-0.168274,0.000000,0.008347,0.028107,0.000000,0.131000,0.008000,0.048000,1.820000,-0.660000,0.050000,-3.856990,Hold,3.940186,45.000000,Hold,-129741.000000,151552.000000,Dwell,2130.000000,-2181.818182,Speed,2115.000000,-2181.818182,Speed,Off,On,0.000000,FALSE,0,,,,,0.000000,0.000000,-0.050000
02:02:16.337 PM 04/29/2016,Teleop Enabled,11,FALSE,0,NO ERROR,-0.000000,0.654498,-0.000000,-0.423499,TRUE,FALSE,FALSE,FALSE,FALSE,FALSE,Disabled,0.000000,0.000000,0.000000,TRUE,-0.059097,-0.168243,0.000000,0.032669,-0.013916,0.000000,0.028000,0.037000,0.106000,1.900000,-0.710000,0.310000,-3.916209,Hold,6.231201,45.000000,Hold,-152804.000000,151552.000000,Dwell,2115.000000,-2181.818182,Speed,2100.000000,-2181.818182,Speed,Off,On,0.000000,FALSE,0,,,,,0.000000,0.000000,-0.050000
02:02:16.439 PM 04/29/2016,Teleop Enabled,11,FALSE,0,NO ERROR,-0.000000,0.654498,-0.000000,-0.461999,TRUE,FALSE,FALSE,FALSE,FALSE,FALSE,Disabled,0.000000,0.000000,0.000000,TRUE,-0.046036,-0.166428,0.000000,0.358627,0.078369,0.000000,-0.102000,0.227000,-0.059000,1.880000,-0.730000,0.470000,-3.968753,Hold,9.666504,45.000000,Hold,-151419.000000,151552.000000,Dwell,2062.500000,-2181.818182,Speed,2062.500000,-2181.818182,Speed,Off,On,0.000000,FALSE,0,,,,,0.000000,0.000000,-0.050000
02:02:16.538 PM 04/29/2016,Teleop Enabled,9,FALSE,0,NO ERROR,-0.000000,0.654498,-0.000000,-0.468416,TRUE,FALSE,FALSE,FALSE,FALSE,FALSE,Disabled,0.000000,0.000000,0.000000,TRUE,-0.028000,-0.162262,0.000000,0.364822,0.000000,0.000000,0.106000,-0.028000,0.058000,1.830000,-0.730000,0.500000,-3.971676,Hold,13.731445,45.000000,Hold,-151419.000000,151552.000000,Dwell,2047.500000,-2181.818182,Speed,2085.000000,-2181.818182,Speed,Off,On,0.000000,FALSE,0,,,,,0.000000,0.000000,-0.050000
02:02:16.638 PM 04/29/2016,Teleop Enabled,11,FALSE,0,NO ERROR,-0.000000,0.654498,-0.000000,-0.468416,TRUE,FALSE,FALSE,FALSE,FALSE,FALSE,Disabled,0.000000,0.000000,0.000000,TRUE,-0.009354,-0.162399,0.000000,0.358871,0.000107,0.000000,-0.018000,0.051000,-0.010000,1.860000,-0.740000,0.540000,-3.985618,Hold,18.682373,45.000000,Hold,-151670.000000,151552.000000,Empty,2100.000000,0.000000,Speed,2115.000000,0.000000,Speed,Off,On,0.000000,FALSE,0,,,,,0.000000,0.000000,-0.050000
02:02:16.739 PM 04/29/2016,Teleop Enabled,10,FALSE,0,NO ERROR,-0.000000,0.654498,-0.000000,-0.468416,TRUE,FALSE,FALSE,FALSE,FALSE,FALSE,Disabled,0.000000,0.000000,0.000000,TRUE,0.008011,-0.161987,0.000000,0.349152,0.009659,0.000000,-0.026000,0.011000,0.054000,1.840000,-0.730000,0.480000,-4.009864,Hold,23.435791,45.000000,Hold,-151624.000000,151552.000000,Empty,2107.500000,0.000000,Speed,2092.500000,0.000000,Speed,Off,On,0.000000,FALSE,0,,,,,0.000000,0.000000,-0.050000
02:02:16.838 PM 04/29/2016,Teleop Enabled,10,FALSE,0,NO ERROR,-0.000000,0.654498,-0.000000,-0.468416,TRUE,FALSE,FALSE,FALSE,FALSE,FALSE,Disabled,0.000000,0.000000,0.000000,TRUE,0.025513,-0.161163,0.000000,0.339935,0.000000,0.000000,0.002000,-0.028000,0.024000,1.870000,-0.720000,0.490000,-4.030048,Hold,30.472412,45.000000,Hold,-151481.000000,151552.000000,Empty,2055.000000,0.000000,Speed,2002.500000,0.000000,Speed,Off,On,0.000000,FALSE,0,,,,,0.000000,0.000000,-0.050000
02:02:16.940 PM 04/29/2016,Teleop Enabled,12,FALSE,0,NO ERROR,-0.000000,0.654498,-0.000000,-0.468416,TRUE,FALSE,FALSE,FALSE,FALSE,FALSE,Disabled,0.000000,0.000000,0.000000,TRUE,0.046463,-0.161774,0.000000,0.356339,-0.008850,0.000000,-0.002000,0.008000,-0.090000,1.870000,-0.740000,0.540000,-4.044056,Hold,38.475586,45.000000,Hold,-151330.000000,151552.000000,Empty,1972.500000,0.000000,Speed,1875.000000,0.000000,Speed,Off,On,0.000000,FALSE,0,,,,,0.000000,0.000000,-0.050000
02:02:17.039 PM 04/29/2016,Teleop Enabled,10,FALSE,0,NO ERROR,-0.000000,0.654498,-0.000000,-0.461999,TRUE,FALSE,FALSE,FALSE,FALSE,FALSE,Disabled,0.000000,0.000000,0.000000,TRUE,0.060928,-0.162048,0.000000,0.000000,-0.010681,0.000000,0.105000,0.046000,-0.003000,1.820000,-0.790000,0.460000,-4.171003,Hold,47.711914,45.000000,Hold,-151168.000000,151552.000000,Empty,1912.500000,0.000000,Speed,1755.000000,0.000000,Speed,Off,On,0.000000,FALSE,0,,,,,0.000000,0.000000,-0.050000
02:02:17.140 PM 04/29/2016,Teleop Enabled,11,FALSE,0,NO ERROR,-0.000000,0.654498,-0.000000,-0.372166,TRUE,FALSE,FALSE,FALSE,FALSE,FALSE,Disabled,0.000000,0.000000,0.000000,TRUE,0.062408,-0.161514,0.000000,0.030777,0.032547,0.000000,-0.178000,-0.038000,-0.047000,1.930000,-0.780000,0.280000,-4.179995,Hold,51.629395,45.000000,Hold,-151099.000000,151552.000000,Empty,1837.500000,0.000000,Speed,1657.500000,0.000000,Speed,Off,On,0.000000,FALSE,0,,,,,0.000000,0.000000,-0.050000
02:02:17.240 PM 04/29/2016,Teleop Enabled,11,FALSE,0,NO ERROR,-0.000000,0.654498,-0.000000,-0.372166,TRUE,FALSE,FALSE,FALSE,FALSE,FALSE,Disabled,0.000000,0.000000,0.000000,TRUE,0.061691,-0.160202,0.000000,-0.035095,0.020477,0.000000,0.008000,0.015000,-0.147000,1.920000,-0.710000,-0.030000,-4.118983,Hold,51.456299,45.000000,Hold,-151099.000000,151552.000000,Empty,1762.500000,0.000000,Speed,1522.500000,0.000000,Speed,Off,On,0.000000,FALSE,0,,,,,0.000000,0.000000,-0.050000
02:02:17.340 PM 04/29/2016,Teleop Enabled,9,FALSE,0,NO ERROR,-0.000000,0.654498,-0.000000,-0.372166,TRUE,FALSE,FALSE,FALSE,FALSE,FALSE,Disabled,0.000000,0.000000,0.000000,TRUE,0.059540,-0.160309,0.000000,-0.055801,-0.021255,0.000000,0.034000,0.034000,-0.155000,1.880000,-0.710000,0.230000,-4.152648,Hold,51.028564,45.000000,Hold,-150987.000000,151552.000000,Empty,1695.000000,0.000000,Speed,1432.500000,0.000000,Speed,Off,On,0.000000,FALSE,0,,,,,0.000000,0.000000,-0.050000
02:02:17.440 PM 04/29/2016,Teleop Enabled,10,FALSE,0,NO ERROR,-0.000000,0.654498,-0.000000,-0.384999,TRUE,FALSE,FALSE,FALSE,FALSE,FALSE,Disabled,0.000000,0.000000,0.000000,TRUE,0.056976,-0.161148,0.000000,-0.051544,-0.011414,0.000000,-0.049000,0.028000,0.001000,1.920000,-0.690000,0.190000,-4.151364,Hold,51.002930,45.000000,Hold,-150913.000000,151552.000000,Empty,1620.000000,0.000000,Speed,1327.500000,0.000000,Speed,Off,On,0.000000,FALSE,0,,,,,0.000000,0.000000,-0.050000
02:02:17.540 PM 04/29/2016,Teleop Enabled,10,FALSE,0,NO ERROR,-0.000000,0.654498,-0.000000,-0.384999,TRUE,FALSE,FALSE,FALSE,FALSE,FALSE,Disabled,0.000000,0.000000,0.000000,TRUE,0.053299,-0.161880,0.000000,-0.083878,-0.013779,0.000000,-0.018000,0.020000,-0.043000,1.910000,-0.700000,0.130000,-4.199453,Hold,51.001953,45.000000,Hold,-150896.000000,151552.000000,Empty,1560.000000,0.000000,Speed,1222.500000,0.000000,Speed,Off,On,0.000000,FALSE,0,,,,,0.000000,0.000000,-0.050000
02:02:17.640 PM 04/29/2016,Teleop Enabled,9,FALSE,0,NO ERROR,-0.000000,0.654498,-0.000000,-0.384999,TRUE,FALSE,FALSE,FALSE,FALSE,FALSE,Disabled,0.000000,0.000000,0.000000,TRUE,0.052612,-0.162506,0.000000,-0.013443,-0.013077,0.000000,-0.016000,-0.014000,-0.017000,1.920000,-0.700000,0.080000,-4.210889,Hold,51.000732,45.000000,Hold,-150905.000000,151552.000000,Empty,1500.000000,0.000000,Speed,1117.500000,0.000000,Speed,Off,On,0.000000,FALSE,0,,,,,0.000000,0.000000,-0.050000
02:02:17.740 PM 04/29/2016,Teleop Enabled,10,FALSE,0,NO ERROR,-0.000000,0.654498,-0.000000,-0.384999,TRUE,FALSE,FALSE,FALSE,FALSE,FALSE,Disabled,0.000000,0.000000,0.000000,TRUE,0.052414,-0.163239,0.000000,0.000000,0.000000,0.000000,0.058000,-0.019000,-0.035000,1.860000,-0.700000,0.080000,-4.237610,Hold,51.000732,45.000000,Hold,-150959.000000,151552.000000,Empty,1432.500000,0.000000,Speed,1020.000000,0.000000,Speed,Off,On,0.000000,FALSE,0,,,,,0.000000,0.000000,-0.050000
02:02:17.840 PM 04/29/2016,Teleop Enabled,9,FALSE,0,NO ERROR,-0.000000,0.654498,-0.000000,-0.384999,TRUE,FALSE,FALSE,FALSE,FALSE,FALSE,Disabled,0.000000,0.000000,0.000000,TRUE,0.052826,-0.163681,0.000000,0.011154,-0.022247,0.000000,-0.040000,0.027000,0.035000,1.820000,-0.700000,0.120000,-4.265354,Hold,51.000488,45.000000,Hold,-150959.000000,151552.000000,Suck,1365.000000,1818.181818,Speed,945.000000,1818.181818,Speed,Off,On,0.000000,FALSE,0,,,,,0.000000,0.000000,-0.050000
02:02:17.940 PM 04/29/2016,Teleop Enabled,10,FALSE,0,NO ERROR,-0.000000,0.654498,-0.000000,-0.384999,TRUE,FALSE,FALSE,FALSE,FALSE,FALSE,Disabled,0.000000,0.000000,0.000000,TRUE,0.053085,-0.164215,0.000000,0.007431,0.000000,0.000000,-0.021000,-0.041000,-0.027000,1.800000,-0.700000,0.080000,-4.297276,Hold,51.000488,45.000000,Hold,-151083.000000,151552.000000,Suck,1215.000000,1818.181818,Speed,757.500000,1818.181818,Speed,Off,On,0.000000,FALSE,0,,,,,0.000000,0.000000,-0.050000
02:02:18.040 PM 04/29/2016,Teleop Enabled,10,FALSE,0,NO ERROR,-0.000000,0.654498,-0.000000,-0.384999,TRUE,FALSE,FALSE,FALSE,FALSE,FALSE,Disabled,0.000000,0.000000,0.000000,TRUE,0.053268,-0.164291,0.000000,0.000000,0.000000,0.000000,-0.036000,0.020000,-0.016000,1.810000,-0.700000,0.150000,-4.310334,Hold,51.000488,45.000000,Hold,-151043.000000,151552.000000,Suck,397.500000,1818.181818,Speed,-142.500000,1818.181818,Speed,Off,On,0.000000,FALSE,0,,,,,0.000000,0.000000,-0.050000
02:02:18.140 PM 04/29/2016,Teleop Enabled,10,FALSE,0,NO ERROR,-0.000000,0.654498,-0.000000,-0.384999,TRUE,FALSE,FALSE,FALSE,FALSE,FALSE,Disabled,0.000000,0.000000,0.000000,TRUE,0.053024,-0.164291,0.000000,-0.004715,0.000000,0.000000,-0.026000,0.014000,0.020000,1.830000,-0.700000,0.160000,-4.339083,Hold,51.000488,45.000000,Hold,-151181.000000,151552.000000,Suck,-435.000000,1818.181818,Speed,-975.000000,1818.181818,Speed,Off,On,0.000000,FALSE,0,,,,,0.000000,0.000000,-0.050000
02:02:18.240 PM 04/29/2016,Teleop Enabled,11,FALSE,0,NO ERROR,-0.000000,0.654498,-0.000000,-0.384999,TRUE,FALSE,FALSE,FALSE,FALSE,FALSE,Disabled,0.000000,0.000000,0.000000,TRUE,0.052322,-0.164505,0.000000,-0.015640,0.000000,0.000000,-0.007000,-0.007000,-0.013000,1.880000,-0.710000,0.090000,-4.374710,Hold,51.000488,45.000000,Hold,-151380.000000,151552.000000,Suck,-945.000000,1818.181818,Speed,-1642.500000,1818.181818,Speed,Off,On,0.000000,FALSE,0,,,,,0.000000,0.000000,-0.050000
02:02:18.342 PM 04/29/2016,Teleop Enabled,10,FALSE,0,NO ERROR,-0.000000,0.654498,-0.000000,-0.384999,TRUE,FALSE,FALSE,FALSE,FALSE,FALSE,Disabled,0.000000,0.000000,0.000000,TRUE,0.051620,-0.164230,0.000000,0.000000,0.011215,0.000000,-0.003000,-0.030000,0.033000,1.930000,-0.700000,0.060000,-4.386631,Hold,51.000488,45.000000,Hold,-151514.000000,151552.000000,Suck,-1500.000000,1818.181818,Speed,-1905.000000,1818.181818,Speed,Off,On,0.000000,FALSE,0,,,,,0.000000,0.000000,-0.050000
02:02:18.442 PM 04/29/2016,Teleop Enabled,11,FALSE,0,NO ERROR,-0.000000,0.654498,-0.000000,-0.384999,TRUE,FALSE,FALSE,FALSE,FALSE,FALSE,Disabled,0.000000,0.000000,0.000000,TRUE,0.051651,-0.164276,0.000000,-0.003464,-0.007721,0.000000,0.082000,0.029000,-0.025000,1.850000,-0.700000,0.000000,-4.405300,Hold,51.000488,45.000000,Hold,-151514.000000,151552.000000,Suck,-1867.500000,1818.181818,Speed,-1807.500000,1818.181818,Speed,Off,On,0.000000,FALSE,0,,,,,0.000000,0.000000,-0.050000
02:02:18.543 PM 04/29/2016,Teleop Enabled,10,FALSE,0,NO ERROR,-0.000000,0.654498,-0.000000,-0.384999,TRUE,FALSE,FALSE,FALSE,FALSE,FALSE,Disabled,0.000000,0.000000,0.000000,TRUE,0.051529,-0.164795,0.000000,-0.008987,-0.007156,0.000000,-0.096000,0.016000,0.050000,1.830000,-0.700000,0.010000,-4.426145,Hold,51.000488,45.000000,Hold,-151522.000000,151552.000000,Suck,-1845.000000,1818.181818,Speed,-1717.500000,1818.181818,Speed,Off,On,0.000000,FALSE,0,,,,,0.000000,0.000000,-0.050000
02:02:18.643 PM 04/29/2016,Teleop Enabled,11,FALSE,0,NO ERROR,-0.000000,0.654498,-0.000000,-0.384999,TRUE,FALSE,FALSE,FALSE,FALSE,FALSE,Disabled,0.000000,0.000000,0.000000,TRUE,0.050720,-0.165115,0.000000,-0.020142,0.000000,0.000000,0.017000,-0.012000,-0.034000,1.830000,-0.710000,-0.030000,-4.438962,Hold,51.000488,45.000000,Hold,-151522.000000,151552.000000,Suck,-1785.000000,1818.181818,Speed,-1717.500000,1818.181818,Speed,Off,On,0.000000,FALSE,0,,,,,0.000000,0.000000,-0.050000
02:02:18.744 PM 04/29/2016,Teleop Enabled,10,FALSE,0,NO ERROR,-0.000000,0.654498,-0.000000,-0.384999,TRUE,FALSE,FALSE,FALSE,FALSE,FALSE,Disabled,0.000000,0.000000,0.000000,TRUE,0.049454,-0.165390,0.000000,-0.035507,0.000000,0.000000,-0.019000,0.034000,0.059000,1.880000,-0.690000,-0.100000,-4.441836,Hold,51.000488,45.000000,Hold,-151549.000000,151552.000000,Suck,-1755.000000,1818.181818,Speed,-1717.500000,1818.181818,Speed,Off,On,0.000000,FALSE,0,,,,,0.000000,0.000000,-0.050000
02:02:18.845 PM 04/29/2016,Teleop Enabled,10,FALSE,0,NO ERROR,-0.000000,0.654498,-0.000000,-0.384999,TRUE,FALSE,FALSE,FALSE,FALSE,FALSE,Disabled,0.000000,0.000000,0.000000,TRUE,0.049225,-0.165070,0.000000,0.004990,0.010223,0.000000,0.040000,-0.057000,-0.047000,1.930000,-0.700000,-0.120000,-4.471298,Hold,51.000488,45.000000,Hold,-151549.000000,151552.000000,Suck,-1747.500000,1818.181818,Speed,-1762.500000,1818.181818,Speed,Off,On,0.000000,FALSE,0,,,,,0.000000,0.000000,-0.050000
02:02:18.946 PM 04/29/2016,Teleop Enabled,10,FALSE,0,NO ERROR,-0.000000,0.654498,-0.000000,-0.384999,TRUE,FALSE,FALSE,FALSE,FALSE,FALSE,Disabled,0.000000,0.000000,0.000000,TRUE,0.049438,-0.164444,0.000000,-0.001846,0.019165,0.000000,0.010000,0.028000,0.079000,1.860000,-0.690000,-0.090000,-4.508123,Hold,51.000488,45.000000,Hold,-151549.000000,151552.000000,Suck,-1755.000000,1818.181818,Speed,-1762.500000,1818.181818,Speed,Off,On,0.000000,FALSE,0,,,,,0.000000,0.000000,-0.050000
02:02:19.047 PM 04/29/2016,Teleop Enabled,10,FALSE,0,NO ERROR,-0.000000,0.654498,-0.000000,-0.378582,TRUE,FALSE,TRUE,FALSE,FALSE,FALSE,Disabled,0.000000,0.000000,0.000000,TRUE,0.048248,-0.163559,0.000000,-0.086548,0.026260,0.000000,0.025000,-0.166000,0.110000,1.910000,-0.700000,-0.100000,-4.543161,Hold,50.792725,45.000000,Hold,-151549.000000,151552.000000,Suck,-1035.000000,1818.181818,Speed,-1687.500000,1818.181818,Speed,Off,On,0.000000,FALSE,0,,,,,0.000000,0.000000,-0.050000
02:02:19.149 PM 04/29/2016,Teleop Enabled,11,FALSE,0,NO ERROR,-0.000000,0.654498,-0.000000,-0.397832,TRUE,FALSE,TRUE,FALSE,FALSE,FALSE,Disabled,0.000000,0.000000,0.000000,TRUE,0.045166,-0.163437,0.000000,-0.039749,-0.011642,0.000000,-0.009000,-0.048000,-0.087000,1.860000,-0.680000,-0.080000,-4.518206,Hold,50.722656,45.000000,Hold,-151549.000000,151552.000000,Suck,-1065.000000,1818.181818,Speed,-1065.000000,1818.181818,Speed,Off,On,0.000000,FALSE,0,,,,,0.000000,0.000000,-0.050000
02:02:19.249 PM 04/29/2016,Teleop Enabled,11,FALSE,0,NO ERROR,-0.000000,0.654498,-0.000000,-0.397832,TRUE,FALSE,TRUE,FALSE,FALSE,FALSE,Disabled,0.000000,0.000000,0.000000,TRUE,0.045410,-0.164185,0.000000,0.000000,-0.016327,0.000000,-0.039000,0.007000,0.012000,1.800000,-0.690000,0.020000,-4.542934,Hold,50.722656,45.000000,Hold,-151549.000000,151552.000000,Suck,-1065.000000,1818.181818,Speed,-1837.500000,1818.181818,Speed,Off,On,0.000000,FALSE,0,,,,,0.000000,0.000000,-0.050000
02:02:19.349 PM 04/29/2016,Teleop Enabled,11,FALSE,0,NO ERROR,-0.000000,0.654498,-0.000000,-0.397832,TRUE,FALSE,TRUE,FALSE,FALSE,FALSE,Disabled,0.000000,0.000000,0.000000,TRUE,0.045074,-0.165268,0.000000,-0.003082,-0.027802,0.000000,-0.047000,0.000000,-0.038000,1.800000,-0.690000,-0.010000,-4.567507,Hold,50.722656,45.000000,Hold,-151549.000000,151552.000000,Hold,-1500.000000,1818.181818,Speed,-1837.500000,1818.181818,Speed,Off,On,0.000000,FALSE,0,,,,,0.000000,0.000000,-0.050000
02:02:19.450 PM 04/29/2016,Teleop Enabled,11,FALSE,0,NO ERROR,-0.000000,0.654498,-0.000000,-0.397832,TRUE,FALSE,TRUE,FALSE,FALSE,FALSE,Disabled,0.000000,0.000000,0.000000,TRUE,0.044922,-0.166641,0.000000,0.000000,-0.027695,0.000000,0.000000,-0.082000,-0.056000,1.760000,-0.700000,0.000000,-4.597423,Hold,50.722656,45.000000,Hold,-151549.000000,151552.000000,Hold,-1762.500000,0.000000,Speed,-1815.000000,0.000000,Speed,Off,Off,0.000000,FALSE,0,,,,,0.000000,0.000000,-0.050000
02:02:19.551 PM 04/29/2016,Teleop Enabled,9,FALSE,0,NO ERROR,-0.000000,0.654498,-0.000000,-0.397832,TRUE,FALSE,TRUE,FALSE,FALSE,FALSE,Disabled,0.000000,0.000000,0.000000,TRUE,0.044800,-0.168091,0.000000,-0.007950,-0.028732,0.000000,0.011000,0.013000,-0.089000,1.850000,-0.720000,0.010000,-4.620980,Hold,50.722656,45.000000,Hold,-151549.000000,151552.000000,Hold,-1717.500000,0.000000,Speed,-1672.500000,0.000000,Speed,Off,Off,0.000000,FALSE,0,,,,,0.000000,0.000000,-0.050000
02:02:19.652 PM 04/29/2016,Teleop Enabled,10,FALSE,0,NO ERROR,-0.000000,0.654498,-0.000000,-0.397832,TRUE,FALSE,TRUE,FALSE,FALSE,FALSE,Disabled,0.000000,0.000000,0.000000,TRUE,0.045685,-0.169754,0.000000,0.030365,-0.031723,0.000000,0.009000,-0.079000,-0.025000,1.870000,-0.730000,0.090000,-4.629380,Hold,50.722656,45.000000,Hold,-151549.000000,151552.000000,Hold,-1605.000000,0.000000,Speed,-1530.000000,0.000000,Speed,Off,Off,0.000000,FALSE,0,,,,,0.000000,0.000000,-0.050000
02:02:19.753 PM 04/29/2016,Teleop Enabled,10,FALSE,0,NO ERROR,-0.000000,0.654498,-0.000000,-0.397832,TRUE,FALSE,TRUE,FALSE,FALSE,FALSE,Disabled,0.000000,0.000000,0.000000,TRUE,0.045151,-0.171417,0.000000,-0.014236,-0.033325,0.000000,0.021000,0.033000,0.018000,1.850000,-0.720000,0.040000,-4.660948,Hold,50.722656,45.000000,Hold,-151549.000000,151552.000000,Hold,-1507.500000,0.000000,Speed,-1417.500000,0.000000,Speed,Off,Off,0.000000,FALSE,0,,,,,0.000000,0.000000,-0.050000
02:02:19.854 PM 04/29/2016,Teleop Enabled,11,FALSE,0,NO ERROR,-0.000000,0.654498,-0.000000,-0.397832,TRUE,FALSE,TRUE,FALSE,FALSE,FALSE,Disabled,0.000000,0.000000,0.000000,TRUE,0.044632,-0.171921,0.000000,-0.015518,0.011017,0.000000,-0.037000,-0.005000,-0.028000,1.900000,-0.720000,0.020000,-4.669920,Hold,50.722656,45.000000,Hold,-151549.000000,151552.000000,Hold,-1410.000000,0.000000,Speed,-1305.000000,0.000000,Speed,Off,Off,0.000000,FALSE,0,,,,,0.000000,0.000000,-0.050000
02:02:19.954 PM 04/29/2016,Teleop Enabled,11,FALSE,0,NO ERROR,-0.000000,0.654498,-0.000000,-0.397832,TRUE,FALSE,TRUE,FALSE,FALSE,FALSE,Disabled,0.000000,0.000000,0.000000,TRUE,0.043976,-0.171173,0.000000,-0.011261,0.011047,0.000000,-0.044000,0.026000,0.058000,1.880000,-0.730000,0.020000,-4.695319,Hold,50.722656,45.000000,Hold,-151549.000000,151552.000000,Hold,-1305.000000,0.000000,Speed,-1222.500000,0.000000,Speed,Off,Off,0.000000,FALSE,0,,,,,0.000000,0.000000,-0.050000
02:02:20.053 PM 04/29/2016,Teleop Enabled,11,FALSE,0,NO ERROR,-0.000000,0.654498,-0.000000,-0.397832,TRUE,FALSE,TRUE,FALSE,FALSE,FALSE,Disabled,0.000000,0.000000,0.000000,TRUE,0.043060,-0.170456,0.000000,-0.021667,0.014542,0.000000,0.038000,0.012000,-0.060000,1.930000,-0.720000,0.010000,-4.698476,Hold,50.722656,45.000000,Hold,-151549.000000,151552.000000,Hold,-1207.500000,0.000000,Speed,-1117.500000,0.000000,Speed,Off,Off,0.000000,FALSE,0,,,,,0.000000,0.000000,-0.050000
02:02:20.153 PM 04/29/2016,Teleop Enabled,11,FALSE,0,NO ERROR,-0.000000,0.654498,-0.000000,-0.397832,TRUE,FALSE,TRUE,FALSE,FALSE,FALSE,Disabled,0.000000,0.000000,0.000000,TRUE,0.041779,-0.170197,0.000000,-0.030838,-0.007629,0.000000,0.024000,-0.003000,0.024000,1.870000,-0.720000,0.020000,-4.714621,Hold,50.722656,45.000000,Hold,-151549.000000,151552.000000,Hold,-1110.000000,0.000000,Speed,-1020.000000,0.000000,Speed,Off,Off,0.000000,FALSE,0,,,,,0.000000,0.000000,-0.050000
02:02:20.255 PM 04/29/2016,Teleop Enabled,10,FALSE,0,NO ERROR,-0.000000,0.654498,-0.000000,-0.397832,TRUE,FALSE,TRUE,FALSE,FALSE,FALSE,Disabled,0.000000,0.000000,0.000000,TRUE,0.040863,-0.171158,0.000000,0.000000,-0.024399,0.000000,-0.002000,-0.032000,-0.031000,1.850000,-0.720000,0.030000,-4.736203,Hold,50.722656,45.000000,Hold,-151549.000000,151552.000000,Hold,-1005.000000,0.000000,Speed,-922.500000,0.000000,Speed,Off,Off,0.000000,FALSE,0,,,,,0.000000,0.000000,-0.050000
02:02:20.354 PM 04/29/2016,Teleop Enabled,11,FALSE,0,NO ERROR,-0.000000,0.654498,-0.000000,-0.397832,TRUE,FALSE,TRUE,FALSE,FALSE,FALSE,Disabled,0.000000,0.000000,0.000000,TRUE,0.040878,-0.172775,0.000000,-0.002014,0.000000,0.000000,-0.041000,0.023000,0.008000,1.820000,-0.720000,0.030000,-4.765667,Hold,50.722656,45.000000,Hold,-151549.000000,151552.000000,Hold,-900.000000,0.000000,Speed,-832.500000,0.000000,Speed,Off,Off,0.000000,FALSE,0,,,,,0.000000,0.000000,-0.050000
02:02:20.454 PM 04/29/2016,Teleop Enabled,10,FALSE,0,NO ERROR,-0.000000,0.654498,-0.000000,-0.397832,TRUE,FALSE,TRUE,FALSE,FALSE,FALSE,Disabled,0.000000,0.000000,0.000000,TRUE,0.040497,-0.172607,0.000000,-0.008163,0.011063,0.000000,-0.008000,-0.032000,-0.060000,1.820000,-0.720000,0.000000,-4.791173,Hold,50.722656,45.000000,Hold,-151549.000000,151552.000000,Hold,-817.500000,0.000000,Speed,-742.500000,0.000000,Speed,Off,Off,0.000000,FALSE,0,,,,,0.000000,0.000000,-0.050000
02:02:20.555 PM 04/29/2016,Teleop Enabled,9,FALSE,0,NO ERROR,-0.000000,0.654498,-0.000000,-0.397832,TRUE,FALSE,TRUE,FALSE,FALSE,FALSE,Disabled,0.000000,0.000000,0.000000,TRUE,0.040283,-0.172333,0.000000,-0.003525,-0.001083,0.000000,0.049000,0.080000,0.015000,1.820000,-0.720000,0.000000,-4.820511,Hold,50.722656,45.000000,Hold,-151549.000000,151552.000000,Hold,-720.000000,0.000000,Speed,-660.000000,0.000000,Speed,Off,Off,0.000000,FALSE,0,,,,,0.000000,0.000000,-0.050000
02:02:20.656 PM 04/29/2016,Teleop Enabled,10,FALSE,0,NO ERROR,-0.000000,0.654498,-0.000000,-0.397832,TRUE,FALSE,TRUE,FALSE,FALSE,FALSE,Disabled,0.000000,0.000000,0.000000,TRUE,0.040833,-0.172104,0.000000,0.019012,0.003174,0.000000,-0.025000,-0.046000,-0.030000,1.780000,-0.710000,0.030000,-4.842877,Hold,50.722656,45.000000,Hold,-151549.000000,151552.000000,LowGoal,-600.000000,-2181.818182,Speed,-577.500000,-2181.818182,Speed,Off,Off,0.000000,FALSE,0,,,,,0.000000,0.000000,-0.050000
02:02:20.758 PM 04/29/2016,Teleop Enabled,10,FALSE,0,NO ERROR,-0.000000,0.654498,-0.000000,-0.397832,TRUE,FALSE,TRUE,FALSE,FALSE,FALSE,Disabled,0.000000,0.000000,0.000000,TRUE,0.041718,-0.172180,0.000000,0.019714,-0.002838,0.000000,0.010000,-0.022000,-0.012000,1.830000,-0.710000,0.010000,-4.844939,Hold,50.722656,45.000000,Hold,-151549.000000,151552.000000,LowGoal,-480.000000,-2181.818182,Speed,-450.000000,-2181.818182,Speed,Off,Off,0.000000,FALSE,0,,,,,0.000000,0.000000,-0.050000
02:02:20.860 PM 04/29/2016,Teleop Enabled,11,FALSE,0,NO ERROR,-0.000000,0.654498,-0.000000,-0.397832,TRUE,FALSE,TRUE,FALSE,FALSE,FALSE,Disabled,0.000000,0.000000,0.000000,TRUE,0.042191,-0.172623,0.000000,-0.000397,0.000000,0.000000,-0.048000,0.044000,0.038000,1.780000,-0.720000,-0.020000,-4.863450,Hold,50.722656,45.000000,Hold,-151549.000000,151552.000000,LowGoal,172.500000,-2181.818182,Speed,330.000000,-2181.818182,Speed,Off,Off,0.000000,FALSE,0,,,,,0.000000,0.000000,-0.050000
02:02:20.960 PM 04/29/2016,Teleop Enabled,11,FALSE,0,NO ERROR,-0.000000,0.654498,-0.000000,-0.397832,TRUE,FALSE,TRUE,FALSE,FALSE,FALSE,Disabled,0.000000,0.000000,0.000000,TRUE,0.041641,-0.172440,0.000000,-0.018356,0.005783,0.000000,-0.003000,0.006000,-0.019000,1.790000,-0.720000,0.000000,-4.870208,Hold,50.722656,45.000000,Hold,-151549.000000,151552.000000,LowGoal,810.000000,-2181.818182,Speed,1095.000000,-2181.818182,Speed,Off,Off,0.000000,FALSE,0,,,,,0.000000,0.000000,-0.050000
02:02:21.059 PM 04/29/2016,Teleop Enabled,11,FALSE,0,NO ERROR,-0.000000,0.654498,-0.000000,-0.397832,TRUE,FALSE,TRUE,FALSE,FALSE,FALSE,Disabled,0.000000,0.000000,0.000000,TRUE,0.040405,-0.171783,0.000000,-0.032806,0.012161,0.000000,0.009000,-0.003000,-0.030000,1.790000,-0.720000,0.050000,-4.886887,Hold,50.722656,45.000000,Hold,-151549.000000,151552.000000,LowGoal,1335.000000,-2181.818182,Speed,1717.500000,-2181.818182,Speed,Off,Off,0.000000,FALSE,0,,,,,0.000000,0.000000,-0.050000
02:02:21.160 PM 04/29/2016,Teleop Enabled,10,FALSE,0,NO ERROR,-0.000000,0.654498,-0.000000,-0.397832,TRUE,FALSE,TRUE,FALSE,FALSE,FALSE,Disabled,0.000000,0.000000,0.000000,TRUE,0.038773,-0.170776,0.000000,-0.027573,0.027710,0.000000,-0.012000,-0.022000,-0.035000,1.790000,-0.720000,-0.030000,-4.908468,Hold,50.722656,45.000000,Hold,-151549.000000,151552.000000,LowGoal,1785.000000,-2181.818182,Speed,2152.500000,-2181.818182,Speed,Off,Off,0.000000,FALSE,0,,,,,0.000000,0.000000,-0.050000
02:02:21.261 PM 04/29/2016,Teleop Enabled,10,FALSE,0,NO ERROR,-0.000000,0.654498,-0.000000,-0.397832,TRUE,FALSE,TRUE,FALSE,FALSE,FALSE,Disabled,0.000000,0.000000,0.000000,TRUE,0.037384,-0.169693,0.000000,-0.027039,0.016235,0.000000,-0.048000,0.061000,0.006000,1.740000,-0.720000,-0.020000,-4.943710,Hold,50.722656,45.000000,Hold,-151549.000000,151552.000000,LowGoal,2130.000000,-2181.818182,Speed,2175.000000,-2181.818182,Speed,Off,Off,0.000000,FALSE,0,,,,,0.000000,0.000000,-0.050000
02:02:21.361 PM 04/29/2016,Teleop Enabled,11,FALSE,0,NO ERROR,-0.000000,0.654498,-0.000000,-0.397832,TRUE,FALSE,TRUE,FALSE,FALSE,FALSE,Disabled,0.000000,0.000000,0.000000,TRUE,0.036148,-0.168839,0.000000,-0.026215,0.002930,0.000000,-0.054000,0.016000,0.031000,1.740000,-0.720000,-0.050000,-4.971977,Hold,50.722656,45.000000,Hold,-151549.000000,151552.000000,LowGoal,2175.000000,-2181.818182,Speed,2115.000000,-2181.818182,Speed,Off,Off,0.000000,FALSE,0,,,,,0.000000,0.000000,-0.050000
02:02:21.462 PM 04/29/2016,Teleop Enabled,11,FALSE,0,NO ERROR,-0.000000,0.654498,-0.000000,-0.397832,TRUE,FALSE,TRUE,FALSE,FALSE,FALSE,Disabled,0.000000,0.000000,0.000000,TRUE,0.034256,-0.167465,0.000000,-0.031754,0.026474,0.000000,-0.044000,0.057000,0.009000,1.750000,-0.720000,-0.050000,-4.994332,Hold,50.722656,45.000000,Hold,-151549.000000,151552.000000,LowGoal,2122.500000,-2181.818182,Speed,2070.000000,-2181.818182,Speed,Off,Off,0.000000,FALSE,0,,,,,0.000000,0.000000,-0.050000
02:02:21.562 PM 04/29/2016,Teleop Enabled,9,FALSE,0,NO ERROR,-0.000000,0.654498,-0.000000,-0.397832,TRUE,FALSE,TRUE,FALSE,FALSE,FALSE,Disabled,0.000000,0.000000,0.000000,TRUE,0.032547,-0.165359,0.000000,-0.026215,0.043610,0.000000,-0.021000,-0.039000,0.019000,1.810000,-0.720000,0.070000,-5.010902,Hold,50.722656,45.000000,Hold,-151549.000000,151552.000000,LowGoal,2070.000000,-2181.818182,Speed,2092.500000,-2181.818182,Speed,Off,Off,0.000000,FALSE,0,,,,,0.000000,0.000000,-0.050000
02:02:21.661 PM 04/29/2016,Teleop Enabled,10,FALSE,0,NO ERROR,-0.000000,0.654498,-0.000000,-0.397832,TRUE,FALSE,TRUE,FALSE,FALSE,FALSE,Disabled,0.000000,0.000000,0.000000,TRUE,0.031128,-0.164902,0.000000,-0.023041,-0.008575,0.000000,-0.019000,0.063000,0.027000,1.780000,-0.720000,0.040000,-5.023002,Hold,50.722656,45.000000,Hold,-151549.000000,151552.000000,LowGoal,2070.000000,-2181.818182,Speed,2115.000000,-2181.818182,Speed,Off,Off,0.000000,FALSE,0,,,,,0.000000,0.000000,-0.050000
02:02:21.762 PM 04/29/2016,Teleop Enabled,10,FALSE,0,NO ERROR,-0.000000,0.654498,-0.000000,-0.397832,TRUE,FALSE,TRUE,FALSE,FALSE,FALSE,Disabled,0.000000,0.000000,0.000000,TRUE,0.031006,-0.164902,0.000000,0.014175,0.000000,0.000000,-0.019000,0.063000,0.027000,1.780000,-0.710000,0.090000,-5.046993,Hold,50.722656,45.000000,Hold,-151549.000000,151552.000000,LowGoal,2085.000000,-2181.818182,Speed,2107.500000,-2181.818182,Speed,Off,Off,0.000000,FALSE,0,,,,,0.000000,0.000000,-0.050000
02:02:21.862 PM 04/29/2016,Teleop Enabled,12,FALSE,0,NO ERROR,-0.000000,0.654498,-0.000000,-0.397832,TRUE,FALSE,TRUE,FALSE,FALSE,FALSE,Disabled,0.000000,0.000000,0.000000,TRUE,0.031937,-0.165253,0.000000,0.015610,-0.005478,0.000000,-0.019000,-0.064000,0.002000,1.750000,-0.710000,0.130000,-5.064822,Hold,50.722656,45.000000,Hold,-151549.000000,151552.000000,LowGoal,2085.000000,-2181.818182,Speed,2100.000000,-2181.818182,Speed,Off,Off,0.000000,FALSE,0,,,,,0.000000,0.000000,-0.050000
02:02:21.963 PM 04/29/2016,Teleop Enabled,11,FALSE,0,NO ERROR,-0.000000,0.654498,-0.000000,-0.397832,TRUE,FALSE,TRUE,FALSE,FALSE,FALSE,Disabled,0.000000,0.000000,0.000000,TRUE,0.031998,-0.164902,0.000000,0.000565,0.019241,0.000000,-0.011000,0.004000,0.004000,1.720000,-0.710000,0.120000,-5.088032,Hold,50.722656,45.000000,Hold,-151549.000000,151552.000000,LowGoal,2085.000000,-2181.818182,Speed,2107.500000,-2181.818182,Speed,Off,Off,0.000000,FALSE,0,,,,,0.000000,0.000000,-0.050000
02:02:22.062 PM 04/29/2016,Teleop Enabled,10,FALSE,0,NO ERROR,-0.000000,0.654498,-0.000000,-0.397832,TRUE,FALSE,TRUE,FALSE,FALSE,FALSE,Disabled,0.000000,0.000000,0.000000,TRUE,0.032349,-0.163513,0.000000,0.013489,0.029007,0.000000,0.046000,0.000000,-0.042000,1.740000,-0.720000,0.070000,-5.100921,Hold,50.722656,45.000000,Hold,-151549.000000,151552.000000,LowGoal,2077.500000,-2181.818182,Speed,2107.500000,-2181.818182,Speed,Off,Off,0.000000,FALSE,0,,,,,0.000000,0.000000,-0.050000
02:02:22.162 PM 04/29/2016,Teleop Enabled,12,FALSE,0,NO ERROR,-0.000000,0.654498,-0.000000,-0.397832,TRUE,FALSE,TRUE,FALSE,FALSE,FALSE,Disabled,0.000000,0.000000,0.000000,TRUE,0.032700,-0.162216,0.000000,0.004181,0.021362,0.000000,0.036000,-0.001000,0.047000,1.760000,-0.720000,0.090000,-5.125876,Hold,50.722656,45.000000,Hold,-151549.000000,151552.000000,LowGoal,2077.500000,-2181.818182,Speed,2107.500000,-2181.818182,Speed,Off,Off,0.000000,FALSE,0,,,,,0.000000,0.000000,-0.050000
02:02:22.262 PM 04/29/2016,Teleop Enabled,11,FALSE,0,NO ERROR,-0.000000,0.654498,-0.000000,-0.397832,TRUE,FALSE,TRUE,FALSE,FALSE,FALSE,Disabled,0.000000,0.000000,0.000000,TRUE,0.033325,-0.161987,0.000000,0.004074,0.000000,0.000000,0.036000,-0.001000,0.047000,1.790000,-0.720000,0.080000,-5.148921,Hold,50.722656,45.000000,Hold,-151549.000000,151552.000000,LowGoal,2077.500000,-2181.818182,Speed,2107.500000,-2181.818182,Speed,Off,Off,0.000000,FALSE,0,,,,,0.000000,0.000000,-0.050000
02:02:22.362 PM 04/29/2016,Teleop Enabled,11,FALSE,0,NO ERROR,-0.000000,0.654498,-0.000000,-0.397832,TRUE,FALSE,TRUE,FALSE,FALSE,FALSE,Disabled,0.000000,0.000000,0.000000,TRUE,0.032898,-0.161667,0.000000,-0.019028,0.010574,0.000000,0.012000,0.015000,-0.101000,1.790000,-0.720000,0.080000,-5.181880,Hold,50.722656,45.000000,Hold,-151549.000000,151552.000000,Shoot,2077.500000,-2181.818182,Speed,2107.500000,-2181.818182,Speed,Off,On,0.000000,FALSE,0,,,,,0.000000,0.000000,-0.050000
02:02:22.462 PM 04/29/2016,Teleop Enabled,11,FALSE,0,NO ERROR,-0.000000,0.654498,-0.000000,-0.397832,TRUE,FALSE,TRUE,FALSE,FALSE,FALSE,Disabled,0.000000,0.000000,0.000000,TRUE,0.031937,-0.161011,0.000000,-0.014023,0.023987,0.000000,0.027000,0.027000,-0.004000,1.770000,-0.750000,0.090000,-5.191749,Hold,50.722656,45.000000,Hold,-151549.000000,151552.000000,Shoot,2085.000000,-2181.818182,Speed,2115.000000,-2181.818182,Speed,Off,On,0.000000,FALSE,0,,,,,0.000000,0.000000,-0.050000
02:02:22.563 PM 04/29/2016,Teleop Enabled,11,FALSE,0,NO ERROR,-0.000000,0.654498,-0.000000,-0.397832,TRUE,FALSE,TRUE,FALSE,FALSE,FALSE,Disabled,0.000000,0.000000,0.000000,TRUE,0.030304,-0.159424,0.000000,-0.026169,0.023499,0.000000,-0.043000,0.003000,0.028000,1.770000,-0.750000,0.090000,-5.211871,Hold,50.722656,45.000000,Hold,-151549.000000,151552.000000,Shoot,2092.500000,-2181.818182,Speed,2115.000000,-2181.818182,Speed,On,On,0.000000,FALSE,0,,,,,0.000000,0.000000,-0.050000
02:02:22.664 PM 04/29/2016,Teleop Enabled,10,FALSE,0,NO ERROR,-0.000000,0.654498,-0.000000,-0.423499,TRUE,FALSE,FALSE,FALSE,FALSE,FALSE,Disabled,0.000000,0.000000,0.000000,TRUE,0.030304,-0.159424,0.000000,-0.026169,0.023499,0.000000,-0.053000,-0.010000,0.077000,1.760000,-0.740000,0.090000,-5.202580,Hold,50.722656,45.000000,Hold,-151549.000000,151552.000000,Shoot,2062.500000,-2181.818182,Speed,2070.000000,-2181.818182,Speed,On,On,0.000000,FALSE,0,,,,,0.000000,0.000000,-0.050000
02:02:22.763 PM 04/29/2016,Teleop Enabled,11,FALSE,0,NO ERROR,-0.000000,0.654498,-0.000000,-0.423499,TRUE,FALSE,FALSE,FALSE,FALSE,FALSE,Disabled,0.000000,0.000000,0.000000,TRUE,0.028641,-0.161026,0.000000,0.013351,-0.061264,0.000000,0.046000,-0.187000,-0.007000,1.760000,-0.730000,0.220000,-5.232451,Hold,50.722656,45.000000,Hold,-151549.000000,151552.000000,Shoot,1365.000000,-2181.818182,Speed,1380.000000,-2181.818182,Speed,On,On,0.000000,FALSE,0,,,,,0.000000,0.000000,-0.050000
02:02:22.865 PM 04/29/2016,Teleop Enabled,11,FALSE,0,NO ERROR,-0.000000,0.654498,-0.000000,-0.423499,TRUE,FALSE,FALSE,FALSE,FALSE,FALSE,Disabled,0.000000,0.000000,0.000000,TRUE,0.029114,-0.163803,0.000000,-0.002762,-0.052826,0.000000,0.031000,0.019000,-0.019000,1.670000,-0.750000,0.150000,-5.265678,Hold,50.722656,45.000000,Hold,-151549.000000,151552.000000,Shoot,1665.000000,-2181.818182,Speed,1792.500000,-2181.818182,Speed,On,On,0.000000,FALSE,0,,,,,0.000000,0.000000,-0.050000
02:02:22.964 PM 04/29/2016,Teleop Enabled,11,FALSE,0,NO ERROR,-0.000000,0.654498,-0.000000,-0.423499,TRUE,FALSE,FALSE,FALSE,FALSE,FALSE,Disabled,0.000000,0.000000,0.000000,TRUE,0.028839,-0.166229,0.000000,-0.008408,-0.049454,0.000000,-0.058000,-0.032000,-0.076000,1.670000,-0.750000,0.150000,-5.271290,Hold,50.722656,45.000000,Hold,-151549.000000,151552.000000,Shoot,1995.000000,-2181.818182,Speed,2220.000000,-2181.818182,Speed,On,On,0.000000,FALSE,0,,,,,0.000000,0.000000,-0.050000
02:02:23.064 PM 04/29/2016,Teleop Enabled,11,FALSE,0,NO ERROR,-0.000000,0.654498,-0.000000,-0.423499,TRUE,FALSE,FALSE,FALSE,FALSE,FALSE,Disabled,0.000000,0.000000,0.000000,TRUE,0.028839,-0.166229,0.000000,-0.008408,-0.049454,0.000000,0.040000,0.092000,0.005000,1.640000,-0.750000,0.030000,-5.288826,Hold,50.722656,45.000000,Hold,-151549.000000,151552.000000,Shoot,2197.500000,-2181.818182,Speed,2197.500000,-2181.818182,Speed,On,On,0.000000,FALSE,0,,,,,0.000000,0.000000,-0.050000
02:02:23.164 PM 04/29/2016,Teleop Enabled,11,FALSE,0,NO ERROR,-0.000000,0.654498,-0.000000,-0.423499,TRUE,FALSE,FALSE,FALSE,FALSE,FALSE,Disabled,0.000000,0.000000,0.000000,TRUE,0.027573,-0.167450,0.000000,-0.038864,-0.007584,0.000000,-0.047000,-0.003000,-0.013000,1.670000,-0.750000,0.090000,-5.298407,Hold,50.722656,45.000000,Hold,-151549.000000,151552.000000,Shoot,2175.000000,-2181.818182,Speed,2107.500000,-2181.818182,Speed,On,On,0.000000,FALSE,0,,,,,0.000000,0.000000,-0.050000
02:02:23.265 PM 04/29/2016,Teleop Enabled,11,FALSE,0,NO ERROR,-0.000000,0.654498,-0.000000,-0.423499,TRUE,FALSE,FALSE,FALSE,FALSE,FALSE,Disabled,0.000000,0.000000,0.000000,TRUE,0.024765,-0.166901,0.000000,-0.065964,0.025116,0.000000,0.051000,0.044000,-0.003000,1.620000,-0.750000,0.070000,-5.298407,Hold,50.722656,45.000000,Hold,-151549.000000,151552.000000,Shoot,2130.000000,-2181.818182,Speed,2085.000000,-2181.818182,Speed,On,On,0.000000,FALSE,0,,,,,0.000000,0.000000,-0.050000
02:02:23.365 PM 04/29/2016,Teleop Enabled,11,FALSE,0,NO ERROR,-0.000000,0.654498,-0.000000,-0.423499,TRUE,FALSE,FALSE,FALSE,FALSE,FALSE,Disabled,0.000000,0.000000,0.000000,TRUE,0.021835,-0.165359,0.000000,0.000000,0.028549,0.000000,-0.047000,-0.011000,0.044000,1.660000,-0.750000,0.080000,-5.320787,Hold,50.722656,45.000000,Hold,-151549.000000,151552.000000,Shoot,2107.500000,-2181.818182,Speed,2107.500000,-2181.818182,Speed,On,On,0.000000,FALSE,0,,,,,0.000000,0.000000,-0.050000
02:02:23.466 PM 04/29/2016,Teleop Enabled,9,FALSE,0,NO ERROR,-0.000000,0.654498,-0.000000,-0.423499,TRUE,FALSE,FALSE,FALSE,FALSE,FALSE,Disabled,0.000000,0.000000,0.000000,TRUE,0.020874,-0.164719,0.000000,-0.025681,-0.016998,0.000000,0.076000,0.103000,0.030000,1.620000,-0.750000,0.080000,-5.335796,Hold,50.722656,45.000000,Hold,-151549.000000,151552.000000,Shoot,2107.500000,-2181.818182,Speed,2130.000000,-2181.818182,Speed,On,On,0.000000,FALSE,0,,,,,0.000000,0.000000,-0.050000
02:02:23.565 PM 04/29/2016,Teleop Enabled,11,FALSE,0,NO ERROR,-0.000000,0.654498,-0.000000,-0.423499,TRUE,FALSE,FALSE,FALSE,FALSE,FALSE,Disabled,0.000000,0.000000,0.000000,TRUE,0.019928,-0.164902,0.000000,-0.021393,0.004501,0.000000,0.006000,0.010000,-0.003000,1.640000,-0.760000,0.000000,-5.354944,Hold,50.722656,45.000000,Hold,-151549.000000,151552.000000,Shoot,2115.000000,-2181.818182,Speed,2115.000000,-2181.818182,Speed,On,On,0.000000,FALSE,0,,,,,0.000000,0.000000,-0.050000
02:02:23.665 PM 04/29/2016,Teleop Enabled,11,FALSE,0,NO ERROR,-0.000000,0.654498,-0.000000,-0.423499,TRUE,FALSE,FALSE,FALSE,FALSE,FALSE,Disabled,0.000000,0.000000,0.000000,TRUE,0.019714,-0.164963,0.000000,0.007431,-0.013779,0.000000,0.049000,-0.024000,-0.007000,1.680000,-0.760000,0.020000,-5.346276,Hold,50.722656,45.000000,Hold,-151549.000000,151552.000000,Shoot,2122.500000,-2181.818182,Speed,2115.000000,-2181.818182,Speed,On,On,0.000000,FALSE,0,,,,,0.000000,0.000000,-0.050000
02:02:23.765 PM 04/29/2016,Teleop Enabled,10,FALSE,0,NO ERROR,-0.000000,0.654498,-0.000000,-0.423499,TRUE,FALSE,FALSE,FALSE,FALSE,FALSE,Disabled,0.000000,0.000000,0.000000,TRUE,0.020004,-0.165863,0.000000,0.003799,-0.005020,0.000000,0.044000,0.029000,-0.035000,1.580000,-0.760000,0.060000,-5.382791,Hold,50.722656,45.000000,Hold,-151549.000000,151552.000000,Shoot,2122.500000,-2181.818182,Speed,2115.000000,-2181.818182,Speed,On,On,0.000000,FALSE,0,,,,,0.000000,0.000000,-0.050000
02:02:23.866 PM 04/29/2016,Teleop Enabled,12,FALSE,0,NO ERROR,-0.000000,0.654498,-0.000000,-0.423499,TRUE,FALSE,FALSE,FALSE,FALSE,FALSE,Disabled,0.000000,0.000000,0.000000,TRUE,0.020233,-0.164902,0.000000,-0.006973,0.033844,0.000000,0.024000,-0.045000,0.010000,1.660000,-0.760000,0.100000,-5.411030,Hold,50.722656,45.000000,Hold,-151549.000000,151552.000000,Dwell,2115.000000,-2181.818182,Speed,2115.000000,-2181.818182,Speed,Off,On,0.000000,FALSE,0,,,,,0.000000,0.000000,-0.050000
02:02:23.965 PM 04/29/2016,Teleop Enabled,10,FALSE,0,NO ERROR,-0.000000,0.654498,-0.000000,-0.423499,TRUE,FALSE,FALSE,FALSE,FALSE,FALSE,Disabled,0.000000,0.000000,0.000000,TRUE,0.019165,-0.162491,0.000000,-0.023788,0.063522,0.000000,0.038000,0.064000,0.009000,1.640000,-0.760000,0.080000,-5.427348,Hold,50.722656,0.000000,Hold,-151549.000000,151552.000000,Dwell,2122.500000,-2181.818182,Speed,2122.500000,-2181.818182,Speed,Off,On,0.000000,FALSE,0,,,,,0.000000,0.000000,-0.050000
02:02:24.065 PM 04/29/2016,Teleop Enabled,11,FALSE,0,NO ERROR,-0.000000,0.654498,-0.000000,-0.423499,TRUE,FALSE,FALSE,FALSE,FALSE,FALSE,Disabled,0.000000,0.000000,0.000000,TRUE,0.018448,-0.159164,0.000000,-0.020157,0.056473,0.000000,-0.039000,-0.008000,-0.026000,1.630000,-0.770000,-0.030000,-5.464493,Hold,47.297607,0.000000,Hold,-151549.000000,151552.000000,Dwell,2115.000000,-2181.818182,Speed,2115.000000,-2181.818182,Speed,Off,On,0.000000,FALSE,0,,,,,0.000000,0.000000,-0.050000
02:02:24.165 PM 04/29/2016,Teleop Enabled,11,FALSE,0,NO ERROR,-0.000000,0.654498,-0.000000,-0.410666,TRUE,FALSE,FALSE,FALSE,FALSE,FALSE,Disabled,0.000000,0.000000,0.000000,TRUE,0.018112,-0.157242,0.000000,0.026245,0.018906,0.000000,0.129000,-0.091000,-0.266000,1.560000,-0.730000,0.080000,-5.453308,Hold,37.744873,0.000000,Hold,-151549.000000,151552.000000,Dwell,2107.500000,-2181.818182,Speed,2100.000000,-2181.818182,Speed,Off,On,0.000000,FALSE,0,,,,,0.000000,0.000000,-0.050000
02:02:24.266 PM 04/29/2016,Teleop Enabled,10,FALSE,0,NO ERROR,-0.000000,0.654498,-0.000000,-0.352916,TRUE,FALSE,FALSE,FALSE,FALSE,FALSE,Disabled,0.000000,0.000000,0.000000,TRUE,0.020950,-0.156799,0.000000,0.061142,0.000000,0.000000,0.041000,0.012000,-0.175000,1.670000,-0.770000,0.010000,-5.510885,Hold,23.909424,0.000000,Hold,-151549.000000,151552.000000,Dwell,2100.000000,-2181.818182,Speed,2100.000000,-2181.818182,Speed,Off,On,0.000000,FALSE,0,,,,,0.000000,0.000000,-0.050000
02:02:24.366 PM 04/29/2016,Teleop Enabled,11,FALSE,0,NO ERROR,-0.000000,0.635249,-0.000000,-0.237416,TRUE,FALSE,FALSE,FALSE,FALSE,FALSE,Disabled,0.000000,0.000000,0.000000,TRUE,0.024902,-0.156464,0.000000,0.055206,0.022797,0.000000,-0.044000,0.009000,-0.143000,1.660000,-0.760000,0.290000,-5.538315,Hold,10.448486,0.000000,Hold,-151549.000000,151552.000000,Dwell,2107.500000,-2181.818182,Speed,2107.500000,-2181.818182,Speed,Off,On,0.000000,FALSE,0,,,,,0.000000,0.000000,-0.050000
02:02:24.466 PM 04/29/2016,Teleop Enabled,10,FALSE,0,NO ERROR,-0.000000,0.635249,-0.000000,-0.243833,TRUE,FALSE,FALSE,FALSE,FALSE,FALSE,Disabled,0.000000,0.000000,0.000000,TRUE,0.026428,-0.156433,0.000000,0.006241,-0.011673,0.000000,-0.073000,0.066000,-0.124000,1.510000,-0.780000,0.370000,-5.607153,Hold,2.686035,0.000000,Hold,-151549.000000,151552.000000,Dwell,2122.500000,-2181.818182,Speed,2122.500000,-2181.818182,Speed,Off,On,0.000000,FALSE,0,,,,,0.000000,0.000000,-0.050000
02:02:24.567 PM 04/29/2016,Teleop Enabled,10,FALSE,0,NO ERROR,-0.000000,0.737915,-0.000000,-0.648082,TRUE,FALSE,FALSE,FALSE,FALSE,FALSE,Disabled,0.000000,0.000000,0.000000,TRUE,0.022354,-0.153107,0.000000,-0.122940,0.054199,0.000000,0.322000,0.117000,-0.418000,1.810000,-0.640000,0.020000,-5.519371,Hold,1.755859,0.000000,Hold,-151552.000000,151552.000000,Dwell,2122.500000,-2181.818182,Speed,2122.500000,-2181.818182,Speed,Off,On,0.000000,FALSE,0,,,,,0.000000,0.000000,-0.050000
02:02:24.667 PM 04/29/2016,Teleop Enabled,10,FALSE,0,NO ERROR,-0.000000,1.013831,-0.000000,-0.731498,TRUE,FALSE,FALSE,FALSE,FALSE,FALSE,Disabled,0.000000,0.000000,0.000000,TRUE,0.022125,-0.148453,0.000000,0.066498,0.107208,0.000000,0.133000,-0.030000,-0.095000,1.740000,-0.700000,0.120000,-5.522583,Hold,1.761719,0.000000,Hold,-151551.000000,151552.000000,Dwell,2122.500000,-2181.818182,Speed,2122.500000,-2181.818182,Speed,Off,On,0.000000,FALSE,0,,,,,0.000000,0.000000,-0.050000
02:02:24.767 PM 04/29/2016,Teleop Enabled,10,FALSE,0,NO ERROR,-0.000000,1.013831,-0.000000,-0.769998,TRUE,FALSE,FALSE,FALSE,FALSE,FALSE,Disabled,0.000000,0.000000,0.000000,TRUE,0.025528,-0.143234,0.000000,0.069351,0.092972,0.000000,-0.037000,-0.076000,0.750000,1.630000,-0.740000,0.620000,-5.650098,Hold,1.446533,0.000000,Hold,-151552.000000,151552.000000,Dwell,2130.000000,-2181.818182,Speed,2122.500000,-2181.818182,Speed,Off,On,0.000000,FALSE,0,,,,,0.000000,0.000000,-0.050000
02:02:24.867 PM 04/29/2016,Teleop Enabled,10,FALSE,0,NO ERROR,-0.000000,1.039498,-0.000000,-0.834165,TRUE,FALSE,FALSE,FALSE,FALSE,FALSE,Disabled,0.000000,0.000000,0.000000,TRUE,0.031631,-0.142258,0.000000,0.175171,-0.023544,0.000000,0.080000,0.019000,-0.086000,1.760000,-0.730000,0.000000,-5.611315,Hold,1.229004,0.000000,Hold,-151551.000000,151552.000000,Dwell,2122.500000,-2181.818182,Speed,2122.500000,-2181.818182,Speed,Off,On,0.000000,FALSE,0,,,,,0.000000,0.000000,-0.050000
02:02:24.967 PM 04/29/2016,Teleop Enabled,11,FALSE,0,NO ERROR,-0.000000,1.020248,-0.000000,-0.737915,TRUE,FALSE,FALSE,FALSE,FALSE,FALSE,Disabled,0.000000,0.000000,0.000000,TRUE,0.040817,-0.142715,0.000000,0.178711,-0.033081,0.000000,-0.032000,0.033000,0.243000,1.650000,-0.850000,0.340000,-5.742493,Hold,0.989746,0.000000,Hold,-151551.000000,151552.000000,Dwell,2130.000000,-2181.818182,Speed,2122.500000,-2181.818182,Speed,Off,On,0.000000,FALSE,0,,,,,0.000000,0.000000,-0.050000
02:02:25.068 PM 04/29/2016,Teleop Enabled,10,FALSE,0,NO ERROR,-0.000000,1.020248,-0.000000,-0.737915,TRUE,FALSE,FALSE,FALSE,FALSE,FALSE,Disabled,0.000000,0.000000,0.000000,TRUE,0.050232,-0.145920,0.000000,0.200226,-0.075943,0.000000,0.071000,0.077000,-0.183000,1.800000,-0.840000,0.240000,-5.765982,Hold,0.989014,0.000000,Hold,-151278.000000,4096.000000,Empty,2130.000000,0.000000,Speed,2122.500000,0.000000,Speed,Off,On,0.000000,FALSE,0,,,,,0.000000,0.000000,-0.050000
02:02:25.168 PM 04/29/2016,Teleop Enabled,8,FALSE,0,NO ERROR,-0.000000,1.020248,-0.000000,-0.718665,TRUE,FALSE,FALSE,FALSE,FALSE,FALSE,Disabled,0.000000,0.000000,0.000000,TRUE,0.059738,-0.148590,0.000000,0.179321,-0.033997,0.000000,-0.002000,0.014000,-0.151000,1.760000,-0.850000,0.320000,-5.806525,Hold,0.989014,0.000000,Hold,-151278.000000,4096.000000,Empty,2115.000000,0.000000,Speed,2107.500000,0.000000,Speed,Off,On,0.000000,FALSE,0,,,,,0.000000,0.000000,-0.050000
02:02:25.268 PM 04/29/2016,Teleop Enabled,9,FALSE,0,NO ERROR,-0.000000,1.020248,-0.000000,-0.744332,TRUE,FALSE,FALSE,FALSE,FALSE,FALSE,Disabled,0.000000,0.000000,0.000000,TRUE,0.069870,-0.149246,0.000000,0.239426,0.003708,0.000000,-0.097000,-0.053000,-0.219000,1.790000,-0.770000,0.130000,-5.737109,Hold,0.988770,0.000000,Hold,-134882.000000,4096.000000,Empty,2062.500000,0.000000,Speed,2025.000000,0.000000,Speed,Off,On,0.000000,FALSE,0,,,,,0.000000,0.000000,-0.050000
02:02:25.370 PM 04/29/2016,Teleop Enabled,9,FALSE,0,NO ERROR,-0.000000,0.962498,-0.000000,-0.686582,TRUE,FALSE,FALSE,FALSE,FALSE,FALSE,Disabled,0.000000,0.000000,0.000000,TRUE,0.081787,-0.150208,0.000000,0.231705,-0.040314,0.000000,-0.054000,-0.013000,-0.063000,1.790000,-0.770000,0.070000,-5.735577,Hold,0.988770,0.000000,Hold,-118876.000000,4096.000000,Empty,1965.000000,0.000000,Speed,1905.000000,0.000000,Speed,Off,On,0.000000,FALSE,0,,,,,0.000000,0.000000,-0.050000
02:02:25.470 PM 04/29/2016,Teleop Enabled,9,FALSE,0,NO ERROR,-0.000000,0.962498,-0.000000,-0.686582,TRUE,FALSE,FALSE,FALSE,FALSE,FALSE,Disabled,0.000000,0.000000,0.000000,TRUE,0.090591,-0.152466,0.000000,-0.003769,-0.024109,0.000000,-0.024000,-0.029000,-0.072000,1.810000,-0.760000,0.000000,-5.738892,Hold,0.988770,0.000000,Hold,-99918.000000,4096.000000,Empty,1897.500000,0.000000,Speed,1785.000000,0.000000,Speed,Off,On,0.000000,FALSE,0,,,,,0.000000,0.000000,-0.050000
02:02:25.571 PM 04/29/2016,Teleop Enabled,10,FALSE,0,NO ERROR,-0.000000,0.962498,-0.000000,-0.686582,TRUE,FALSE,FALSE,FALSE,FALSE,FALSE,Disabled,0.000000,0.000000,0.000000,TRUE,0.089828,-0.153503,0.000000,-0.029510,0.000000,0.000000,0.010000,-0.005000,-0.039000,1.790000,-0.720000,-0.010000,-5.728413,Hold,0.988770,0.000000,Hold,-80752.000000,4096.000000,Empty,1815.000000,0.000000,Speed,1672.500000,0.000000,Speed,Off,On,0.000000,FALSE,0,,,,,0.000000,0.000000,-0.050000
02:02:25.673 PM 04/29/2016,Teleop Enabled,5,FALSE,0,NO ERROR,-0.000000,0.962498,-0.000000,-0.686582,TRUE,FALSE,FALSE,FALSE,FALSE,FALSE,Disabled,0.000000,0.000000,0.000000,TRUE,0.089172,-0.152771,0.000000,-0.008438,0.028076,0.000000,0.023000,0.008000,-0.047000,1.790000,-0.770000,0.130000,-5.795454,Hold,0.988770,0.000000,Hold,-80752.000000,4096.000000,Empty,1740.000000,0.000000,Speed,1582.500000,0.000000,Speed,Off,On,0.000000,FALSE,0,,,,,0.000000,0.000000,-0.050000
02:02:25.774 PM 04/29/2016,Teleop Enabled,8,FALSE,0,NO ERROR,-0.000000,0.962498,-0.000000,-0.686582,TRUE,FALSE,FALSE,FALSE,FALSE,FALSE,Disabled,0.000000,0.000000,0.000000,TRUE,0.089081,-0.152451,0.000000,-0.002853,0.002106,0.000000,0.047000,0.007000,-0.003000,1.840000,-0.750000,0.160000,-5.794442,Hold,0.988770,0.000000,Hold,-60859.000000,4096.000000,Empty,1657.500000,0.000000,Speed,1477.500000,0.000000,Speed,Off,On,0.000000,FALSE,0,,,,,0.000000,0.000000,-0.050000
02:02:25.877 PM 04/29/2016,Teleop Enabled,4,FALSE,0,NO ERROR,-0.000000,0.962498,-0.000000,-0.686582,TRUE,FALSE,FALSE,FALSE,FALSE,FALSE,Disabled,0.000000,0.000000,0.000000,TRUE,0.088715,-0.152176,0.000000,-0.021271,0.009537,0.000000,-0.025000,0.006000,0.005000,1.860000,-0.750000,0.160000,-5.823118,Hold,0.988770,0.000000,Hold,-39462.000000,4096.000000,Empty,1582.500000,0.000000,Speed,1372.500000,0.000000,Speed,Off,On,0.000000,FALSE,0,,,,,0.000000,0.000000,-0.050000
02:02:25.977 PM 04/29/2016,Teleop Enabled,10,FALSE,0,NO ERROR,-0.000000,0.962498,-0.000000,-0.686582,TRUE,FALSE,FALSE,FALSE,FALSE,FALSE,Disabled,0.000000,0.000000,0.000000,TRUE,0.087265,-0.152161,0.000000,-0.032333,-0.006439,0.000000,-0.016000,-0.030000,0.005000,1.820000,-0.750000,0.210000,-5.861919,Hold,0.988770,0.000000,Hold,-16771.000000,4096.000000,Empty,1522.500000,0.000000,Speed,1275.000000,0.000000,Speed,Off,On,0.000000,FALSE,0,,,,,0.000000,0.000000,-0.050000
02:02:26.078 PM 04/29/2016,Teleop Enabled,11,FALSE,0,NO ERROR,-0.000000,0.962498,-0.000000,-0.814915,TRUE,FALSE,FALSE,FALSE,FALSE,FALSE,Disabled,0.000000,0.000000,0.000000,TRUE,0.083511,-0.152390,0.000000,-0.110123,0.022232,0.000000,-0.019000,0.039000,-0.204000,1.780000,-0.800000,0.330000,-5.948169,Hold,0.988770,0.000000,Hold,-5114.000000,4096.000000,Empty,1440.000000,0.000000,Speed,1192.500000,0.000000,Speed,Off,On,0.000000,FALSE,0,,,,,0.000000,0.000000,-0.050000
02:02:26.178 PM 04/29/2016,Teleop Enabled,8,FALSE,0,NO ERROR,-0.000000,1.039498,-0.000000,-0.859831,TRUE,FALSE,FALSE,FALSE,FALSE,FALSE,Disabled,0.000000,0.000000,0.000000,TRUE,0.079163,-0.151230,0.000000,-0.058777,0.008240,0.000000,0.090000,-0.003000,0.090000,1.860000,-0.760000,0.350000,-5.930560,Hold,0.988770,0.000000,Hold,-3788.000000,4096.000000,Empty,1357.500000,0.000000,Speed,1080.000000,0.000000,Speed,Off,On,0.000000,FALSE,0,,,,,0.000000,0.000000,-0.050000
02:02:26.279 PM 04/29/2016,Teleop Enabled,11,FALSE,0,NO ERROR,-0.000000,1.039498,-0.000000,-0.859831,TRUE,FALSE,FALSE,FALSE,FALSE,FALSE,Disabled,0.000000,0.000000,0.000000,TRUE,0.077820,-0.151199,0.000000,0.007172,-0.006561,0.000000,0.071000,-0.097000,0.018000,1.760000,-0.810000,0.320000,-5.992285,Hold,0.988770,0.000000,Hold,-4054.000000,4096.000000,Suck,1290.000000,1818.181818,Speed,982.500000,1818.181818,Speed,Off,On,0.000000,FALSE,0,,,,,0.000000,0.000000,-0.050000
02:02:26.380 PM 04/29/2016,Teleop Enabled,10,FALSE,0,NO ERROR,-0.000000,1.039498,-0.000000,-0.840581,TRUE,FALSE,FALSE,FALSE,FALSE,FALSE,Disabled,0.000000,0.000000,0.000000,TRUE,0.079803,-0.151779,0.000000,0.043991,-0.001083,0.000000,0.012000,-0.059000,0.050000,1.850000,-0.760000,0.350000,-5.941573,Hold,0.988770,0.000000,Hold,-4054.000000,4096.000000,Suck,1147.500000,1818.181818,Speed,825.000000,1818.181818,Speed,Off,On,0.000000,FALSE,0,,,,,0.000000,0.000000,-0.050000
02:02:26.481 PM 04/29/2016,Teleop Enabled,11,FALSE,0,NO ERROR,-0.000000,1.026664,-0.000000,-0.757165,TRUE,FALSE,FALSE,FALSE,FALSE,FALSE,Disabled,0.000000,0.000000,0.000000,TRUE,0.080399,-0.153778,0.000000,0.002380,-0.043457,0.000000,-0.012000,0.046000,-0.024000,1.770000,-0.830000,0.290000,-6.043480,Hold,0.988770,0.000000,Hold,-3939.000000,4096.000000,Suck,345.000000,1818.181818,Speed,180.000000,1818.181818,Speed,Off,On,0.000000,FALSE,0,,,,,0.000000,0.000000,-0.050000
02:02:26.580 PM 04/29/2016,Teleop Enabled,9,FALSE,0,NO ERROR,-0.000000,1.020248,-0.000000,-0.731498,TRUE,FALSE,FALSE,FALSE,FALSE,FALSE,Disabled,0.000000,0.000000,0.000000,TRUE,0.080109,-0.154892,0.000000,-0.012848,-0.018402,0.000000,-0.033000,0.057000,0.058000,1.850000,-0.810000,0.180000,-6.052843,Hold,0.988770,0.000000,Hold,-3979.000000,4096.000000,Suck,-300.000000,1818.181818,Speed,-907.500000,1818.181818,Speed,Off,On,0.000000,FALSE,0,,,,,0.000000,0.000000,-0.050000
02:02:26.680 PM 04/29/2016,Teleop Enabled,5,FALSE,0,NO ERROR,-0.000000,1.020248,-0.000000,-0.731498,TRUE,FALSE,FALSE,FALSE,FALSE,FALSE,Disabled,0.000000,0.000000,0.000000,TRUE,0.078049,-0.155701,0.000000,-0.047302,-0.000916,0.000000,-0.039000,0.066000,-0.053000,1.870000,-0.800000,0.180000,-6.061674,Hold,0.988770,0.000000,Hold,-4131.000000,4096.000000,Suck,-922.500000,1818.181818,Speed,-1470.000000,1818.181818,Speed,Off,On,0.000000,FALSE,0,,,,,0.000000,0.000000,-0.050000
02:02:26.780 PM 04/29/2016,Teleop Enabled,10,FALSE,0,NO ERROR,-0.000000,1.020248,-0.000000,-0.731498,TRUE,FALSE,FALSE,FALSE,FALSE,FALSE,Disabled,0.000000,0.000000,0.000000,TRUE,0.075195,-0.154602,0.000000,-0.062576,0.031982,0.000000,-0.071000,0.014000,0.011000,1.880000,-0.800000,0.160000,-6.078700,Hold,0.988770,0.000000,Hold,-4153.000000,4096.000000,Suck,-1462.500000,1818.181818,Speed,-1905.000000,1818.181818,Speed,Off,On,0.000000,FALSE,0,,,,,0.000000,0.000000,-0.050000
02:02:26.880 PM 04/29/2016,Teleop Enabled,11,FALSE,0,NO ERROR,-0.000000,1.020248,-0.000000,-0.731498,TRUE,FALSE,FALSE,FALSE,FALSE,FALSE,Disabled,0.000000,0.000000,0.000000,TRUE,0.072067,-0.153061,0.000000,-0.060776,0.018982,0.000000,0.085000,-0.032000,0.040000,1.900000,-0.800000,0.160000,-6.112613,Hold,0.988770,0.000000,Hold,-4153.000000,4096.000000,Suck,-1852.500000,1818.181818,Speed,-1830.000000,1818.181818,Speed,Off,On,0.000000,FALSE,0,,,,,0.000000,0.000000,-0.050000
02:02:26.980 PM 04/29/2016,Teleop Enabled,10,FALSE,0,NO ERROR,-0.000000,1.020248,-0.000000,-0.731498,TRUE,FALSE,FALSE,FALSE,FALSE,FALSE,Disabled,0.000000,0.000000,0.000000,TRUE,0.069931,-0.152786,0.000000,-0.042435,0.004471,0.000000,-0.023000,0.075000,0.002000,1.870000,-0.820000,0.210000,-6.126524,Hold,0.988770,0.000000,Hold,-4151.000000,4096.000000,Suck,-1860.000000,1818.181818,Speed,-1732.500000,1818.181818,Speed,Off,On,0.000000,FALSE,0,,,,,0.000000,0.000000,-0.050000
02:02:27.080 PM 04/29/2016,Teleop Enabled,9,FALSE,0,NO ERROR,-0.000000,1.020248,-0.000000,-0.731498,TRUE,FALSE,FALSE,FALSE,FALSE,FALSE,Disabled,0.000000,0.000000,0.000000,TRUE,0.066910,-0.151581,0.000000,-0.064102,0.021698,0.000000,0.000000,-0.012000,-0.001000,1.850000,-0.800000,0.160000,-6.118551,Hold,0.988770,0.000000,Hold,-4151.000000,4096.000000,Suck,-1800.000000,1818.181818,Speed,-1725.000000,1818.181818,Speed,Off,On,0.000000,FALSE,0,,,,,0.000000,0.000000,-0.050000
02:02:27.180 PM 04/29/2016,Teleop Enabled,10,FALSE,0,NO ERROR,-0.000000,1.020248,-0.000000,-0.731498,TRUE,FALSE,FALSE,FALSE,FALSE,FALSE,Disabled,0.000000,0.000000,0.000000,TRUE,0.063766,-0.150665,0.000000,-0.055862,0.000000,0.000000,0.014000,0.006000,-0.050000,1.840000,-0.800000,0.220000,-6.146966,Hold,0.988770,0.000000,Hold,-4151.000000,4096.000000,Suck,-1762.500000,1818.181818,Speed,-1762.500000,1818.181818,Speed,Off,On,0.000000,FALSE,0,,,,,0.000000,0.000000,-0.050000
02:02:27.280 PM 04/29/2016,Teleop Disabled,5,FALSE,0,NO ERROR,-0.000000,1.020248,-0.000000,-0.731498,TRUE,FALSE,FALSE,TRUE,FALSE,FALSE,Disabled,0.000000,0.000000,0.000000,TRUE,0.060684,-0.151260,0.000000,-0.041550,-0.021347,0.000000,0.014000,0.006000,-0.050000,1.810000,-0.820000,0.240000,-6.170816,Hold,0.988770,0.000000,Hold,-4202.000000,4096.000000,Suck,-1710.000000,1818.181818,Speed,-1747.500000,1818.181818,Speed,Off,On,0.000000,FALSE,0,,,,,0.000000,0.000000,-0.050000
02:02:27.381 PM 04/29/2016,Teleop Disabled,8,FALSE,0,NO ERROR,-0.000000,1.020248,-0.000000,-0.731498,TRUE,FALSE,FALSE,TRUE,FALSE,FALSE,Disabled,0.000000,0.000000,0.000000,TRUE,0.058273,-0.151093,0.000000,-0.057053,-0.002808,0.000000,0.007000,-0.001000,-0.021000,1.810000,-0.820000,0.240000,-6.207779,Hold,0.988770,0.000000,Hold,-4204.000000,4096.000000,Suck,-1657.500000,1818.181818,Speed,-1680.000000,1818.181818,Speed,Off,On,0.000000,FALSE,0,,,,,0.000000,0.