Time,Robot Mode,Loop Time,Error Status,Error Code,Error Source,Left Motor Output,Left Motor Encoder,Right Motor Output,Right Motor Encoder,Is Level,Is Stalled,Ball Detector Photoeye,Vision Enabled,Vision Teleop Control,Vision Auto Control,Vision Current State,Vision X Output,Vision NavX Error,Vision NavX Target,NavX Connection Status,NavX Displacement X,NavX Displacement Y,NavX Displacement Z,NavX Velocity X,NavX Velocity Y,NavX Velocity Z,NavX Acceleration X,NavX Acceleration Y,NavX Acceleration Z,NavX Pitch,NavX Yaw,NavX Roll,Gyro Angle,Roller Arm State,Roller Arm Actual,Roller Arm Desired,Shooter Arm State,Shooter Arm Actual,Shooter Arm Desired,Shooter State,Actual RPM Left,Desired RPM Left,Control Mode Left,Actual RPM Right,Desired RPM Right,Scaler Motor Output,Auto To Run,Auto Current File,Auto File Status,Auto Current Command,Auto Trimmed Command
10:36:04.908 AM 03/20/2016,Autonomous Enabled,10,FALSE,0,NO ERROR,0.000000,-1.976329,0.000000,-0.442749,TRUE,FALSE,TRUE,FALSE,FALSE,FALSE,Disabled,0.000000,0.000000,0.000000,TRUE,-2.229156,-1.447052,0.000000,0.000000,0.000000,0.000000,0.000000,0.003000,0.024000,-20.410000,0.110000,2.440000,-16.036795,ResetBack,1.446777,-0.000049,ResetBack,-16463.000000,-0.300000,LowGoal,0.000000,-1454.545455,Speed,0.000000,-1454.545455,Speed,Off,Off0.000000,3,Read: /home/lvuser/scripts/auto_03.bee,File good!,WAIT 500,WAIT
10:36:05.008 AM 03/20/2016,Autonomous Enabled,10,FALSE,0,NO ERROR,0.000000,-1.976329,0.000000,-0.442749,TRUE,FALSE,TRUE,FALSE,FALSE,FALSE,Disabled,0.000000,0.000000,0.000000,TRUE,-2.229111,-1.446304,0.000000,0.000000,0.030472,0.000000,-0.063000,-0.011000,0.028000,-20.410000,0.130000,2.480000,-16.046256,ResetBack,0.833008,-0.000049,ResetBack,-16463.000000,-0.300000,LowGoal,22.500000,-1454.545455,Speed,15.000000,-1454.545455,Speed,Off,Off0.000000,3,Read: /home/lvuser/scripts/auto_03.bee,File good!,WAIT 500,WAIT
10:36:05.109 AM 03/20/2016,Autonomous Enabled,10,FALSE,0,NO ERROR,0.000000,-1.976329,0.000000,-0.436332,TRUE,FALSE,TRUE,FALSE,FALSE,FALSE,Disabled,0.000000,0.000000,0.000000,TRUE,-2.229309,-1.444550,0.000000,0.021118,0.021637,0.000000,0.109000,-0.039000,0.053000,-20.420000,0.130000,2.440000,-16.060315,ResetBack,0.200684,-0.000049,ResetBack,-13672.000000,-0.300000,LowGoal,802.500000,-1454.545455,Speed,517.500000,-1454.545455,Speed,Off,Off0.000000,3,Read: /home/lvuser/scripts/auto_03.bee,File good!,WAIT 500,WAIT
10:36:05.210 AM 03/20/2016,Autonomous Enabled,10,FALSE,0,NO ERROR,0.000000,-1.976329,0.000000,-0.436332,TRUE,FALSE,TRUE,FALSE,FALSE,FALSE,Disabled,0.000000,0.000000,0.000000,TRUE,-2.226364,-1.443268,0.000000,0.044510,0.021759,0.000000,-0.142000,0.034000,-0.041000,-20.410000,0.150000,2.440000,-16.071951,ResetBack,0.182617,-0.000049,ResetBack,-7611.000000,-0.300000,LowGoal,1387.500000,-1454.545455,Speed,1252.500000,-1454.545455,Speed,Off,Off0.000000,3,Read: /home/lvuser/scripts/auto_03.bee,File good!,WAIT 500,WAIT
10:36:05.311 AM 03/20/2016,Autonomous Enabled,10,FALSE,0,NO ERROR,0.000000,-1.976329,0.000000,-0.436332,TRUE,FALSE,TRUE,FALSE,FALSE,FALSE,Disabled,0.000000,0.000000,0.000000,TRUE,-2.225937,-1.441788,0.000000,0.010056,0.050369,0.000000,0.019000,0.019000,0.064000,-20.410000,0.120000,2.530000,-16.070240,Reset,0.182617,0.000000,ResetBack,-2759.000000,-0.300000,LowGoal,1560.000000,-1454.545455,Speed,1575.000000,-1454.545455,Speed,Off,Off0.000000,3,Read: /home/lvuser/scripts/auto_03.bee,File good!,WAIT 500,WAIT
10:36:05.411 AM 03/20/2016,Autonomous Enabled,10,FALSE,0,NO ERROR,0.000000,-1.976329,0.000000,-0.436332,TRUE,FALSE,TRUE,FALSE,FALSE,FALSE,Disabled,0.000000,0.000000,0.000000,TRUE,-2.226395,-1.438721,0.000000,-0.021194,0.057419,0.000000,0.073000,-0.034000,0.051000,-20.410000,0.100000,2.550000,-16.059317,Hold,0.811035,0.000000,ResetBack,-771.000000,-0.300000,LowGoal,1365.000000,-1454.545455,Speed,1342.500000,-1454.545455,Speed,Off,Off0.000000,3,Read: /home/lvuser/scripts/auto_03.bee,File good!,WAIT 500,WAIT
10:36:05.512 AM 03/20/2016,Autonomous Enabled,10,FALSE,0,NO ERROR,0.000000,-1.976329,0.000000,-0.436332,TRUE,FALSE,TRUE,FALSE,FALSE,FALSE,Disabled,0.000000,0.000000,0.000000,TRUE,-2.226715,-1.435577,0.000000,-0.009796,0.067642,0.000000,0.110000,-0.008000,0.053000,-20.400000,0.060000,2.600000,-16.038420,Hold,0.935303,51.000000,ResetBack,-408.000000,-0.300000,LowGoal,1305.000000,-1454.545455,Speed,1237.500000,-1454.545455,Speed,Off,Off0.000000,3,Read: /home/lvuser/scripts/auto_03.bee,File good!,WAIT_FOR_PID,WAIT_FOR_PID
10:36:05.612 AM 03/20/2016,Autonomous Enabled,10,FALSE,0,NO ERROR,0.000000,-1.976329,0.000000,-0.429916,TRUE,FALSE,TRUE,FALSE,FALSE,FALSE,Disabled,0.000000,0.000000,0.000000,TRUE,-2.226410,-1.432404,0.000000,-0.015137,0.078018,0.000000,-0.040000,-0.049000,0.140000,-20.380000,0.130000,2.590000,-16.032544,Hold,4.123779,51.000000,ResetBack,-408.000000,-0.300000,LowGoal,1410.000000,-3272.727273,Speed,1335.000000,-3272.727273,Speed,Off,Off0.000000,3,Read: /home/lvuser/scripts/auto_03.bee,File good!,WAIT_FOR_PID,WAIT_FOR_PID
10:36:05.713 AM 03/20/2016,Autonomous Enabled,10,FALSE,0,NO ERROR,0.000000,-1.976329,0.000000,-0.410666,TRUE,FALSE,TRUE,FALSE,FALSE,FALSE,Disabled,0.000000,0.000000,0.000000,TRUE,-2.226715,-1.429688,0.000000,-0.001358,0.072327,0.000000,0.008000,0.097000,0.137000,-20.390000,0.110000,2.650000,-16.034585,Hold,7.258057,51.000000,ResetBack,-405.000000,-0.300000,LowGoal,1447.500000,-3272.727273,Speed,1462.500000,-3272.727273,Speed,Off,Off0.000000,3,Read: /home/lvuser/scripts/auto_03.bee,File good!,WAIT_FOR_PID,WAIT_FOR_PID
10:36:05.813 AM 03/20/2016,Autonomous Enabled,10,FALSE,0,NO ERROR,0.000000,-1.976329,0.000000,-0.410666,TRUE,FALSE,TRUE,FALSE,FALSE,FALSE,Disabled,0.000000,0.000000,0.000000,TRUE,-2.226868,-1.427841,0.000000,0.003082,0.036285,0.000000,-0.094000,0.034000,-0.001000,-20.430000,0.080000,2.540000,-16.080485,Hold,11.198730,51.000000,ResetBack,-424.000000,-0.300000,LowGoal,1875.000000,-3272.727273,Speed,1800.000000,-3272.727273,Speed,Off,Off0.000000,3,Read: /home/lvuser/scripts/auto_03.bee,File good!,WAIT_FOR_PID,WAIT_FOR_PID
10:36:05.913 AM 03/20/2016,Autonomous Enabled,11,FALSE,0,NO ERROR,0.000000,-1.976329,0.000000,-0.410666,TRUE,FALSE,TRUE,FALSE,FALSE,FALSE,Disabled,0.000000,0.000000,0.000000,TRUE,-2.227676,-1.424377,0.000000,-0.009018,0.077637,0.000000,0.064000,-0.001000,-0.146000,-20.420000,0.050000,2.490000,-16.075435,Hold,15.755127,51.000000,ResetBack,-424.000000,-0.300000,LowGoal,2332.500000,-3272.727273,Speed,2220.000000,-3272.727273,Speed,Off,Off0.000000,3,Read: /home/lvuser/scripts/auto_03.bee,File good!,WAIT_FOR_PID,WAIT_FOR_PID
10:36:06.013 AM 03/20/2016,Autonomous Enabled,10,FALSE,0,NO ERROR,0.000000,-1.976329,0.000000,-0.410666,TRUE,FALSE,TRUE,FALSE,FALSE,FALSE,Disabled,0.000000,0.000000,0.000000,TRUE,-2.226105,-1.424286,0.000000,0.048935,-0.029541,0.000000,0.257000,-0.186000,0.067000,-20.430000,0.070000,2.550000,-16.047233,Hold,21.094482,51.000000,ResetBack,-424.000000,-0.300000,LowGoal,2625.000000,-3272.727273,Speed,2565.000000,-3272.727273,Speed,Off,Off0.000000,3,Read: /home/lvuser/scripts/auto_03.bee,File good!,WAIT_FOR_PID,WAIT_FOR_PID
10:36:06.113 AM 03/20/2016,Autonomous Enabled,10,FALSE,0,NO ERROR,0.000000,-1.976329,0.000000,-0.410666,TRUE,FALSE,TRUE,FALSE,FALSE,FALSE,Disabled,0.000000,0.000000,0.000000,TRUE,-2.222626,-1.426804,0.000000,0.065338,-0.047989,0.000000,0.185000,-0.267000,0.086000,-20.430000,0.040000,2.540000,-16.072450,Hold,26.023438,51.000000,ResetBack,-415.000000,-0.300000,LowGoal,2902.500000,-3272.727273,Speed,2850.000000,-3272.727273,Speed,Off,Off0.000000,3,Read: /home/lvuser/scripts/auto_03.bee,File good!,WAIT_FOR_PID,WAIT_FOR_PID
10:36:06.213 AM 03/20/2016,Autonomous Enabled,11,FALSE,0,NO ERROR,0.000000,-1.976329,0.000000,-0.410666,TRUE,FALSE,TRUE,TRUE,FALSE,TRUE,Disabled,0.000000,0.000000,0.000000,TRUE,-2.218491,-1.430588,0.000000,0.104553,-0.102097,0.000000,0.125000,-0.455000,-0.338000,-20.460000,0.070000,2.500000,-16.107530,Hold,33.106934,51.000000,Reset,-401.000000,2.000000,LowGoal,3135.000000,-3272.727273,Speed,3082.500000,-3272.727273,Speed,Off,Off0.000000,3,Read: /home/lvuser/scripts/auto_03.bee,File good!,SEARCH_FOR_GOAL,SEARCH_FOR_GOAL
10:36:06.313 AM 03/20/2016,Autonomous Enabled,10,FALSE,0,NO ERROR,0.000000,-1.989162,0.000000,-0.436332,TRUE,FALSE,TRUE,TRUE,FALSE,TRUE,Disabled,0.000000,0.000000,0.000000,TRUE,-2.208191,-1.437241,0.000000,0.178482,-0.095703,0.000000,-0.086000,0.407000,0.134000,-20.410000,-0.100000,2.320000,-16.077707,Hold,42.661621,51.000000,Hold,-401.000000,69632.000000,LowGoal,3240.000000,-3272.727273,Speed,3225.000000,-3272.727273,Speed,Off,Off0.000000,3,Read: /home/lvuser/scripts/auto_03.bee,File good!,SEARCH_FOR_GOAL,SEARCH_FOR_GOAL
10:36:06.413 AM 03/20/2016,Autonomous Enabled,10,FALSE,0,NO ERROR,0.000000,-1.989162,0.000000,-0.468416,TRUE,FALSE,TRUE,TRUE,FALSE,TRUE,Disabled,0.000000,0.000000,0.000000,TRUE,-2.201416,-1.440094,0.000000,0.167801,-0.068253,0.000000,-0.101000,-0.140000,-0.048000,-20.320000,-0.420000,2.410000,-15.988149,Hold,51.946045,51.000000,Hold,-394.000000,69632.000000,LowGoal,3195.000000,-3272.727273,Speed,3232.500000,-3272.727273,Speed,Off,Off0.000000,3,Read: /home/lvuser/scripts/auto_03.bee,File good!,SEARCH_FOR_GOAL,SEARCH_FOR_GOAL
10:36:06.512 AM 03/20/2016,Autonomous Enabled,10,FALSE,0,NO ERROR,0.000000,-1.989162,0.000000,-0.474832,TRUE,FALSE,TRUE,TRUE,FALSE,TRUE,Disabled,0.000000,0.000000,0.000000,TRUE,-2.194580,-1.444214,0.000000,0.126129,-0.092300,0.000000,-0.038000,-0.025000,-0.138000,-20.260000,-0.590000,2.350000,-15.957895,Hold,56.528320,51.000000,Hold,-12905.000000,69632.000000,LowGoal,3165.000000,-3272.727273,Speed,3195.000000,-3272.727273,Speed,Off,Off0.000000,3,Read: /home/lvuser/scripts/auto_03.bee,File good!,SEARCH_FOR_GOAL,SEARCH_FOR_GOAL
10:36:06.613 AM 03/20/2016,Autonomous Enabled,10,FALSE,0,NO ERROR,0.000000,-1.976329,0.000000,-0.423499,TRUE,FALSE,TRUE,TRUE,FALSE,TRUE,Disabled,0.000000,0.000000,0.000000,TRUE,-2.185440,-1.450699,0.000000,0.148499,-0.126175,0.000000,-0.038000,-0.025000,-0.138000,-20.290000,-0.150000,2.380000,-16.000934,Hold,56.459229,51.000000,Hold,-25802.000000,69632.000000,LowGoal,3172.500000,-3272.727273,Speed,3187.500000,-3272.727273,Speed,Off,Off0.000000,3,Read: /home/lvuser/scripts/auto_03.bee,File good!,SEARCH_FOR_GOAL,SEARCH_FOR_GOAL
10:36:06.714 AM 03/20/2016,Autonomous Enabled,10,FALSE,0,NO ERROR,0.000000,-1.873662,0.000000,-0.365749,TRUE,FALSE,TRUE,TRUE,FALSE,TRUE,Disabled,0.000000,0.000000,0.000000,TRUE,-2.179550,-1.456528,0.000000,0.103058,-0.105316,0.000000,0.038000,0.020000,0.019000,-20.170000,-0.140000,2.390000,-15.894349,Hold,55.716064,51.000000,Hold,-35983.000000,69632.000000,LowGoal,3180.000000,-3272.727273,Speed,3202.500000,-3272.727273,Speed,Off,Off0.000000,3,Read: /home/lvuser/scripts/auto_03.bee,File good!,SEARCH_FOR_GOAL,SEARCH_FOR_GOAL
10:36:06.814 AM 03/20/2016,Autonomous Enabled,11,FALSE,0,NO ERROR,0.000000,-1.880079,0.000000,-0.365749,TRUE,FALSE,TRUE,TRUE,FALSE,TRUE,Disabled,0.000000,0.000000,0.000000,TRUE,-2.174133,-1.461899,0.000000,0.125443,-0.109070,0.000000,-0.097000,-0.043000,-0.049000,-20.230000,-0.180000,2.320000,-15.920588,Hold,55.661377,51.000000,Hold,-47327.000000,69632.000000,LowGoal,3165.000000,-3272.727273,Speed,3210.000000,-3272.727273,Speed,Off,Off0.000000,3,Read: /home/lvuser/scripts/auto_03.bee,File good!,SEARCH_FOR_GOAL,SEARCH_FOR_GOAL
10:36:06.914 AM 03/20/2016,Autonomous Enabled,11,FALSE,0,NO ERROR,0.000000,-1.880079,0.000000,-0.365749,TRUE,FALSE,TRUE,TRUE,FALSE,TRUE,Disabled,0.000000,0.000000,0.000000,TRUE,-2.165268,-1.467880,0.000000,0.198792,-0.124130,0.000000,0.169000,-0.020000,0.145000,-20.230000,-0.180000,2.320000,-15.928086,Hold,55.614014,51.000000,Hold,-47327.000000,69632.000000,LowGoal,3187.500000,-3272.727273,Speed,3195.000000,-3272.727273,Speed,Off,Off0.000000,3,Read: /home/lvuser/scripts/auto_03.bee,File good!,SEARCH_FOR_GOAL,SEARCH_FOR_GOAL
10:36:07.014 AM 03/20/2016,Autonomous Enabled,10,FALSE,0,NO ERROR,0.000000,-1.880079,0.000000,-0.391416,TRUE,FALSE,TRUE,TRUE,FALSE,TRUE,Disabled,0.000000,0.000000,0.000000,TRUE,-2.156036,-1.473434,0.000000,0.189407,-0.069550,0.000000,0.039000,0.049000,0.144000,-20.230000,-0.160000,2.350000,-15.885313,Hold,55.610107,51.000000,Hold,-59733.000000,69632.000000,LowGoal,3187.500000,-3272.727273,Speed,3202.500000,-3272.727273,Speed,Off,Off0.000000,3,Read: /home/lvuser/scripts/auto_03.bee,File good!,SEARCH_FOR_GOAL,SEARCH_FOR_GOAL
10:36:07.114 AM 03/20/2016,Autonomous Enabled,10,FALSE,0,NO ERROR,0.000000,-2.200912,0.000000,-0.590332,TRUE,FALSE,TRUE,TRUE,FALSE,TRUE,Disabled,0.000000,0.000000,0.000000,TRUE,-2.144089,-1.476212,0.000000,0.234695,-0.070786,0.000000,0.076000,-0.057000,-0.061000,-20.180000,-0.530000,2.430000,-15.833416,Hold,55.571777,51.000000,Hold,-71498.000000,69632.000000,LowGoal,3187.500000,-3272.727273,Speed,3202.500000,-3272.727273,Speed,Off,Off0.000000,3,Read: /home/lvuser/scripts/auto_03.bee,File good!,SEARCH_FOR_GOAL,SEARCH_FOR_GOAL
10:36:07.214 AM 03/20/2016,Autonomous Enabled,11,FALSE,0,NO ERROR,0.000000,-2.258661,0.000000,-0.603165,TRUE,FALSE,TRUE,TRUE,FALSE,TRUE,Disabled,0.000000,0.000000,0.000000,TRUE,-2.135422,-1.483536,0.000000,0.145935,-0.173523,0.000000,-0.151000,-0.280000,-0.051000,-20.120000,-0.520000,2.410000,-15.871408,Hold,55.549561,51.000000,Hold,-69755.000000,69632.000000,LowGoal,3180.000000,-3272.727273,Speed,3187.500000,-3272.727273,Speed,Off,Off0.000000,3,Read: /home/lvuser/scripts/auto_03.bee,File good!,SEARCH_FOR_GOAL,SEARCH_FOR_GOAL
10:36:07.314 AM 03/20/2016,Autonomous Enabled,11,FALSE,0,NO ERROR,0.000000,-2.143162,0.000000,-0.506915,TRUE,FALSE,TRUE,TRUE,FALSE,TRUE,Disabled,0.000000,0.000000,0.000000,TRUE,-2.126953,-1.493332,0.000000,0.187973,-0.186798,0.000000,0.165000,-0.087000,0.003000,-20.120000,-0.300000,2.490000,-15.851882,Hold,54.975586,51.000000,Hold,-69823.000000,69632.000000,LowGoal,3180.000000,-3272.727273,Speed,3195.000000,-3272.727273,Speed,Off,Off0.000000,3,Read: /home/lvuser/scripts/auto_03.bee,File good!,SEARCH_FOR_GOAL,SEARCH_FOR_GOAL
10:36:07.414 AM 03/20/2016,Autonomous Enabled,11,FALSE,0,NO ERROR,0.000000,-2.143162,0.000000,-0.506915,TRUE,FALSE,TRUE,TRUE,FALSE,TRUE,Disabled,0.000000,0.000000,0.000000,TRUE,-2.117432,-1.502472,0.000000,0.174545,-0.185226,0.000000,-0.078000,-0.084000,-0.212000,-20.130000,-0.720000,2.410000,-15.866413,Hold,55.103516,51.000000,Hold,-69698.000000,69632.000000,LowGoal,3187.500000,-3272.727273,Speed,3217.500000,-3272.727273,Speed,Off,Off0.000000,3,Read: /home/lvuser/scripts/auto_03.bee,File good!,SEARCH_FOR_GOAL,SEARCH_FOR_GOAL
10:36:07.514 AM 03/20/2016,Autonomous Enabled,10,FALSE,0,NO ERROR,0.000000,-2.143162,0.000000,-0.506915,TRUE,FALSE,TRUE,TRUE,FALSE,TRUE,Disabled,0.000000,0.000000,0.000000,TRUE,-2.105484,-1.516144,0.000000,0.229675,-0.239594,0.000000,0.037000,-0.082000,0.199000,-20.140000,-0.260000,2.520000,-15.884173,Hold,54.989502,51.000000,Hold,-69698.000000,69632.000000,LowGoal,3195.000000,-3272.727273,Speed,3202.500000,-3272.727273,Speed,Off,Off0.000000,3,Read: /home/lvuser/scripts/auto_03.bee,File good!,SEARCH_FOR_GOAL,SEARCH_FOR_GOAL
10:36:07.615 AM 03/20/2016,Autonomous Enabled,10,FALSE,0,NO ERROR,0.000000,-2.143162,0.000000,-0.506915,TRUE,FALSE,TRUE,TRUE,FALSE,TRUE,Disabled,0.000000,0.000000,0.000000,TRUE,-2.105484,-1.516144,0.000000,0.229675,-0.239594,0.000000,0.108000,0.141000,0.041000,-20.160000,-0.350000,2.430000,-15.854278,Hold,55.039062,51.000000,Hold,-69698.000000,69632.000000,LowGoal,3195.000000,-3272.727273,Speed,3202.500000,-3272.727273,Speed,Off,Off0.000000,3,Read: /home/lvuser/scripts/auto_03.bee,File good!,SEARCH_FOR_GOAL,SEARCH_FOR_GOAL
10:36:07.716 AM 03/20/2016,Autonomous Enabled,10,FALSE,0,NO ERROR,0.000000,-2.143162,0.000000,-0.513332,TRUE,FALSE,TRUE,TRUE,FALSE,TRUE,Enable,0.584375,-23.959375,3.839375,TRUE,-2.104172,-1.525650,0.000000,-0.051514,-0.157349,0.000000,0.015000,0.115000,-0.011000,-20.120000,-0.430000,2.430000,-15.857710,Hold,55.031006,51.000000,Hold,-69698.000000,69632.000000,LowGoal,3187.500000,-3272.727273,Speed,3210.000000,-3272.727273,Speed,Off,Off0.000000,3,Read: /home/lvuser/scripts/auto_03.bee,File good!,SEARCH_FOR_GOAL,SEARCH_FOR_GOAL
10:36:07.816 AM 03/20/2016,Autonomous Enabled,10,FALSE,0,NO ERROR,0.000000,-1.565663,0.000000,-0.988164,TRUE,FALSE,TRUE,TRUE,FALSE,TRUE,PID,0.584375,-23.959375,3.839375,TRUE,-2.107498,-1.533600,0.000000,-0.058960,-0.181686,0.000000,-0.025000,-0.124000,0.037000,-20.130000,-0.370000,2.490000,-15.857710,Hold,55.030762,51.000000,Hold,-69698.000000,69632.000000,LowGoal,3195.000000,-3272.727273,Speed,3202.500000,-3272.727273,Speed,Off,Off0.000000,3,Read: /home/lvuser/scripts/auto_03.bee,File good!,SEARCH_FOR_GOAL,SEARCH_FOR_GOAL
10:36:07.916 AM 03/20/2016,Autonomous Enabled,10,FALSE,0,NO ERROR,0.000000,-1.565663,0.000000,-0.988164,FALSE,FALSE,TRUE,TRUE,FALSE,TRUE,PID,0.584375,-23.959375,3.839375,TRUE,-2.108078,-1.544266,0.000000,0.041153,-0.177948,0.000000,-0.103000,0.278000,0.252000,-19.130000,-0.060000,3.060000,-15.575100,Hold,55.032471,51.000000,Hold,-69701.000000,69632.000000,LowGoal,3157.500000,-3272.727273,Speed,3187.500000,-3272.727273,Speed,Off,Off0.000000,3,Read: /home/lvuser/scripts/auto_03.bee,File good!,SEARCH_FOR_GOAL,SEARCH_FOR_GOAL
10:36:08.017 AM 03/20/2016,Autonomous Enabled,9,FALSE,0,NO ERROR,0.000000,-0.128333,0.000000,-2.521744,FALSE,FALSE,TRUE,TRUE,FALSE,TRUE,PID,0.584375,-23.959375,3.839375,TRUE,-2.105743,-1.546265,0.000000,0.067291,0.005630,0.000000,0.217000,0.018000,0.172000,-13.030000,0.250000,3.480000,-10.619614,Hold,55.033691,51.000000,Hold,-69703.000000,69632.000000,LowGoal,3067.500000,-3272.727273,Speed,3097.500000,-3272.727273,Speed,Off,Off0.000000,3,Read: /home/lvuser/scripts/auto_03.bee,File good!,SEARCH_FOR_GOAL,SEARCH_FOR_GOAL
10:36:08.117 AM 03/20/2016,Autonomous Enabled,10,FALSE,0,NO ERROR,0.000000,1.924995,0.000000,-4.696989,FALSE,FALSE,TRUE,TRUE,FALSE,TRUE,PID,0.584375,-23.959375,3.839375,TRUE,-2.100296,-1.542404,0.000000,0.127029,0.119843,0.000000,0.229000,0.005000,0.114000,-4.290000,0.330000,3.710000,-2.529447,Hold,55.033691,51.000000,Hold,-69704.000000,69632.000000,LowGoal,3060.000000,-3272.727273,Speed,3090.000000,-3272.727273,Speed,Off,Off0.000000,3,Read: /home/lvuser/scripts/auto_03.bee,File good!,SEARCH_FOR_GOAL,SEARCH_FOR_GOAL
10:36:08.217 AM 03/20/2016,Autonomous Enabled,10,FALSE,0,NO ERROR,0.000000,3.978324,0.000000,-6.968484,FALSE,FALSE,TRUE,TRUE,FALSE,TRUE,PID,0.584375,-23.959375,3.839375,TRUE,-2.088745,-1.537354,0.000000,0.207199,-0.022995,0.000000,0.080000,-0.460000,-0.117000,4.750000,0.260000,3.480000,6.449127,Hold,55.033691,51.000000,Hold,-69705.000000,69632.000000,LowGoal,3157.500000,-3272.727273,Speed,3157.500000,-3272.727273,Speed,Off,Off0.000000,3,Read: /home/lvuser/scripts/auto_03.bee,File good!,SEARCH_FOR_GOAL,SEARCH_FOR_GOAL
10:36:08.317 AM 03/20/2016,Autonomous Enabled,10,FALSE,0,NO ERROR,0.000000,5.049905,0.000000,-8.033648,FALSE,FALSE,TRUE,TRUE,FALSE,TRUE,PID,0.584375,-23.959375,3.839375,TRUE,-2.082825,-1.542633,0.000000,0.115585,-0.175537,0.000000,-0.798000,-0.656000,-0.320000,11.690000,-0.450000,3.040000,13.950202,Hold,55.032959,51.000000,Hold,-69705.000000,69632.000000,LowGoal,3217.500000,-3272.727273,Speed,3202.500000,-3272.727273,Speed,Off,Off0.000000,3,Read: /home/lvuser/scripts/auto_03.bee,File good!,SEARCH_FOR_GOAL,SEARCH_FOR_GOAL
10:36:08.417 AM 03/20/2016,Autonomous Enabled,10,FALSE,0,NO ERROR,0.000000,4.825322,0.000000,-7.847565,TRUE,FALSE,TRUE,TRUE,FALSE,TRUE,PID,0.584375,-23.959375,3.839375,TRUE,-2.088974,-1.561584,0.000000,-0.204330,-0.437820,0.000000,-0.074000,-0.075000,0.027000,11.050000,-1.080000,2.020000,15.044829,Hold,55.030762,51.000000,Hold,-69705.000000,69632.000000,LowGoal,3195.000000,-3272.727273,Speed,3172.500000,-3272.727273,Speed,Off,Off0.000000,3,Read: /home/lvuser/scripts/auto_03.bee,File good!,SEARCH_FOR_GOAL,SEARCH_FOR_GOAL
10:36:08.517 AM 03/20/2016,Autonomous Enabled,9,FALSE,0,NO ERROR,0.000000,3.772991,0.000000,-6.827317,TRUE,FALSE,TRUE,TRUE,FALSE,TRUE,PID,0.584375,-23.959375,3.839375,TRUE,-2.100327,-1.583694,0.000000,-0.225159,-0.429092,0.000000,0.065000,0.102000,0.073000,6.750000,-1.120000,1.890000,10.260190,Hold,55.030762,51.000000,Hold,-69705.000000,69632.000000,LowGoal,3165.000000,-3272.727273,Speed,3157.500000,-3272.727273,Speed,Off,Off0.000000,3,Read: /home/lvuser/scripts/auto_03.bee,File good!,SEARCH_FOR_GOAL,SEARCH_FOR_GOAL
10:36:08.617 AM 03/20/2016,Autonomous Enabled,9,FALSE,0,NO ERROR,0.000000,2.778410,0.000000,-6.005986,TRUE,FALSE,TRUE,TRUE,FALSE,TRUE,PID,0.584375,-23.959375,3.839375,TRUE,-2.110718,-1.609207,0.000000,-0.121567,-0.444687,0.000000,0.133000,-0.050000,0.107000,2.860000,-1.030000,2.070000,6.491997,Hold,55.030762,51.000000,Hold,-69705.000000,69632.000000,LowGoal,3187.500000,-3272.727273,Speed,3180.000000,-3272.727273,Speed,Off,Off0.000000,3,Read: /home/lvuser/scripts/auto_03.bee,File good!,SEARCH_FOR_GOAL,SEARCH_FOR_GOAL
10:36:08.717 AM 03/20/2016,Autonomous Enabled,9,FALSE,0,NO ERROR,0.000000,2.669327,0.000000,-6.172819,TRUE,FALSE,TRUE,TRUE,FALSE,TRUE,Disabled,0.000000,-23.959375,3.839375,TRUE,-2.115829,-1.628494,0.000000,-0.074661,-0.265396,0.000000,0.043000,0.262000,0.138000,1.010000,-0.430000,2.750000,4.556291,Hold,55.029541,51.000000,Hold,-69705.000000,69632.000000,LowGoal,3202.500000,-3272.727273,Speed,3210.000000,-3272.727273,Speed,Off,Off0.000000,3,Read: /home/lvuser/scripts/auto_03.bee,File good!,SEARCH_FOR_GOAL,SEARCH_FOR_GOAL
10:36:08.817 AM 03/20/2016,Autonomous Enabled,10,FALSE,0,NO ERROR,0.000000,2.797660,0.000000,-6.455152,TRUE,FALSE,TRUE,TRUE,FALSE,TRUE,Disabled,0.000000,-23.959375,3.839375,TRUE,-2.118759,-1.632782,0.000000,-0.068665,-0.016754,0.000000,-0.137000,-0.174000,0.043000,2.770000,-0.470000,2.620000,6.185606,Hold,55.029541,51.000000,Hold,-69705.000000,69632.000000,LowGoal,3210.000000,-3272.727273,Speed,3202.500000,-3272.727273,Speed,Off,Off0.000000,3,Read: /home/lvuser/scripts/auto_03.bee,File good!,SEARCH_FOR_GOAL,SEARCH_FOR_GOAL
10:36:08.917 AM 03/20/2016,Autonomous Enabled,8,FALSE,0,NO ERROR,0.000000,2.842577,0.000000,-6.448735,TRUE,FALSE,TRUE,TRUE,FALSE,TRUE,Disabled,0.000000,-23.959375,3.839375,TRUE,-2.122818,-1.638885,0.000000,-0.074265,-0.192322,0.000000,0.069000,-0.088000,0.037000,2.710000,-0.610000,2.340000,6.482210,Hold,55.029297,51.000000,Hold,-69705.000000,69632.000000,LowGoal,3217.500000,-3272.727273,Speed,3195.000000,-3272.727273,Speed,Off,Off0.000000,3,Read: /home/lvuser/scripts/auto_03.bee,File good!,SEARCH_FOR_GOAL,SEARCH_FOR_GOAL
10:36:09.017 AM 03/20/2016,Autonomous Enabled,9,FALSE,0,NO ERROR,0.000000,2.810493,0.000000,-6.371735,TRUE,FALSE,TRUE,TRUE,FALSE,TRUE,Disabled,0.000000,-23.959375,3.839375,TRUE,-2.126465,-1.648300,0.000000,-0.081741,-0.136307,0.000000,-0.146000,0.170000,-0.129000,2.320000,-0.460000,2.410000,6.012445,Hold,55.029297,51.000000,Hold,-69705.000000,69632.000000,LowGoal,3217.500000,-3272.727273,Speed,3210.000000,-3272.727273,Speed,Off,Off0.000000,3,Read: /home/lvuser/scripts/auto_03.bee,File good!,SEARCH_FOR_GOAL,SEARCH_FOR_GOAL
10:36:09.117 AM 03/20/2016,Autonomous Enabled,9,FALSE,0,NO ERROR,0.000000,2.804077,0.000000,-6.371735,TRUE,FALSE,TRUE,TRUE,FALSE,TRUE,Disabled,0.000000,-23.959375,3.839375,TRUE,-2.131958,-1.652603,0.000000,-0.128113,-0.084000,0.000000,-0.118000,-0.068000,0.080000,2.390000,-0.590000,2.460000,6.051360,Hold,55.029297,51.000000,Hold,-69705.000000,69632.000000,LowGoal,3217.500000,-3272.727273,Speed,3210.000000,-3272.727273,Speed,Off,Off0.000000,3,Read: /home/lvuser/scripts/auto_03.bee,File good!,SEARCH_FOR_GOAL,SEARCH_FOR_GOAL
10:36:09.217 AM 03/20/2016,Autonomous Enabled,9,FALSE,0,NO ERROR,0.000000,2.804077,0.000000,-6.371735,TRUE,FALSE,TRUE,TRUE,FALSE,TRUE,Disabled,0.000000,-23.959375,3.839375,TRUE,-2.138489,-1.657883,0.000000,-0.117218,0.000000,0.000000,-0.066000,0.031000,0.091000,2.400000,-0.480000,2.480000,6.051866,Hold,55.029297,51.000000,Hold,-69705.000000,69632.000000,LowGoal,3217.500000,-3272.727273,Speed,3195.000000,-3272.727273,Speed,Off,Off0.000000,3,Read: /home/lvuser/scripts/auto_03.bee,File good!,SEARCH_FOR_GOAL,SEARCH_FOR_GOAL
10:36:09.317 AM 03/20/2016,Autonomous Enabled,10,FALSE,0,NO ERROR,0.000000,2.804077,0.000000,-6.371735,TRUE,FALSE,TRUE,TRUE,FALSE,TRUE,Disabled,0.000000,-23.959375,3.839375,TRUE,-2.144653,-1.654175,0.000000,-0.083817,0.130341,0.000000,-0.081000,-0.007000,-0.048000,2.400000,-0.500000,2.520000,6.072524,Hold,55.029297,51.000000,Hold,-69705.000000,69632.000000,LowGoal,3202.500000,-3272.727273,Speed,3202.500000,-3272.727273,Speed,Off,Off0.000000,3,Read: /home/lvuser/scripts/auto_03.bee,File good!,SEARCH_FOR_GOAL,SEARCH_FOR_GOAL
10:36:09.417 AM 03/20/2016,Autonomous Enabled,11,FALSE,0,NO ERROR,0.000000,2.804077,0.000000,-6.371735,TRUE,FALSE,TRUE,TRUE,FALSE,TRUE,Disabled,0.000000,-23.959375,3.839375,TRUE,-2.149475,-1.647110,0.000000,-0.114105,0.106796,0.000000,0.050000,-0.167000,0.194000,2.380000,-0.480000,2.580000,6.041356,Hold,55.029053,51.000000,Hold,-69705.000000,69632.000000,LowGoal,3195.000000,-3272.727273,Speed,3210.000000,-3272.727273,Speed,Off,Off0.000000,3,Read: /home/lvuser/scripts/auto_03.bee,File good!,SEARCH_FOR_GOAL,SEARCH_FOR_GOAL
10:36:09.517 AM 03/20/2016,Autonomous Enabled,10,FALSE,0,NO ERROR,0.000000,2.804077,0.000000,-6.371735,TRUE,FALSE,TRUE,TRUE,FALSE,TRUE,Disabled,0.000000,-23.959375,3.839375,TRUE,-2.155228,-1.645477,0.000000,-0.114746,0.016022,0.000000,0.137000,0.105000,0.137000,2.400000,-0.510000,2.530000,6.047363,Hold,55.029053,51.000000,Hold,-69705.000000,69632.000000,LowGoal,3202.500000,-3272.727273,Speed,3210.000000,-3272.727273,Speed,Off,Off0.000000,3,Read: /home/lvuser/scripts/auto_03.bee,File good!,SEARCH_FOR_GOAL,SEARCH_FOR_GOAL
10:36:09.617 AM 03/20/2016,Autonomous Enabled,10,FALSE,0,NO ERROR,0.000000,2.804077,0.000000,-6.371735,TRUE,FALSE,TRUE,TRUE,FALSE,FALSE,Disabled,0.000000,-23.959375,3.839375,TRUE,-2.159515,-1.642075,0.000000,-0.075958,0.112442,0.000000,-0.119000,-0.102000,-0.054000,2.390000,-0.470000,2.530000,6.044554,Hold,55.029053,51.000000,Hold,-69705.000000,69632.000000,LowGoal,3210.000000,-3272.727273,Speed,3210.000000,-3272.727273,Speed,Off,Off0.000000,3,Read: /home/lvuser/scripts/auto_03.bee,File good!,SHOOT,SHOOT
10:36:09.717 AM 03/20/2016,Autonomous Enabled,10,FALSE,0,NO ERROR,0.000000,2.804077,0.000000,-6.371735,TRUE,FALSE,TRUE,TRUE,FALSE,FALSE,Enable,0.009375,-0.384375,2.774375,TRUE,-2.163712,-1.637497,0.000000,-0.088242,0.046921,0.000000,0.047000,-0.147000,0.209000,2.390000,-0.520000,2.530000,6.043056,Hold,55.029053,51.000000,Hold,-69705.000000,69632.000000,Shoot,3202.500000,-3272.727273,Speed,3210.000000,-3272.727273,Speed,Off,Off0.000000,3,Read: /home/lvuser/scripts/auto_03.bee,File good!,SHOOT,SHOOT
10:36:09.819 AM 03/20/2016,Autonomous Enabled,11,FALSE,0,NO ERROR,0.000000,2.804077,0.000000,-6.371735,TRUE,FALSE,TRUE,TRUE,FALSE,FALSE,Suspended,0.009375,-0.384375,2.774375,TRUE,-2.169052,-1.639252,0.000000,-0.113831,-0.052933,0.000000,0.042000,0.188000,0.067000,2.400000,-0.510000,2.450000,6.053384,Hold,55.029053,51.000000,Hold,-69705.000000,69632.000000,Shoot,3210.000000,-3272.727273,Speed,3210.000000,-3272.727273,Speed,Off,On0.000000,3,Read: /home/lvuser/scripts/auto_03.bee,File good!,SHOOT,SHOOT
10:36:09.919 AM 03/20/2016,Autonomous Enabled,10,FALSE,0,NO ERROR,0.000000,2.804077,0.000000,-6.371735,TRUE,FALSE,TRUE,TRUE,FALSE,FALSE,Disabled,0.009375,-0.384375,2.774375,TRUE,-2.172714,-1.637421,0.000000,-0.054169,0.088684,0.000000,0.035000,-0.041000,0.018000,2.390000,-0.490000,2.530000,6.042733,Hold,55.029053,51.000000,Hold,-69705.000000,69632.000000,Shoot,3210.000000,-3272.727273,Speed,3217.500000,-3272.727273,Speed,Off,On0.000000,3,Read: /home/lvuser/scripts/auto_03.bee,File good!,SHOOT,SHOOT
10:36:10.019 AM 03/20/2016,Autonomous Enabled,10,FALSE,0,NO ERROR,0.000000,2.804077,0.000000,-6.371735,TRUE,FALSE,TRUE,TRUE,FALSE,FALSE,Disabled,0.009375,-0.384375,2.774375,TRUE,-2.174789,-1.633438,0.000000,-0.054825,0.033188,0.000000,0.061000,-0.229000,0.009000,2.400000,-0.520000,2.530000,6.068975,Hold,55.029053,51.000000,Hold,-69705.000000,69632.000000,Shoot,3210.000000,-3272.727273,Speed,3202.500000,-3272.727273,Speed,Off,On0.000000,3,Read: /home/lvuser/scripts/auto_03.bee,File good!,SHOOT,SHOOT
10:36:10.119 AM 03/20/2016,Autonomous Enabled,9,FALSE,0,NO ERROR,0.000000,2.804077,0.000000,-6.371735,TRUE,FALSE,TRUE,TRUE,FALSE,FALSE,Disabled,0.009375,-0.384375,2.774375,TRUE,-2.178879,-1.634995,0.000000,-0.104218,-0.025131,0.000000,-0.038000,0.319000,0.092000,2.400000,-0.490000,2.460000,6.056289,Hold,55.028809,51.000000,Hold,-69705.000000,69632.000000,Shoot,3202.500000,-3272.727273,Speed,3210.000000,-3272.727273,Speed,On,On0.000000,3,Read: /home/lvuser/scripts/auto_03.bee,File good!,WAIT 500,WAIT
10:36:10.219 AM 03/20/2016,Autonomous Enabled,10,FALSE,0,NO ERROR,0.000000,2.804077,0.000000,-6.358902,TRUE,FALSE,FALSE,TRUE,FALSE,FALSE,Disabled,0.009375,-0.384375,2.774375,TRUE,-2.183182,-1.630310,0.000000,-0.071335,0.148819,0.000000,-0.005000,0.085000,0.131000,2.420000,-0.690000,2.510000,6.066101,Hold,55.028809,51.000000,Hold,-69705.000000,69632.000000,Shoot,3195.000000,-3272.727273,Speed,3210.000000,-3272.727273,Speed,On,On0.000000,3,Read: /home/lvuser/scripts/auto_03.bee,File good!,WAIT 500,WAIT
10:36:10.319 AM 03/20/2016,Autonomous Enabled,10,FALSE,0,NO ERROR,0.000000,2.804077,0.000000,-6.339652,TRUE,FALSE,FALSE,TRUE,FALSE,FALSE,Disabled,0.009375,-0.384375,2.774375,TRUE,-2.181534,-1.620880,0.000000,0.039459,0.145706,0.000000,-0.042000,-0.084000,-0.018000,2.460000,-0.410000,2.570000,6.122786,Hold,55.028809,51.000000,Hold,-69705.000000,69632.000000,Shoot,2400.000000,-3272.727273,Speed,2317.500000,-3272.727273,Speed,On,On0.000000,3,Read: /home/lvuser/scripts/auto_03.bee,File good!,WAIT 500,WAIT
10:36:10.419 AM 03/20/2016,Autonomous Enabled,10,FALSE,0,NO ERROR,0.000000,2.804077,0.000000,-6.339652,TRUE,FALSE,FALSE,TRUE,FALSE,FALSE,Disabled,0.009375,-0.384375,2.774375,TRUE,-2.177078,-1.615234,0.000000,0.094711,0.148254,0.000000,-0.110000,0.078000,-0.097000,2.370000,-0.420000,2.530000,6.022249,Hold,55.028809,51.000000,Hold,-69705.000000,69632.000000,Shoot,2167.500000,-3272.727273,Speed,2190.000000,-3272.727273,Speed,On,On0.000000,3,Read: /home/lvuser/scripts/auto_03.bee,File good!,WAIT 500,WAIT
10:36:10.519 AM 03/20/2016,Autonomous Enabled,10,FALSE,0,NO ERROR,0.000000,2.804077,0.000000,-6.339652,TRUE,FALSE,FALSE,TRUE,FALSE,FALSE,Disabled,0.009375,-0.384375,2.774375,TRUE,-2.172928,-1.606628,0.000000,0.076767,0.164810,0.000000,0.062000,0.040000,-0.003000,2.340000,-0.500000,2.540000,6.005959,Hold,55.028809,51.000000,Hold,-69705.000000,69632.000000,Shoot,2610.000000,-3272.727273,Speed,2587.500000,-3272.727273,Speed,On,On0.000000,3,Read: /home/lvuser/scripts/auto_03.bee,File good!,WAIT 500,WAIT
10:36:10.619 AM 03/20/2016,Autonomous Enabled,10,FALSE,0,NO ERROR,0.000000,2.804077,0.000000,-6.339652,TRUE,FALSE,FALSE,TRUE,FALSE,FALSE,Disabled,0.009375,-0.384375,2.774375,TRUE,-2.168930,-1.598007,0.000000,0.093765,0.173386,0.000000,-0.148000,0.161000,0.027000,2.360000,-0.470000,2.590000,6.016287,Hold,55.028809,51.000000,Hold,-69705.000000,69632.000000,Shoot,2970.000000,-3272.727273,Speed,2857.500000,-3272.727273,Speed,On,On0.000000,3,Read: /home/lvuser/scripts/auto_03.bee,File good!,WAIT 500,WAIT
10:36:10.720 AM 03/20/2016,Autonomous Enabled,9,FALSE,0,NO ERROR,0.000000,2.804077,0.000000,-6.339652,TRUE,FALSE,FALSE,TRUE,FALSE,FALSE,Disabled,0.000000,-0.384375,2.774375,TRUE,-2.168930,-1.598007,0.000000,0.093765,0.173386,0.000000,-0.148000,0.161000,0.027000,2.360000,-0.470000,2.590000,6.053126,Hold,55.028809,51.000000,Hold,-69705.000000,69632.000000,Shoot,3195.000000,-3272.727273,Speed,3135.000000,-3272.727273,Speed,On,On0.000000,3,Read: /home/lvuser/scripts/auto_03.bee,File good!,STOP_ALL,STOP_ALL
10:36:10.820 AM 03/20/2016,Autonomous Enabled,10,FALSE,0,NO ERROR,0.000000,2.804077,0.000000,-6.339652,TRUE,FALSE,FALSE,TRUE,FALSE,FALSE,Disabled,0.000000,-0.384375,2.774375,TRUE,-2.163589,-1.579254,0.000000,-0.011154,0.134644,0.000000,-0.094000,0.080000,0.002000,2.340000,-0.470000,2.470000,6.013010,Hold,55.028809,51.000000,Hold,-69705.000000,69632.000000,Shoot,3300.000000,-3272.727273,Speed,3285.000000,-3272.727273,Speed,On,On0.000000,3,Read: /home/lvuser/scripts/auto_03.bee,File good!,STOP_ALL,STOP_ALL
10:36:10.920 AM 03/20/2016,Autonomous Enabled,10,FALSE,0,NO ERROR,0.000000,2.804077,0.000000,-6.339652,TRUE,FALSE,FALSE,TRUE,FALSE,FALSE,Disabled,0.000000,-0.384375,2.774375,TRUE,-2.164719,-1.572021,0.000000,-0.034439,0.170029,0.000000,0.244000,0.063000,0.010000,2.360000,-0.470000,2.410000,6.026205,Hold,55.028564,51.000000,Hold,-69705.000000,69632.000000,Shoot,3232.500000,-3272.727273,Speed,3240.000000,-3272.727273,Speed,On,On0.000000,3,Read: /home/lvuser/scripts/auto_03.bee,File good!,STOP_ALL,STOP_ALL
10:36:11.020 AM 03/20/2016,Autonomous Enabled,10,FALSE,0,NO ERROR,0.000000,2.804077,0.000000,-6.339652,TRUE,FALSE,FALSE,TRUE,FALSE,FALSE,Disabled,0.000000,-0.384375,2.774375,TRUE,-2.166290,-1.562866,0.000000,-0.028229,0.161331,0.000000,-0.091000,-0.168000,-0.126000,2.360000,-0.420000,2.360000,6.037293,Hold,55.028564,51.000000,Hold,-69705.000000,69632.000000,Shoot,3217.500000,-3272.727273,Speed,3202.500000,-3272.727273,Speed,On,On0.000000,3,Read: /home/lvuser/scripts/auto_03.bee,File good!,STOP_ALL,STOP_ALL
10:36:11.120 AM 03/20/2016,Autonomous Enabled,9,FALSE,0,NO ERROR,0.000000,2.804077,0.000000,-6.339652,TRUE,FALSE,FALSE,TRUE,FALSE,FALSE,Disabled,0.000000,-0.384375,2.774375,TRUE,-2.167313,-1.555649,0.000000,-0.012878,0.140091,0.000000,0.118000,0.220000,0.143000,2.340000,-0.440000,2.300000,6.018938,Hold,55.028564,51.000000,Hold,-69705.000000,69632.000000,Shoot,3240.000000,-3272.727273,Speed,3217.500000,-3272.727273,Speed,On,On0.000000,3,Read: /home/lvuser/scripts/auto_03.bee,File good!,STOP_ALL,STOP_ALL
10:36:11.220 AM 03/20/2016,Autonomous Enabled,10,FALSE,0,NO ERROR,0.000000,2.804077,0.000000,-6.339652,TRUE,FALSE,FALSE,TRUE,FALSE,FALSE,Disabled,0.000000,-0.384375,2.774375,TRUE,-2.166382,-1.547409,0.000000,0.037170,0.188416,0.000000,0.035000,-0.177000,-0.056000,2.350000,-0.430000,2.420000,5.977978,Hold,55.028564,51.000000,Hold,-69705.000000,69632.000000,Shoot,3217.500000,-3272.727273,Speed,3217.500000,-3272.727273,Speed,On,On0.000000,3,Read: /home/lvuser/scripts/auto_03.bee,File good!,STOP_ALL,STOP_ALL
10:36:11.320 AM 03/20/2016,Autonomous Enabled,10,FALSE,0,NO ERROR,0.000000,2.804077,0.000000,-6.339652,TRUE,FALSE,FALSE,TRUE,FALSE,FALSE,Disabled,0.000000,-0.384375,2.774375,TRUE,-2.164413,-1.538040,0.000000,0.020508,0.179779,0.000000,-0.169000,-0.093000,-0.040000,2.350000,-0.440000,2.410000,5.978364,Hold,55.028564,51.000000,Hold,-69705.000000,69632.000000,Shoot,3187.500000,-3272.727273,Speed,3225.000000,-3272.727273,Speed,On,On0.000000,3,Read: /home/lvuser/scripts/auto_03.bee,File good!,STOP_ALL,STOP_ALL
10:36:11.420 AM 03/20/2016,Autonomous Enabled,9,FALSE,0,NO ERROR,0.000000,2.804077,0.000000,-6.339652,TRUE,FALSE,FALSE,TRUE,FALSE,FALSE,Disabled,0.000000,-0.384375,2.774375,TRUE,-2.164764,-1.534393,0.000000,-0.006027,0.028305,0.000000,0.113000,0.240000,0.091000,2.350000,-0.490000,2.450000,5.992292,Hold,55.028564,51.000000,Hold,-69705.000000,69632.000000,Dwell,3210.000000,-3272.727273,Speed,3217.500000,-3272.727273,Speed,On,Off0.000000,3,Read: /home/lvuser/scripts/auto_03.bee,File good!,STOP_ALL,STOP_ALL
10:36:11.520 AM 03/20/2016,Autonomous Enabled,10,FALSE,0,NO ERROR,0.000000,2.804077,0.000000,-6.339652,TRUE,FALSE,FALSE,TRUE,FALSE,FALSE,Disabled,0.000000,-0.384375,2.774375,TRUE,-2.164551,-1.530106,0.000000,0.019653,0.117737,0.000000,0.138000,-0.122000,0.018000,2.350000,-0.480000,2.530000,5.996974,Hold,55.028564,51.000000,Hold,-69705.000000,69632.000000,Dwell,3202.500000,-3272.727273,Speed,3202.500000,-3272.727273,Speed,Off,Off0.000000,3,Read: /home/lvuser/scripts/auto_03.bee,File good!,STOP_ALL,STOP_ALL
10:36:11.620 AM 03/20/2016,Autonomous Enabled,10,FALSE,0,NO ERROR,0.000000,2.804077,0.000000,-6.339652,TRUE,FALSE,FALSE,TRUE,FALSE,FALSE,Disabled,0.000000,-0.384375,2.774375,TRUE,-2.161621,-1.525436,0.000000,0.051575,0.053391,0.000000,-0.289000,-0.126000,-0.056000,2.350000,-0.450000,2.580000,6.005491,Hold,55.028320,51.000000,Hold,-69705.000000,69632.000000,Dwell,3202.500000,-3272.727273,Speed,3202.500000,-3272.727273,Speed,Off,Off0.000000,3,Read: /home/lvuser/scripts/auto_03.bee,File good!,STOP_ALL,STOP_ALL
10:36:11.720 AM 03/20/2016,Autonomous Enabled,9,FALSE,0,NO ERROR,0.000000,2.804077,0.000000,-6.339652,TRUE,FALSE,FALSE,TRUE,FALSE,FALSE,Disabled,0.009375,-0.384375,2.774375,TRUE,-2.161438,-1.524597,0.000000,-0.008377,0.050781,0.000000,0.184000,0.233000,0.227000,2.350000,-0.510000,2.580000,5.991170,Hold,55.028320,51.000000,Hold,-69705.000000,69632.000000,Dwell,3202.500000,-3272.727273,Speed,3210.000000,-3272.727273,Speed,Off,Off0.000000,3,Read: /home/lvuser/scripts/auto_03.bee,File good!,STOP_ALL,STOP_ALL
10:36:11.820 AM 03/20/2016,Autonomous Enabled,9,FALSE,0,NO ERROR,0.000000,2.804077,0.000000,-6.339652,TRUE,FALSE,FALSE,TRUE,FALSE,FALSE,Disabled,0.009375,-0.384375,2.774375,TRUE,-2.161423,-1.520584,0.000000,0.010284,0.132874,0.000000,0.029000,-0.108000,-0.153000,2.350000,-0.480000,2.640000,5.986784,Hold,55.028320,51.000000,Hold,-69705.000000,69632.000000,Dwell,3210.000000,-3272.727273,Speed,3217.500000,-3272.727273,Speed,Off,Off0.000000,3,Read: /home/lvuser/scripts/auto_03.bee,File good!,STOP_ALL,STOP_ALL
10:36:11.920 AM 03/20/2016,Autonomous Enabled,10,FALSE,0,NO ERROR,0.000000,2.804077,0.000000,-6.339652,TRUE,FALSE,FALSE,TRUE,FALSE,FALSE,Disabled,0.009375,-0.384375,2.774375,TRUE,-2.158463,-1.514084,0.000000,0.061722,0.067963,0.000000,-0.026000,0.025000,-0.001000,2.340000,-0.470000,2.640000,5.987827,Hold,55.028320,51.000000,Hold,-69705.000000,69632.000000,Dwell,3210.000000,-3272.727273,Speed,3225.000000,-3272.727273,Speed,Off,Off0.000000,3,Read: /home/lvuser/scripts/auto_03.bee,File good!,STOP_ALL,STOP_ALL
10:36:12.020 AM 03/20/2016,Autonomous Enabled,9,FALSE,0,NO ERROR,0.000000,2.804077,0.000000,-6.339652,TRUE,FALSE,FALSE,TRUE,FALSE,FALSE,Disabled,0.009375,-0.384375,2.774375,TRUE,-2.155533,-1.510132,0.000000,0.059952,0.124786,0.000000,0.099000,0.204000,0.154000,2.340000,-0.460000,2.550000,5.971158,Hold,55.028320,51.000000,Hold,-69705.000000,69632.000000,Dwell,3210.000000,-3272.727273,Speed,3217.500000,-3272.727273,Speed,Off,Off0.000000,3,Read: /home/lvuser/scripts/auto_03.bee,File good!,STOP_ALL,STOP_ALL
10:36:12.120 AM 03/20/2016,Autonomous Enabled,10,FALSE,0,NO ERROR,0.000000,2.804077,0.000000,-6.339652,TRUE,FALSE,FALSE,TRUE,FALSE,FALSE,Disabled,0.009375,-0.384375,2.774375,TRUE,-2.153961,-1.501572,0.000000,0.024414,0.163834,0.000000,0.158000,-0.091000,0.068000,2.350000,-0.440000,2.580000,5.963419,Hold,55.028320,51.000000,Hold,-69705.000000,69632.000000,Dwell,3217.500000,-3272.727273,Speed,3202.500000,-3272.727273,Speed,Off,Off0.000000,3,Read: /home/lvuser/scripts/auto_03.bee,File good!,STOP_ALL,STOP_ALL
10:36:12.221 AM 03/20/2016,Autonomous Enabled,10,FALSE,0,NO ERROR,0.000000,2.804077,0.000000,-6.339652,TRUE,FALSE,FALSE,TRUE,FALSE,FALSE,Disabled,0.009375,-0.384375,2.774375,TRUE,-2.151840,-1.497208,0.000000,0.050629,0.040894,0.000000,-0.014000,-0.083000,0.036000,2.340000,-0.430000,2.520000,5.936075,Hold,55.028320,51.000000,Hold,-69705.000000,69632.000000,Dwell,3210.000000,-3272.727273,Speed,3217.500000,-3272.727273,Speed,Off,Off0.000000,3,Read: /home/lvuser/scripts/auto_03.bee,File good!,STOP_ALL,STOP_ALL
10:36:12.321 AM 03/20/2016,Autonomous Enabled,10,FALSE,0,NO ERROR,0.000000,2.804077,0.000000,-6.339652,TRUE,FALSE,FALSE,TRUE,FALSE,FALSE,Disabled,0.009375,-0.384375,2.774375,TRUE,-2.150909,-1.493622,0.000000,0.011597,0.111359,0.000000,0.000000,0.034000,0.030000,2.350000,-0.430000,2.520000,5.941793,Hold,55.028076,51.000000,Hold,-69705.000000,69632.000000,Dwell,3202.500000,-3272.727273,Speed,3232.500000,-3272.727273,Speed,Off,Off0.000000,3,Read: /home/lvuser/scripts/auto_03.bee,File good!,STOP_ALL,STOP_ALL
10:36:12.421 AM 03/20/2016,Autonomous Enabled,10,FALSE,0,NO ERROR,0.000000,2.804077,0.000000,-6.339652,TRUE,FALSE,FALSE,TRUE,FALSE,FALSE,Disabled,0.009375,-0.384375,2.774375,TRUE,-2.150162,-1.489426,0.000000,0.003555,0.037796,0.000000,0.026000,-0.007000,0.173000,2.350000,-0.450000,2.570000,5.932629,Hold,55.028076,51.000000,Hold,-69705.000000,69632.000000,Dwell,3210.000000,-3272.727273,Speed,3232.500000,-3272.727273,Speed,Off,Off0.000000,3,Read: /home/lvuser/scripts/auto_03.bee,File good!,STOP_ALL,STOP_ALL
10:36:12.521 AM 03/20/2016,Autonomous Enabled,10,FALSE,0,NO ERROR,0.000000,2.804077,0.000000,-6.339652,TRUE,FALSE,FALSE,TRUE,FALSE,FALSE,Disabled,0.009375,-0.384375,2.774375,TRUE,-2.151291,-1.487457,0.000000,-0.025269,0.079453,0.000000,0.026000,-0.007000,0.173000,2.340000,-0.430000,2.590000,5.906066,Hold,55.028076,51.000000,Hold,-69705.000000,69632.000000,Dwell,3217.500000,-3272.727273,Speed,3217.500000,-3272.727273,Speed,Off,Off0.000000,3,Read: /home/lvuser/scripts/auto_03.bee,File good!,STOP_ALL,STOP_ALL
10:36:12.622 AM 03/20/2016,Autonomous Enabled,10,FALSE,0,NO ERROR,0.000000,2.804077,0.000000,-6.339652,TRUE,FALSE,FALSE,TRUE,FALSE,FALSE,Disabled,0.009375,-0.384375,2.774375,TRUE,-2.152710,-1.480225,0.000000,-0.022232,0.167877,0.000000,0.107000,0.050000,0.113000,2.350000,-0.450000,2.580000,5.891491,Hold,55.028076,51.000000,Hold,-69705.000000,69632.000000,Empty,3210.000000,0.000000,Speed,3210.000000,0.000000,Speed,Off,Off0.000000,3,Read: /home/lvuser/scripts/auto_03.bee,File good!,STOP_ALL,STOP_ALL
10:36:12.723 AM 03/20/2016,Autonomous Enabled,10,FALSE,0,NO ERROR,0.000000,2.804077,0.000000,-6.339652,TRUE,FALSE,FALSE,TRUE,FALSE,FALSE,Disabled,0.000000,-0.384375,2.774375,TRUE,-2.153183,-1.474564,0.000000,-0.014450,0.075546,0.000000,0.107000,0.050000,0.113000,2.350000,-0.440000,2.610000,5.906782,Hold,55.028076,51.000000,Hold,-69705.000000,69632.000000,Empty,3195.000000,0.000000,Speed,3172.500000,0.000000,Speed,Off,Off0.000000,3,Read: /home/lvuser/scripts/auto_03.bee,File good!,STOP_ALL,STOP_ALL
10:36:12.823 AM 03/20/2016,Autonomous Enabled,9,FALSE,0,NO ERROR,0.000000,2.804077,0.000000,-6.339652,TRUE,FALSE,FALSE,TRUE,FALSE,FALSE,Disabled,0.000000,-0.384375,2.774375,TRUE,-2.155731,-1.473007,0.000000,-0.060135,0.018768,0.000000,0.035000,-0.101000,-0.141000,2.350000,-0.390000,2.550000,5.902211,Hold,55.028076,51.000000,Hold,-69705.000000,69632.000000,Empty,2970.000000,0.000000,Speed,2940.000000,0.000000,Speed,Off,Off0.000000,3,Read: /home/lvuser/scripts/auto_03.bee,File good!,STOP_ALL,STOP_ALL
10:36:12.922 AM 03/20/2016,Autonomous Enabled,10,FALSE,0,NO ERROR,0.000000,2.804077,0.000000,-6.339652,TRUE,FALSE,FALSE,TRUE,FALSE,FALSE,Disabled,0.000000,-0.384375,2.774375,TRUE,-2.158768,-1.472992,0.000000,-0.068420,0.032349,0.000000,-0.089000,0.204000,-0.058000,2.350000,-0.440000,2.620000,5.890279,Hold,55.028076,51.000000,Hold,-69705.000000,69632.000000,Empty,2700.000000,0.000000,Speed,2647.500000,0.000000,Speed,Off,Off0.000000,3,Read: /home/lvuser/scripts/auto_03.bee,File good!,STOP_ALL,STOP_ALL
10:36:13.022 AM 03/20/2016,Autonomous Enabled,10,FALSE,0,NO ERROR,0.000000,2.804077,0.000000,-6.339652,TRUE,FALSE,FALSE,TRUE,FALSE,FALSE,Disabled,0.000000,-0.384375,2.774375,TRUE,-2.158768,-1.472992,0.000000,-0.068420,0.032349,0.000000,0.086000,0.034000,-0.091000,2.340000,-0.400000,2.550000,5.869045,Hold,55.027832,51.000000,Hold,-69705.000000,69632.000000,Empty,2445.000000,0.000000,Speed,2422.500000,0.000000,Speed,Off,Off0.000000,3,Read: /home/lvuser/scripts/auto_03.bee,File good!,STOP_ALL,STOP_ALL
10:36:13.123 AM 03/20/2016,Autonomous Enabled,10,FALSE,0,NO ERROR,0.000000,2.804077,0.000000,-6.339652,TRUE,FALSE,FALSE,TRUE,FALSE,FALSE,Disabled,0.000000,-0.384375,2.774375,TRUE,-2.161346,-1.470337,0.000000,-0.008133,0.116531,0.000000,0.083000,0.129000,0.051000,2.360000,-0.470000,2.580000,5.875707,Hold,55.027588,51.000000,Hold,-69705.000000,69632.000000,Empty,2250.000000,0.000000,Speed,2145.000000,0.000000,Speed,Off,Off0.000000,3,Read: /home/lvuser/scripts/auto_03.bee,File good!,STOP_ALL,STOP_ALL
10:36:13.223 AM 03/20/2016,Autonomous Enabled,10,FALSE,0,NO ERROR,0.000000,2.804077,0.000000,-6.339652,TRUE,FALSE,FALSE,TRUE,FALSE,FALSE,Disabled,0.000000,-0.384375,2.774375,TRUE,-2.161377,-1.465164,0.000000,0.006104,0.111938,0.000000,-0.062000,-0.009000,-0.101000,2.360000,-0.470000,2.580000,5.865468,Hold,55.027344,51.000000,Hold,-69705.000000,69632.000000,Empty,1995.000000,0.000000,Speed,1867.500000,0.000000,Speed,Off,Off0.000000,3,Read: /home/lvuser/scripts/auto_03.bee,File good!,STOP_ALL,STOP_ALL
10:36:13.323 AM 03/20/2016,Autonomous Enabled,11,FALSE,0,NO ERROR,0.000000,2.804077,0.000000,-6.339652,TRUE,FALSE,FALSE,TRUE,FALSE,FALSE,Disabled,0.000000,-0.384375,2.774375,TRUE,-2.160889,-1.460052,0.000000,0.016830,0.082916,0.000000,0.062000,-0.107000,0.170000,2.370000,-0.440000,2.580000,5.862287,Hold,55.027100,51.000000,Hold,-69705.000000,69632.000000,Empty,1762.500000,0.000000,Speed,1605.000000,0.000000,Speed,Off,Off0.000000,3,Read: /home/lvuser/scripts/auto_03.bee,File good!,STOP_ALL,STOP_ALL
10:36:13.423 AM 03/20/2016,Autonomous Enabled,10,FALSE,0,NO ERROR,0.000000,2.804077,0.000000,-6.339652,TRUE,FALSE,FALSE,TRUE,FALSE,FALSE,Disabled,0.000000,-0.384375,2.774375,TRUE,-2.160889,-1.460052,0.000000,0.016830,0.082916,0.000000,0.054000,-0.124000,-0.120000,2.340000,-0.390000,2.580000,5.847343,Hold,55.026855,51.000000,Hold,-69705.000000,69632.000000,Empty,1522.500000,0.000000,Speed,1350.000000,0.000000,Speed,Off,Off0.000000,3,Read: /home/lvuser/scripts/auto_03.bee,File good!,STOP_ALL,STOP_ALL
10:36:13.523 AM 03/20/2016,Autonomous Enabled,10,FALSE,0,NO ERROR,0.000000,2.804077,0.000000,-6.339652,TRUE,FALSE,FALSE,TRUE,FALSE,FALSE,Disabled,0.000000,-0.384375,2.774375,TRUE,-2.158127,-1.451630,0.000000,-0.005997,0.069794,0.000000,-0.128000,-0.081000,0.030000,2.340000,-0.390000,2.580000,5.853781,Hold,55.026855,51.000000,Hold,-69705.000000,69632.000000,Empty,1312.500000,0.000000,Speed,1140.000000,0.000000,Speed,Off,Off0.000000,3,Read: /home/lvuser/scripts/auto_03.bee,File good!,STOP_ALL,STOP_ALL
10:36:13.624 AM 03/20/2016,Autonomous Enabled,10,FALSE,0,NO ERROR,0.000000,2.804077,0.000000,-6.339652,TRUE,FALSE,FALSE,TRUE,FALSE,FALSE,Disabled,0.000000,-0.384375,2.774375,TRUE,-2.158752,-1.446991,0.000000,-0.025436,0.107864,0.000000,-0.044000,0.026000,0.039000,2.370000,-0.450000,2.540000,5.844696,Hold,55.026611,51.000000,Hold,-69705.000000,69632.000000,Empty,1125.000000,0.000000,Speed,832.500000,0.000000,Speed,Off,Off0.000000,3,Read: /home/lvuser/scripts/auto_03.bee,File good!,STOP_ALL,STOP_ALL
10:36:13.724 AM 03/20/2016,Autonomous Enabled,11,FALSE,0,NO ERROR,0.000000,2.804077,0.000000,-6.339652,TRUE,FALSE,FALSE,TRUE,FALSE,FALSE,Disabled,0.012500,-0.384375,2.774375,TRUE,-2.158752,-1.446991,0.000000,-0.025436,0.107864,0.000000,-0.047000,-0.078000,-0.070000,2.350000,-0.410000,2.570000,5.854917,Hold,55.026611,51.000000,Hold,-69705.000000,69632.000000,Empty,945.000000,0.000000,Speed,630.000000,0.000000,Speed,Off,On0.000000,3,Read: /home/lvuser/scripts/auto_03.bee,File good!,STOP_ALL,STOP_ALL
10:36:13.824 AM 03/20/2016,Autonomous Enabled,10,FALSE,0,NO ERROR,0.000000,2.804077,0.000000,-6.339652,TRUE,FALSE,FALSE,TRUE,FALSE,FALSE,Disabled,0.012500,-0.384375,2.774375,TRUE,-2.159317,-1.441971,0.000000,0.006714,0.092194,0.000000,-0.076000,0.009000,0.135000,2.360000,-0.370000,2.530000,5.856187,Hold,55.026611,51.000000,Hold,-69705.000000,69632.000000,Suck,787.500000,0.000000,Speed,360.000000,0.000000,Speed,Off,On0.000000,3,Read: /home/lvuser/scripts/auto_03.bee,File good!,STOP_ALL,STOP_ALL
10:36:13.927 AM 03/20/2016,Autonomous Enabled,11,FALSE,0,NO ERROR,0.000000,2.804077,0.000000,-6.339652,TRUE,FALSE,FALSE,TRUE,FALSE,FALSE,Disabled,0.012500,-0.384375,2.774375,TRUE,-2.159195,-1.438034,0.000000,0.002655,0.068970,0.000000,0.006000,0.033000,0.048000,2.360000,-0.370000,2.530000,5.823996,Hold,55.026611,51.000000,Hold,-69705.000000,69632.000000,Suck,547.500000,2181.818182,Speed,52.500000,2181.818182,Speed,Off,On0.000000,3,Read: /home/lvuser/scripts/auto_03.bee,File good!,STOP_ALL,STOP_ALL
10:36:14.026 AM 03/20/2016,Autonomous Enabled,11,FALSE,0,NO ERROR,0.000000,2.804077,0.000000,-6.339652,TRUE,FALSE,FALSE,TRUE,FALSE,FALSE,Disabled,0.012500,-0.384375,2.774375,TRUE,-2.158463,-1.434601,0.000000,0.031067,0.052368,0.000000,0.004000,-0.042000,0.108000,2.360000,-0.380000,2.520000,5.809909,Hold,55.034180,51.000000,Hold,-69705.000000,69632.000000,Suck,547.500000,2181.818182,Speed,-705.000000,2181.818182,Speed,Off,On0.000000,3,Read: /home/lvuser/scripts/auto_03.bee,File good!,STOP_ALL,STOP_ALL
10:36:14.126 AM 03/20/2016,Autonomous Enabled,11,FALSE,0,NO ERROR,0.000000,2.804077,0.000000,-6.339652,TRUE,FALSE,FALSE,TRUE,FALSE,FALSE,Disabled,0.012500,-0.384375,2.774375,TRUE,-2.156784,-1.433319,0.000000,0.049133,0.019043,0.000000,0.098000,-0.034000,0.089000,2.330000,-0.410000,2.470000,5.815589,Hold,55.034180,51.000000,Hold,-69705.000000,69632.000000,Suck,-1245.000000,2181.818182,Speed,-705.000000,2181.818182,Speed,Off,On0.000000,3,Read: /home/lvuser/scripts/auto_03.bee,File good!,STOP_ALL,STOP_ALL
10:36:14.227 AM 03/20/2016,Autonomous Enabled,10,FALSE,0,NO ERROR,0.000000,2.804077,0.000000,-6.339652,TRUE,FALSE,FALSE,TRUE,FALSE,FALSE,Disabled,0.012500,-0.384375,2.774375,TRUE,-2.154007,-1.431961,0.000000,0.047455,0.039856,0.000000,0.013000,-0.128000,-0.102000,2.350000,-0.380000,2.460000,5.810708,Hold,55.034180,51.000000,Hold,-69705.000000,69632.000000,Suck,-1942.500000,2181.818182,Speed,-1432.500000,2181.818182,Speed,Off,On0.000000,3,Read: /home/lvuser/scripts/auto_03.bee,File good!,STOP_ALL,STOP_ALL
10:36:14.329 AM 03/20/2016,Autonomous Enabled,10,FALSE,0,NO ERROR,0.000000,2.804077,0.000000,-6.339652,TRUE,FALSE,FALSE,TRUE,FALSE,FALSE,Disabled,0.012500,-0.384375,2.774375,TRUE,-2.151337,-1.430481,0.000000,0.034836,0.050751,0.000000,-0.065000,0.150000,0.013000,2.350000,-0.380000,2.430000,5.819524,Hold,55.034180,51.000000,Hold,-69705.000000,69632.000000,Suck,-2347.500000,2181.818182,Speed,-1995.000000,2181.818182,Speed,Off,On0.000000,3,Read: /home/lvuser/scripts/auto_03.bee,File good!,STOP_ALL,STOP_ALL
10:36:14.432 AM 03/20/2016,Autonomous Enabled,10,FALSE,0,NO ERROR,0.000000,2.804077,0.000000,-6.339652,TRUE,FALSE,FALSE,TRUE,FALSE,FALSE,Disabled,0.012500,-0.384375,2.774375,TRUE,-2.148956,-1.428879,0.000000,0.077591,-0.026108,0.000000,0.000000,-0.173000,0.026000,2.350000,-0.420000,2.430000,5.815007,Hold,55.033447,51.000000,Hold,-69705.000000,69632.000000,Suck,-2280.000000,2181.818182,Speed,-2280.000000,2181.818182,Speed,Off,On0.000000,3,Read: /home/lvuser/scripts/auto_03.bee,File good!,STOP_ALL,STOP_ALL
10:36:14.531 AM 03/20/2016,Autonomous Enabled,10,FALSE,0,NO ERROR,0.000000,2.804077,0.000000,-6.339652,TRUE,FALSE,FALSE,TRUE,FALSE,FALSE,Disabled,0.012500,-0.384375,2.774375,TRUE,-2.145981,-1.430862,0.000000,0.045441,-0.003662,0.000000,0.116000,0.076000,0.063000,2.350000,-0.440000,2.390000,5.815007,Hold,55.028564,51.000000,Hold,-69705.000000,69632.000000,Suck,-2122.500000,2181.818182,Speed,-2197.500000,2181.818182,Speed,Off,On0.000000,3,Read: /home/lvuser/scripts/auto_03.bee,File good!,STOP_ALL,STOP_ALL
10:36:14.631 AM 03/20/2016,Autonomous Enabled,10,FALSE,0,NO ERROR,0.000000,2.804077,0.000000,-6.339652,TRUE,FALSE,FALSE,TRUE,FALSE,FALSE,Disabled,0.012500,-0.384375,2.774375,TRUE,-2.142807,-1.430008,0.000000,0.066818,0.035294,0.000000,-0.101000,0.088000,-0.024000,2.350000,-0.440000,2.370000,5.808343,Hold,55.027588,51.000000,Hold,-69705.000000,69632.000000,Suck,-2122.500000,2181.818182,Speed,-2085.000000,2181.818182,Speed,Off,On0.000000,3,Read: /home/lvuser/scripts/auto_03.bee,File good!,STOP_ALL,STOP_ALL
10:36:14.732 AM 03/20/2016,Autonomous Enabled,10,FALSE,0,NO ERROR,0.000000,2.804077,0.000000,-6.339652,TRUE,FALSE,FALSE,TRUE,FALSE,FALSE,Disabled,0.000000,-0.384375,2.774375,TRUE,-2.140350,-1.426025,0.000000,0.038727,0.108368,0.000000,-0.035000,0.087000,-0.074000,2.360000,-0.390000,2.310000,5.806718,Hold,55.027344,51.000000,Hold,-69705.000000,69632.000000,Suck,-2130.000000,2181.818182,Speed,-2115.000000,2181.818182,Speed,Off,On0.000000,3,Read: /home/lvuser/scripts/auto_03.bee,File good!,STOP_ALL,STOP_ALL
10:36:14.833 AM 03/20/2016,Autonomous Enabled,10,FALSE,0,NO ERROR,0.000000,2.804077,0.000000,-6.339652,TRUE,FALSE,FALSE,TRUE,FALSE,FALSE,Disabled,0.000000,-0.384375,2.774375,TRUE,-2.138611,-1.417770,0.000000,0.028442,0.207245,0.000000,-0.091000,0.047000,-0.120000,2.350000,-0.370000,2.330000,5.799647,Hold,55.027100,51.000000,Hold,-69705.000000,69632.000000,Suck,-2190.000000,2181.818182,Speed,-2152.500000,2181.818182,Speed,Off,On0.000000,3,Read: /home/lvuser/scripts/auto_03.bee,File good!,STOP_ALL,STOP_ALL
10:36:14.933 AM 03/20/2016,Autonomous Enabled,10,FALSE,0,NO ERROR,0.000000,2.804077,0.000000,-6.339652,TRUE,FALSE,FALSE,TRUE,FALSE,FALSE,Disabled,0.000000,-0.384375,2.774375,TRUE,-2.138870,-1.401123,0.000000,-0.035568,0.321930,0.000000,-0.123000,-0.032000,-0.049000,2.360000,-0.410000,2.330000,5.807957,Hold,55.026855,51.000000,Hold,-69705.000000,69632.000000,Suck,-2167.500000,2181.818182,Speed,-2137.500000,2181.818182,Speed,Off,On0.000000,3,Read: /home/lvuser/scripts/auto_03.bee,File good!,STOP_ALL,STOP_ALL
10:36:15.033 AM 03/20/2016,Autonomous Enabled,10,FALSE,0,NO ERROR,0.000000,2.804077,0.000000,-6.339652,TRUE,FALSE,FALSE,TRUE,FALSE,FALSE,Disabled,0.000000,-0.384375,2.774375,TRUE,-2.141342,-1.387390,0.000000,-0.071075,0.347015,0.000000,0.040000,-0.119000,0.062000,2.350000,-0.410000,2.380000,5.803106,Hold,55.026611,51.000000,Hold,-69705.000000,69632.000000,Suck,-2160.000000,2181.818182,Speed,-2130.000000,2181.818182,Speed,Off,On0.000000,3,Read: /home/lvuser/scripts/auto_03.bee,File good!,STOP_ALL,STOP_ALL
10:36:15.133 AM 03/20/2016,Autonomous Enabled,10,FALSE,0,NO ERROR,0.000000,2.804077,0.000000,-6.339652,TRUE,FALSE,FALSE,TRUE,FALSE,FALSE,Disabled,0.000000,-0.384375,2.774375,TRUE,-2.145721,-1.369019,0.000000,-0.074753,0.272141,0.000000,0.007000,-0.080000,0.244000,2.360000,-0.440000,2.420000,5.793023,Hold,55.026367,51.000000,Hold,-69705.000000,69632.000000,Suck,-2167.500000,2181.818182,Speed,-2130.000000,2181.818182,Speed,Off,On0.000000,3,Read: /home/lvuser/scripts/auto_03.bee,File good!,STOP_ALL,STOP_ALL
10:36:15.233 AM 03/20/2016,Autonomous Enabled,10,FALSE,0,NO ERROR,0.000000,2.804077,0.000000,-6.339652,TRUE,FALSE,FALSE,TRUE,FALSE,FALSE,Disabled,0.000000,-0.384375,2.774375,TRUE,-2.148590,-1.360168,0.000000,-0.079865,0.193008,0.000000,-0.109000,0.030000,0.160000,2.360000,-0.400000,2.440000,5.795168,Hold,55.026123,51.000000,Hold,-69705.000000,69632.000000,Suck,-2167.500000,2181.818182,Speed,-2137.500000,2181.818182,Speed,Off,On0.000000,3,Read: /home/lvuser/scripts/auto_03.bee,File good!,STOP_ALL,STOP_ALL
10:36:15.333 AM 03/20/2016,Autonomous Enabled,11,FALSE,0,NO ERROR,0.000000,2.804077,0.000000,-6.339652,TRUE,FALSE,FALSE,TRUE,FALSE,FALSE,Disabled,0.000000,-0.384375,2.774375,TRUE,-2.153870,-1.352783,0.000000,-0.102585,0.105331,0.000000,-0.074000,0.035000,0.107000,2.360000,-0.410000,2.430000,5.781670,Hold,55.025879,51.000000,Hold,-69705.000000,69632.000000,Suck,-2167.500000,2181.818182,Speed,-2137.500000,2181.818182,Speed,Off,On0.000000,3,Read: /home/lvuser/scripts/auto_03.bee,File good!,STOP_ALL,STOP_ALL
10:36:15.433 AM 03/20/2016,Autonomous Enabled,10,FALSE,0,NO ERROR,0.000000,2.804077,0.000000,-6.339652,TRUE,FALSE,FALSE,TRUE,FALSE,FALSE,Disabled,0.000000,-0.384375,2.774375,TRUE,-2.160141,-1.349258,0.000000,-0.077637,0.021118,0.000000,0.012000,-0.003000,0.072000,2.360000,-0.410000,2.440000,5.776695,Hold,55.025879,51.000000,Hold,-69705.000000,69632.000000,Suck,-2160.000000,2181.818182,Speed,-2130.000000,2181.818182,Speed,Off,On0.000000,3,Read: /home/lvuser/scripts/auto_03.bee,File good!,STOP_ALL,STOP_ALL
10:36:15.532 AM 03/20/2016,Autonomous Enabled,10,FALSE,0,NO ERROR,0.000000,2.804077,0.000000,-6.339652,TRUE,FALSE,FALSE,TRUE,FALSE,FALSE,Disabled,0.000000,-0.384375,2.774375,TRUE,-2.164658,-1.348923,0.000000,-0.084991,0.003052,0.000000,-0.039000,0.001000,0.039000,2.370000,-0.420000,2.470000,5.766760,Hold,55.025635,51.000000,Hold,-69705.000000,69632.000000,Suck,-2160.000000,2181.818182,Speed,-2137.500000,2181.818182,Speed,Off,On0.000000,3,Read: /home/lvuser/scripts/auto_03.bee,File good!,STOP_ALL,STOP_ALL
10:36:15.633 AM 03/20/2016,Autonomous Enabled,10,FALSE,0,NO ERROR,0.000000,2.804077,0.000000,-6.339652,TRUE,FALSE,FALSE,TRUE,FALSE,FALSE,Disabled,0.000000,-0.384375,2.774375,TRUE,-2.166214,-1.348068,0.000000,-0.029755,0.034775,0.000000,0.177000,0.043000,0.040000,2.370000,-0.440000,2.470000,5.752284,Hold,55.025146,51.000000,Hold,-69705.000000,69632.000000,Suck,-2167.500000,2181.818182,Speed,-2137.500000,2181.818182,Speed,Off,On0.000000,3,Read: /home/lvuser/scripts/auto_03.bee,File good!,STOP_ALL,STOP_ALL
10:36:15.733 AM 03/20/2016,Autonomous Enabled,10,FALSE,0,NO ERROR,0.000000,2.804077,0.000000,-6.339652,TRUE,FALSE,FALSE,TRUE,FALSE,FALSE,Disabled,0.000000,-0.384375,2.774375,TRUE,-2.165558,-1.345840,0.000000,0.019806,0.050034,0.000000,-0.081000,-0.076000,-0.067000,2.330000,-0.440000,2.470000,5.739557,Hold,55.025146,51.000000,Hold,-69705.000000,69632.000000,Suck,-2160.000000,2181.818182,Speed,-2130.000000,2181.818182,Speed,Off,On0.000000,3,Read: /home/lvuser/scripts/auto_03.bee,File good!,STOP_ALL,STOP_ALL
10:36:15.833 AM 03/20/2016,Autonomous Enabled,10,FALSE,0,NO ERROR,0.000000,2.804077,0.000000,-6.339652,TRUE,FALSE,FALSE,TRUE,FALSE,FALSE,Disabled,0.000000,-0.384375,2.774375,TRUE,-2.164673,-1.342392,0.000000,0.013611,0.099533,0.000000,-0.044000,0.085000,-0.106000,2.330000,-0.440000,2.470000,5.716292,Hold,55.024902,51.000000,Hold,-69705.000000,69632.000000,Suck,-2160.000000,2181.818182,Speed,-2137.500000,2181.818182,Speed,Off,On0.000000,3,Read: /home/lvuser/scripts/auto_03.bee,File good!,STOP_ALL,STOP_ALL
10:36:15.933 AM 03/20/2016,Autonomous Enabled,10,FALSE,0,NO ERROR,0.000000,2.804077,0.000000,-6.339652,TRUE,FALSE,FALSE,TRUE,FALSE,FALSE,Disabled,0.000000,-0.384375,2.774375,TRUE,-2.164871,-1.336456,0.000000,0.000000,0.131546,0.000000,-0.069000,-0.109000,-0.083000,2.350000,-0.440000,2.450000,5.698308,Hold,55.024902,51.000000,Hold,-69705.000000,69632.000000,Suck,-2160.000000,2181.818182,Speed,-2137.500000,2181.818182,Speed,Off,On0.000000,3,Read: /home/lvuser/scripts/auto_03.bee,File good!,STOP_ALL,STOP_ALL
10:36:16.033 AM 03/20/2016,Autonomous Enabled,10,FALSE,0,NO ERROR,0.000000,2.804077,0.000000,-6.339652,TRUE,FALSE,FALSE,TRUE,FALSE,FALSE,Disabled,0.000000,-0.384375,2.774375,TRUE,-2.165482,-1.334442,0.000000,-0.011047,-0.022552,0.000000,0.047000,-0.114000,0.079000,2.330000,-0.440000,2.400000,5.693695,Hold,55.024658,51.000000,Hold,-69705.000000,69632.000000,Suck,-2167.500000,2181.818182,Speed,-2137.500000,2181.818182,Speed,Off,On0.000000,3,Read: /home/lvuser/scripts/auto_03.bee,File good!,STOP_ALL,STOP_ALL
10:36:16.133 AM 03/20/2016,Autonomous Enabled,10,FALSE,0,NO ERROR,0.000000,2.804077,0.000000,-6.339652,TRUE,FALSE,FALSE,TRUE,FALSE,FALSE,Disabled,0.000000,-0.384375,2.774375,TRUE,-2.165024,-1.337692,0.000000,0.013336,-0.107544,0.000000,0.058000,-0.134000,0.082000,2.330000,-0.420000,2.390000,5.694091,Hold,55.024414,51.000000,Hold,-69705.000000,69632.000000,Suck,-2160.000000,2181.818182,Speed,-2130.000000,2181.818182,Speed,Off,On0.000000,3,Read: /home/lvuser/scripts/auto_03.bee,File good!,STOP_ALL,STOP_ALL
10:36:16.233 AM 03/20/2016,Autonomous Enabled,10,FALSE,0,NO ERROR,0.000000,2.804077,0.000000,-6.339652,TRUE,FALSE,FALSE,TRUE,FALSE,FALSE,Disabled,0.000000,-0.384375,2.774375,TRUE,-2.164429,-1.344955,0.000000,0.000000,-0.173981,0.000000,0.135000,-0.062000,0.147000,2.330000,-0.410000,2.430000,5.696122,Hold,55.024170,51.000000,Hold,-69705.000000,69632.000000,Suck,-2160.000000,2181.818182,Speed,-2130.000000,2181.818182,Speed,Off,On0.000000,3,Read: /home/lvuser/scripts/auto_03.bee,File good!,STOP_ALL,STOP_ALL
10:36:16.333 AM 03/20/2016,Autonomous Enabled,10,FALSE,0,NO ERROR,0.000000,2.804077,0.000000,-6.339652,TRUE,FALSE,FALSE,TRUE,FALSE,FALSE,Disabled,0.000000,-0.384375,2.774375,TRUE,-2.163864,-1.356247,0.000000,0.004807,-0.246490,0.000000,0.108000,-0.020000,0.067000,2.330000,-0.430000,2.510000,5.681112,Hold,55.024170,51.000000,Hold,-69705.000000,69632.000000,Suck,-2160.000000,2181.818182,Speed,-2137.500000,2181.818182,Speed,Off,On0.000000,3,Read: /home/lvuser/scripts/auto_03.bee,File good!,STOP_ALL,STOP_ALL
10:36:16.432 AM 03/20/2016,Autonomous Enabled,10,FALSE,0,NO ERROR,0.000000,2.804077,0.000000,-6.339652,TRUE,FALSE,FALSE,TRUE,FALSE,FALSE,Disabled,0.000000,-0.384375,2.774375,TRUE,-2.161896,-1.369858,0.000000,0.043945,-0.269363,0.000000,-0.026000,0.100000,-0.020000,2.330000,-0.400000,2.530000,5.681877,Hold,55.023926,51.000000,Hold,-69705.000000,69632.000000,Suck,-2160.000000,2181.818182,Speed,-2137.500000,2181.818182,Speed,Off,On0.000000,3,Read: /home/lvuser/scripts/auto_03.bee,File good!,STOP_ALL,STOP_ALL
10:36:16.533 AM 03/20/2016,Autonomous Enabled,10,FALSE,0,NO ERROR,0.000000,2.804077,0.000000,-6.339652,TRUE,FALSE,FALSE,TRUE,FALSE,FALSE,Disabled,0.000000,-0.384375,2.774375,TRUE,-2.160233,-1.381287,0.000000,0.030319,-0.199692,0.000000,-0.026000,0.018000,-0.080000,2.330000,-0.380000,2.550000,5.678252,Hold,55.023682,51.000000,Hold,-69705.000000,69632.000000,Suck,-2167.500000,2181.818182,Speed,-2130.000000,2181.818182,Speed,Off,On0.000000,3,Read: /home/lvuser/scripts/auto_03.bee,File good!,STOP_ALL,STOP_ALL
10:36:16.632 AM 03/20/2016,Autonomous Enabled,10,FALSE,0,NO ERROR,0.000000,2.804077,0.000000,-6.339652,TRUE,FALSE,FALSE,TRUE,FALSE,FALSE,Disabled,0.000000,-0.384375,2.774375,TRUE,-2.159882,-1.388687,0.000000,0.002762,-0.110413,0.000000,0.001000,0.112000,0.033000,2.340000,-0.390000,2.550000,5.672781,Hold,55.023682,51.000000,Hold,-69705.000000,69632.000000,Suck,-2160.000000,2181.818182,Speed,-2137.500000,2181.818182,Speed,Off,On0.000000,3,Read: /home/lvuser/scripts/auto_03.bee,File good!,STOP_ALL,STOP_ALL
10:36:16.733 AM 03/20/2016,Autonomous Enabled,10,FALSE,0,NO ERROR,0.000000,2.804077,0.000000,-6.339652,TRUE,FALSE,FALSE,TRUE,FALSE,FALSE,Disabled,0.000000,-0.384375,2.774375,TRUE,-2.159821,-1.390411,0.000000,-0.003082,0.019623,0.000000,0.000000,0.155000,0.098000,2.340000,-0.370000,2.590000,5.681570,Hold,55.023682,51.000000,Hold,-69705.000000,69632.000000,Suck,-2160.000000,2181.818182,Speed,-2137.500000,2181.818182,Speed,Off,On0.000000,3,Read: /home/lvuser/scripts/auto_03.bee,File good!,STOP_ALL,STOP_ALL
10:36:16.833 AM 03/20/2016,Autonomous Disabled,10,FALSE,0,NO ERROR,0.000000,2.804077,0.000000,-6.339652,TRUE,FALSE,FALSE,TRUE,FALSE,FALSE,Disabled,0.000000,-0.384375,2.774375,TRUE,-2.160004,-1.383621,0.000000,-0.013474,0.171097,0.000000,-0.020000,0.153000,-0.038000,2.340000,-0.400000,2.610000,5.689316,Hold,55.023438,51.000000,Hold,-69705.000000,69632.000000,Suck,-2160.000000,2181.818182,Speed,-2137.500000,2181.818182,Speed,Off,On0.000000,3,Read: /home/lvuser/scripts/auto_03.bee,File good!,STOP_ALL,STOP_ALL
10:36:16.933 AM 03/20/2016,Autonomous Disabled,10,FALSE,0,NO ERROR,0.000000,2.804077,0.000000,-6.339652,TRUE,FALSE,FALSE,TRUE,FALSE,FALSE,Disabled,0.000000,-0.384375,2.774375,TRUE,-2.159546,-1.372665,0.000000,0.035019,0.232742,0.000000,-0.030000,0.020000,0.022000,2.340000,-0.300000,2.620000,5.696484,Hold,57.157471,51.000000,Hold,-69791.000000,69632.000000,Suck,-2100.000000,2181.818182,Speed,-2062.500000,2181.818182,Speed,Off,On0.000000,3,Read: /home/lvuser/scripts/auto_03.bee,File good!,STOP_ALL,STOP_ALL
10:36:17.034 AM 03/20/2016,Autonomous Disabled,11,FALSE,0,NO ERROR,0.000000,2.804077,0.000000,-6.339652,TRUE,FALSE,FALSE,TRUE,FALSE,FALSE,Disabled,0.000000,-0.384375,2.774375,TRUE,-2.158768,-1.367859,0.000000,0.002014,0.004730,0.000000,0.040000,0.014000,0.006000,2.330000,-0.340000,2.690000,5.677054,Hold,62.489746,51.000000,Hold,-70451.000000,69632.000000,Suck,-1912.500000,2181.818182,Speed,-1882.500000,2181.818182,Speed,Off,On0.000000,3,Read: /home/lvuser/scripts/auto_03.bee,File good!,STOP_ALL,STOP_ALL
10:36:17.134 AM 03/20/2016,Autonomous Disabled,10,FALSE,0,NO ERROR,0.000000,2.733494,0.000000,-6.346068,TRUE,FALSE,FALSE,TRUE,FALSE,FALSE,Disabled,0.000000,-0.384375,2.774375,TRUE,-2.159256,-1.367752,0.000000,-0.065567,0.006134,0.000000,-0.032000,-0.286000,0.512000,2.180000,-0.200000,2.610000,5.624961,Hold,67.082275,51.000000,Hold,-71693.000000,69632.000000,Suck,-1717.500000,2181.818182,Speed,-1635.000000,2181.818182,Speed,Off,On0.000000,3,Read: /home/lvuser/scripts/auto_03.bee,File good!,STOP_ALL,STOP_ALL
10:36:17.234 AM 03/20/2016,Autonomous Disabled,10,FALSE,0,NO ERROR,0.000000,2.714244,0.000000,-6.384568,TRUE,FALSE,FALSE,TRUE,FALSE,FALSE,Disabled,0.000000,-0.384375,2.774375,TRUE,-2.165863,-1.369110,0.000000,-0.145569,-0.012375,0.000000,0.001000,0.091000,-0.125000,2.150000,-0.300000,2.600000,5.507979,Hold,65.260986,51.000000,Hold,-73777.000000,69632.000000,Suck,-1575.000000,2181.818182,Speed,-1387.500000,2181.818182,Speed,Off,On0.000000,3,Read: /home/lvuser/scripts/auto_03.bee,File good!,STOP_ALL,STOP_ALL
10:36:17.334 AM 03/20/2016,Autonomous Disabled,10,FALSE,0,NO ERROR,0.000000,2.714244,0.000000,-6.384568,TRUE,FALSE,FALSE,TRUE,FALSE,FALSE,Disabled,0.000000,-0.384375,2.774375,TRUE,-2.167328,-1.370178,0.000000,-0.001541,-0.032303,0.000000,-0.026000,0.002000,-0.149000,2.120000,-0.260000,2.540000,5.491083,Hold,65.156738,51.000000,Hold,-76496.000000,69632.000000,Suck,-1402.500000,2181.818182,Speed,-1132.500000,2181.818182,Speed,Off,On0.000000,3,Read: /home/lvuser/scripts/auto_03.bee,File good!,STOP_ALL,STOP_ALL
10:36:17.434 AM 03/20/2016,Autonomous Disabled,11,FALSE,0,NO ERROR,0.000000,2.714244,0.000000,-6.384568,TRUE,FALSE,FALSE,TRUE,FALSE,FALSE,Disabled,0.000000,-0.384375,2.774375,TRUE,-2.168167,-1.372299,0.000000,-0.019958,-0.065002,0.000000,0.015000,0.029000,-0.065000,2.160000,-0.240000,2.450000,5.497190,Hold,65.156738,51.000000,Hold,-76496.000000,69632.000000,Suck,-1230.000000,2181.818182,Speed,-870.000000,2181.818182,Speed,Off,On0.000000,3,Read: /home/lvuser/scripts/auto_03.bee,File good!,STOP_ALL,STOP_ALL
10:36:17.534 AM 03/20/2016,Autonomous Disabled,10,FALSE,0,NO ERROR,0.000000,2.714244,0.000000,-6.384568,TRUE,FALSE,FALSE,TRUE,FALSE,FALSE,Disabled,0.000000,-0.384375,2.774375,TRUE,-2.169388,-1.375168,0.000000,-0.036499,-0.057053,0.000000,-0.016000,-0.002000,0.027000,2.130000,-0.250000,2.350000,5.469161,Hold,65.156738,51.000000,Hold,-79814.000000,69632.000000,Suck,-1080.000000,2181.818182,Speed,-607.500000,2181.818182,Speed,Off,On0.000000,3,Read: /home/lvuser/scripts/auto_03.bee,File good!,STOP_ALL,STOP_ALL
10:36:17.634 AM 03/20/2016,Autonomous Disabled,10,FALSE,0,NO ERROR,0.000000,2.714244,0.000000,-6.384568,TRUE,FALSE,FALSE,TRUE,FALSE,FALSE,Disabled,0.000000,-0.384375,2.774375,TRUE,-2.171997,-1.374695,0.000000,-0.047684,0.004639,0.000000,0.005000,-0.008000,0.023000,2.160000,-0.300000,2.410000,5.491789,Hold,65.156738,51.000000,Hold,-84203.000000,69632.000000,Suck,-937.500000,2181.818182,Speed,-397.500000,2181.818182,Speed,Off,On0.000000,3,Read: /home/lvuser/scripts/auto_03.bee,File good!,STOP_ALL,STOP_ALL
10:36:17.734 AM 03/20/2016,Autonomous Disabled,11,FALSE,0,NO ERROR,0.000000,2.714244,0.000000,-6.384568,TRUE,FALSE,FALSE,TRUE,FALSE,FALSE,Disabled,0.000000,-0.384375,2.774375,TRUE,-2.172318,-1.375031,0.000000,0.007233,0.000000,0.000000,0.019000,0.043000,0.090000,2.140000,-0.280000,2.420000,5.466572,Hold,65.156738,51.000000,Hold,-89831.000000,69632.000000,Suck,-817.500000,2181.818182,Speed,-172.500000,2181.818182,Speed,Off,On0.000000,3,Read: /home/lvuser/scripts/auto_03.bee,File good!,STOP_ALL,STOP_ALL
10:36:17.834 AM 03/20/2016,Autonomous Disabled,10,FALSE,0,NO ERROR,0.000000,2.714244,0.000000,-6.384568,TRUE,FALSE,FALSE,TRUE,FALSE,FALSE,Disabled,0.000000,-0.384375,2.774375,TRUE,-2.172424,-1.374741,0.000000,-0.001450,0.000000,0.000000,0.026000,-0.004000,0.014000,2.130000,-0.300000,2.430000,5.472259,Hold,65.156738,51.000000,Hold,-96947.000000,69632.000000,Suck,-682.500000,2181.818182,Speed,-15.000000,2181.818182,Speed,Off,On0.000000,3,Read: /home/lvuser/scripts/auto_03.bee,File good!,STOP_ALL,STOP_ALL
10:36:17.935 AM 03/20/2016,Autonomous Disabled,10,FALSE,0,NO ERROR,0.000000,2.714244,0.000000,-6.384568,TRUE,FALSE,FALSE,TRUE,FALSE,FALSE,Disabled,0.000000,-0.384375,2.774375,TRUE,-2.172318,-1.374741,0.000000,0.002762,0.000000,0.000000,0.032000,-0.012000,0.051000,2.150000,-0.260000,2.440000,5.484628,Hold,65.156738,51.000000,Hold,-105409.000000,69632.000000,Suck,-555.000000,2181.818182,Speed,0.000000,2181.818182,Speed,Off,On0.000000,3,Read: /home/lvuser/scripts/auto_03.bee,File good!,STOP_ALL,STOP_ALL
10:36:18.035 AM 03/20/2016,Autonomous Disabled,9,FALSE,0,NO ERROR,0.000000,2.714244,0.000000,-6.384568,TRUE,FALSE,FALSE,TRUE,FALSE,FALSE,Disabled,0.000000,-0.384375,2.774375,TRUE,-2.171844,-1.374664,0.000000,0.000000,0.000000,0.000000,-0.002000,-0.008000,0.008000,2.120000,-0.290000,2.440000,5.466607,Hold,65.156738,51.000000,Hold,-105409.000000,69632.000000,Suck,-427.500000,2181.818182,Speed,0.000000,2181.818182,Speed,Off,On0.000000,3,Read: /home/lvuser/scripts/auto_03.bee,File good!,STOP_ALL,STOP_ALL
10:36:18.136 AM 03/20/2016,Autonomous Disabled,10,FALSE,0,NO ERROR,0.000000,2.714244,0.000000,-6.384568,TRUE,FALSE,FALSE,TRUE,FALSE,FALSE,Disabled,0.000000,-0.384375,2.774375,TRUE,-2.171722,-1.374832,0.000000,0.007278,-0.005920,0.000000,0.060000,0.035000,0.103000,2.170000,-0.430000,2.440000,5.510706,Hold,65.156738,51.000000,Hold,-115795.000000,69632.000000,Suck,-285.000000,2181.818182,Speed,0.000000,2181.818182,Speed,Off,On0.000000,3,Read: /home/lvuser/scripts/auto_03.bee,File good!,STOP_ALL,STOP_ALL
10:36:18.236 AM 03/20/2016,Autonomous Disabled,10,FALSE,0,NO ERROR,0.000000,2.694994,0.000000,-6.397402,TRUE,TRUE,FALSE,TRUE,FALSE,FALSE,Disabled,0.000000,-0.384375,2.774375,TRUE,-2.171829,-1.374908,0.000000,-0.022079,0.000000,0.000000,-0.004000,-0.008000,0.121000,2.140000,-0.350000,2.440000,5.466307,Hold,65.157471,51.000000,Hold,-125973.000000,69632.000000,Suck,-180.000000,2181.818182,Speed,0.000000,2181.818182,Speed,Off,On0.000000,3,Read: /home/lvuser/scripts/auto_03.bee,File good!,STOP_ALL,STOP_ALL
10:36:18.336 AM 03/20/2016,Autonomous Disabled,10,FALSE,0,NO ERROR,0.000000,2.694994,0.000000,-6.390985,TRUE,TRUE,FALSE,TRUE,FALSE,FALSE,Disabled,0.000000,-0.384375,2.774375,TRUE,-2.172791,-1.374939,0.000000,-0.004486,-0.002640,0.000000,-0.017000,-0.022000,0.047000,2.160000,-0.320000,2.440000,5.482339,Hold,65.157471,51.000000,Hold,-130858.000000,69632.000000,Suck,-45.000000,0.000000,Speed,0.000000,0.000000,Speed,Off,On0.000000,3,Read: /home/lvuser/scripts/auto_03.bee,File good!,STOP_ALL,STOP_ALL
10:36:18.436 AM 03/20/2016,Autonomous Disabled,9,FALSE,0,NO ERROR,0.000000,2.694994,0.000000,-6.390985,TRUE,FALSE,FALSE,TRUE,FALSE,FALSE,Disabled,0.000000,-0.384375,2.774375,TRUE,-2.172836,-1.375381,0.000000,0.000000,-0.003571,0.000000,-0.017000,0.005000,0.034000,2.110000,-0.330000,2.460000,5.446130,Hold,65.157471,51.000000,Hold,-131253.000000,69632.000000,Suck,0.000000,0.000000,Speed,0.000000,0.000000,Speed,Off,On0.000000,3,Read: /home/lvuser/scripts/auto_03.bee,File good!,STOP_ALL,STOP_ALL
10:36:18.536 AM 03/20/2016,Autonomous Disabled,9,FALSE,0,NO ERROR,0.000000,2.694994,0.000000,-6.390985,TRUE,FALSE,FALSE,TRUE,FALSE,FALSE,Disabled,0.000000,-0.384375,2.774375,TRUE,-2.172836,-1.375381,0.000000,0.000000,0.000000,0.000000,0.011000,0.001000,0.011000,2.130000,-0.330000,2.450000,5.470115,Hold,65.157471,51.000000,Hold,-131253.000000,69632.000000,Suck,0.000000,2181.818182,Speed,0.000000,2181.818182,Speed,Off,On0.000000,3,Read: /home/lvuser/scripts/auto_03.bee,File good!,STOP_ALL,STOP_ALL
10:36:18.637 AM 03/20/2016,Autonomous Disabled,10,FALSE,0,NO ERROR,0.000000,2.694994,0.000000,-6.390985,TRUE,FALSE,FALSE,TRUE,FALSE,FALSE,Disabled,0.000000,-0.384375,2.774375,TRUE,-2.172836,-1.375381,0.000000,0.000000,0.000000,0.000000,-0.001000,-0.001000,0.012000,2.130000,-0.330000,2.460000,5.468486,Hold,65.157471,51.000000,Hold,-131253.000000,69632.000000,Suck,0.000000,2181.818182,Speed,0.000000,2181.818182,Speed,Off,On0.000000,3,Read: /home/lvuser/scripts/auto_03.bee,File good!,STOP_ALL,STOP_ALL
10:36:18.737 AM 03/20/2016,Autonomous Disabled,10,FALSE,0,NO ERROR,0.000000,2.694994,0.000000,-6.390985,TRUE,FALSE,FALSE,TRUE,FALSE,FALSE,Disabled,0.000000,-0.384375,2.774375,TRUE,-2.172836,-1.375381,0.000000,0.000000,0.000000,0.000000,0.000000,0.001000,0.024000,2.130000,-0.330000,2.460000,5.458737,Hold,65.157471,51.000000,Hold,-131253.000000,69632.000000,Suck,0.000000,2181.818182,Speed,0.000000,2181.818182,Speed,Off,On0.000000,3,Read: /home/lvuser/scripts/auto_03.bee,File good!,STOP_ALL,STOP_ALL
10:36:18.837 AM 03/20/2016,Autonomous Disabled,11,FALSE,0,NO ERROR,0.000000,2.694994,0.000000,-6.390985,TRUE,FALSE,FALSE,TRUE,FALSE,FALSE,Disabled,0.000000,-0.384375,2.774375,TRUE,-2.172836,-1.375381,0.000000,0.000000,0.000000,0.000000,0.000000,0.001000,0.021000,2.130000,-0.330000,2.470000,5.454702,Hold,65.157471,51.000000,Hold,-131253.000000,69632.000000,Suck,0.000000,2181.818182,Speed,0.000000,2181.818182,Speed,Off,On0.000000,3,Read: /home/lvuser/scripts/auto_03.bee,File good!,STOP_ALL,STOP_ALL
10:36:18.937 AM 03/20/2016,Autonomous Disabled,10,FALSE,0,NO ERROR,0.000000,2.694994,0.000000,-6.390985,TRUE,FALSE,FALSE,TRUE,FALSE,FALSE,Disabled,0.000000,-0.384375,2.774375,TRUE,-2.172836,-1.375381,0.000000,0.000000,0.000000,0.000000,0.004000,-0.001000,0.020000,2.130000,-0.330000,2.460000,5.474518,Hold,65.157471,51.000000,Hold,-131253.000000,69632.000000,Suck,0.000000,2181.818182,Speed,0.000000,2181.818182,Speed,Off,On0.000000,3,Read: /home/lvuser/scripts/auto_03.bee,File good!,STOP_ALL,STOP_ALL
10:36:19.037 AM 03/20/2016,Autonomous Disabled,10,FALSE,0,NO ERROR,0.000000,2.694994,0.000000,-6.390985,TRUE,TRUE,FALSE,TRUE,FALSE,FALSE,Disabled,0.000000,-0.384375,2.774375,TRUE,-2.172836,-1.375381,0.000000,0.000000,0.000000,0.000000,0.000000,0.000000,0.022000,2.130000,-0.330000,2.480000,5.466156,Hold,65.157471,51.000000,Hold,-131253.000000,69632.000000,Suck,0.000000,2181.818182,Speed,0.000000,2181.818182,Speed,Off,On0.000000,3,Read: /home/lvuser/scripts/auto_03.bee,File good!,STOP_ALL,STOP_ALL
10:36:19.138 AM 03/20/2016,Autonomous Disabled,9,FALSE,0,NO ERROR,0.000000,2.707827,0.000000,-6.333235,TRUE,TRUE,FALSE,TRUE,FALSE,FALSE,Disabled,0.000000,-0.384375,2.774375,TRUE,-2.173294,-1.375381,0.000000,-0.024796,0.000000,0.000000,0.019000,-0.010000,0.051000,2.130000,-0.330000,2.480000,5.466820,Hold,65.157471,51.000000,Hold,-131253.000000,69632.000000,Suck,-30.000000,2181.818182,Speed,-7.500000,2181.818182,Speed,Off,On0.000000,3,Read: /home/lvuser/scripts/auto_03.bee,File good!,STOP_ALL,STOP_ALL
10:36:19.240 AM 03/20/2016,Autonomous Disabled,11,FALSE,0,NO ERROR,0.000000,2.810493,0.000000,-6.307569,TRUE,FALSE,FALSE,TRUE,FALSE,FALSE,Disabled,0.000000,-0.384375,2.774375,TRUE,-2.174210,-1.375092,0.000000,0.000000,0.008255,0.000000,-0.035000,-0.029000,0.075000,2.140000,-0.610000,2.460000,5.534752,Hold,65.157471,51.000000,Hold,-131253.000000,69632.000000,Suck,-7.500000,0.000000,Speed,0.000000,0.000000,Speed,Off,On0.000000,3,Read: /home/lvuser/scripts/auto_03.bee,File good!,STOP_ALL,STOP_ALL
10:36:19.340 AM 03/20/2016,Autonomous Disabled,10,FALSE,0,NO ERROR,0.000000,2.829743,0.000000,-6.192069,TRUE,FALSE,FALSE,TRUE,FALSE,FALSE,Disabled,0.000000,-0.384375,2.774375,TRUE,-2.174713,-1.375153,0.000000,-0.013016,-0.000534,0.000000,0.003000,0.000000,0.025000,2.190000,-0.500000,2.490000,5.531069,Hold,65.157471,51.000000,Hold,-131253.000000,69632.000000,Suck,-15.000000,0.000000,Speed,0.000000,0.000000,Speed,Off,On0.000000,3,Read: /home/lvuser/scripts/auto_03.bee,File good!,STOP_ALL,STOP_ALL
10:36:19.441 AM 03/20/2016,Autonomous Disabled,12,FALSE,0,NO ERROR,0.000000,2.977326,0.000000,-6.012403,TRUE,FALSE,FALSE,TRUE,FALSE,FALSE,Disabled,0.000000,-0.384375,2.774375,TRUE,-2.174881,-1.375122,0.000000,0.000473,0.000000,0.000000,0.003000,0.000000,0.025000,2.170000,-0.540000,2.480000,5.506960,Hold,65.157471,51.000000,Hold,-131253.000000,69632.000000,Suck,0.000000,2181.818182,Speed,0.000000,2181.818182,Speed,Off,On0.000000,3,Read: /home/lvuser/scripts/auto_03.bee,File good!,STOP_ALL,STOP_ALL
10:36:19.542 AM 03/20/2016,Autonomous Disabled,10,FALSE,0,NO ERROR,0.000000,3.118493,0.000000,-5.807070,TRUE,FALSE,FALSE,TRUE,FALSE,FALSE,Disabled,0.000000,-0.384375,2.774375,TRUE,-2.174637,-1.375076,0.000000,0.011902,0.003967,0.000000,-0.005000,0.005000,0.032000,2.040000,-0.300000,2.490000,5.409378,Hold,65.156982,51.000000,Hold,-131253.000000,69632.000000,Suck,0.000000,2181.818182,Speed,0.000000,2181.818182,Speed,Off,On0.000000,3,Read: /home/lvuser/scripts/auto_03.bee,File good!,STOP_ALL,STOP_ALL
10:36:19.643 AM 03/20/2016,Autonomous Disabled,10,FALSE,0,NO ERROR,0.000000,3.298159,0.000000,-5.601737,TRUE,FALSE,FALSE,TRUE,FALSE,FALSE,Disabled,0.000000,-0.384375,2.774375,TRUE,-2.175598,-1.374496,0.000000,-0.048431,0.017670,0.000000,0.017000,-0.013000,0.073000,1.990000,-0.390000,2.470000,5.338203,Hold,65.157471,51.000000,Hold,-131253.000000,69632.000000,Suck,-7.500000,2181.818182,Speed,0.000000,2181.818182,Speed,Off,On0.000000,3,Read: /home/lvuser/scripts/auto_03.bee,File good!,STOP_ALL,STOP_ALL
10:36:19.743 AM 03/20/2016,Autonomous Disabled,10,FALSE,0,NO ERROR,0.000000,3.464992,0.000000,-5.428487,TRUE,FALSE,FALSE,TRUE,FALSE,FALSE,Disabled,0.000000,-0.384375,2.774375,TRUE,-2.177765,-1.374039,0.000000,-0.041443,0.000000,0.000000,-0.004000,-0.003000,0.040000,1.990000,-0.390000,2.470000,5.306304,Hold,65.157471,51.000000,Hold,-131253.000000,69632.000000,Suck,-7.500000,2181.818182,Speed,0.000000,2181.818182,Speed,Off,On0.000000,3,Read: /home/lvuser/scripts/auto_03.bee,File good!,STOP_ALL,STOP_ALL
10:36:19.843 AM 03/20/2016,Autonomous Disabled,11,FALSE,0,NO ERROR,0.000000,3.516325,0.000000,-5.338654,TRUE,FALSE,FALSE,TRUE,FALSE,FALSE,Disabled,0.000000,-0.384375,2.774375,TRUE,-2.179108,-1.374039,0.000000,-0.014664,0.000000,0.000000,0.042000,0.008000,0.005000,1.930000,-0.250000,2.470000,5.229008,Hold,65.157471,51.000000,Hold,-131253.000000,69632.000000,Suck,0.000000,2181.818182,Speed,0.000000,2181.818182,Speed,Off,On0.000000,3,Read: /home/lvuser/scripts/auto_03.bee,File good!,STOP_ALL,STOP_A