Time,Robot Mode,Loop Time,Error Status,Error Code,Error Source,Left Motor Output,Left Motor Encoder,Right Motor Output,Right Motor Encoder,Is Level,Is Stalled,Ball Detector Photoeye,Vision Enabled,Vision Teleop Control,Vision Auto Control,Vision Current State,Vision X Output,Vision NavX Error,Vision NavX Target,NavX Connection Status,NavX Displacement X,NavX Displacement Y,NavX Displacement Z,NavX Velocity X,NavX Velocity Y,NavX Velocity Z,NavX Acceleration X,NavX Acceleration Y,NavX Acceleration Z,NavX Pitch,NavX Yaw,NavX Roll,Gyro Angle,Roller Arm State,Roller Arm Actual,Roller Arm Desired,Shooter Arm State,Shooter Arm Actual,Shooter Arm Desired,Shooter State,Actual RPM Left,Desired RPM Left,Control Mode Left,Actual RPM Right,Desired RPM Right,Control Mode Right,Ball Shooter Cylinder,Ball Halo Cylinder,Scaler Motor Output,Scaler Solenoid Fire,Auto To Run,Auto Current File,Auto File Status,Auto Current Command,Auto Trimmed Command,Shooter Amps Left,Shooter Amps Right, Vision After Offset
10:15:58.612 AM 04/28/2016,Teleop Enabled,9,FALSE,0,NO ERROR,-0.000000,0.000000,-0.000000,-0.006417,TRUE,TRUE,FALSE,FALSE,FALSE,FALSE,Disabled,0.000000,0.000000,0.000000,TRUE,-0.264648,-0.180954,0.000000,0.000000,0.000000,0.000000,-0.003000,0.000000,-0.002000,1.900000,-0.250000,0.020000,-0.080638,ResetBack,-0.153320,-0.000049,ResetBack,-8525.000000,-0.250000,Suck,0.000000,1818.181818,Speed,0.000000,1818.181818,Speed,Off,On,0.000000,FALSE,0,,,,,0.000000,0.000000,-0.050000
10:15:58.711 AM 04/28/2016,Teleop Enabled,8,FALSE,0,NO ERROR,-0.000000,0.000000,-0.000000,-0.006417,TRUE,FALSE,FALSE,FALSE,FALSE,FALSE,Disabled,0.000000,0.000000,0.000000,TRUE,-0.264862,-0.181351,0.000000,0.010071,-0.020065,0.000000,-0.004000,-0.036000,-0.018000,1.920000,-0.250000,0.000000,-0.067395,ResetBack,-0.153320,-0.000049,ResetBack,-1635.000000,-0.250000,Suck,-300.000000,0.000000,Speed,-37.500000,0.000000,Speed,Off,On,0.000000,FALSE,0,,,,,0.000000,0.000000,-0.050000
10:15:58.813 AM 04/28/2016,Teleop Enabled,9,FALSE,0,NO ERROR,-0.000000,0.000000,-0.000000,-0.006417,TRUE,FALSE,FALSE,FALSE,FALSE,FALSE,Disabled,0.000000,0.000000,0.000000,TRUE,-0.264481,-0.182068,0.000000,0.003296,-0.010040,0.000000,-0.010000,0.034000,-0.005000,1.950000,-0.260000,-0.020000,-0.050100,ResetBack,-0.166260,-0.000049,ResetBack,-295.000000,-0.250000,Suck,-727.500000,1818.181818,Speed,-120.000000,1818.181818,Speed,Off,On,0.000000,FALSE,0,,,,,0.000000,0.000000,-0.050000
10:15:58.915 AM 04/28/2016,Teleop Enabled,10,FALSE,0,NO ERROR,-0.000000,0.000000,-0.000000,-0.006417,TRUE,FALSE,FALSE,FALSE,FALSE,FALSE,Disabled,0.000000,0.000000,0.000000,TRUE,-0.263519,-0.182495,0.000000,0.029770,-0.021530,0.000000,0.064000,0.028000,-0.010000,1.950000,-0.260000,-0.020000,-0.045342,Reset,-0.210205,-0.000049,ResetBack,-295.000000,-0.250000,Suck,-885.000000,1818.181818,Speed,-292.500000,1818.181818,Speed,Off,On,0.000000,FALSE,0,,,,,0.000000,0.000000,-0.050000
10:15:59.018 AM 04/28/2016,Teleop Enabled,10,FALSE,0,NO ERROR,-0.000000,0.000000,-0.000000,-0.006417,TRUE,FALSE,FALSE,FALSE,FALSE,FALSE,Disabled,0.000000,0.000000,0.000000,TRUE,-0.261917,-0.184677,0.000000,0.033661,-0.051102,0.000000,0.015000,-0.023000,-0.056000,1.870000,-0.260000,0.060000,-0.061784,Hold,0.031250,0.000000,ResetBack,-143.000000,-0.250000,Suck,-1110.000000,1818.181818,Speed,-967.500000,1818.181818,Speed,Off,On,0.000000,FALSE,0,,,,,0.000000,0.000000,-0.050000
10:15:59.122 AM 04/28/2016,Teleop Enabled,11,FALSE,0,NO ERROR,-0.000000,0.000000,-0.000000,-0.006417,TRUE,FALSE,FALSE,FALSE,FALSE,FALSE,Disabled,0.000000,0.000000,0.000000,TRUE,-0.260880,-0.186249,0.000000,0.012329,-0.035416,0.000000,-0.062000,0.090000,0.024000,1.870000,-0.260000,0.060000,-0.074170,Hold,0.031494,0.000000,ResetBack,-143.000000,-0.250000,Suck,-1530.000000,1818.181818,Speed,-1470.000000,1818.181818,Speed,Off,On,0.000000,FALSE,0,,,,,0.000000,0.000000,-0.050000
10:15:59.225 AM 04/28/2016,Teleop Enabled,11,FALSE,0,NO ERROR,-0.000000,0.000000,-0.000000,-0.006417,TRUE,FALSE,FALSE,FALSE,FALSE,FALSE,Disabled,0.000000,0.000000,0.000000,TRUE,-0.261108,-0.188248,0.000000,-0.023529,-0.034653,0.000000,0.002000,-0.035000,-0.008000,1.910000,-0.260000,-0.060000,-0.077723,Hold,0.031494,0.000000,ResetBack,-123.000000,-0.250000,Suck,-1777.500000,1818.181818,Speed,-1785.000000,1818.181818,Speed,Off,On,0.000000,FALSE,0,,,,,0.000000,0.000000,-0.050000
10:15:59.328 AM 04/28/2016,Teleop Enabled,10,FALSE,0,NO ERROR,-0.000000,0.000000,-0.000000,-0.006417,TRUE,FALSE,FALSE,FALSE,FALSE,FALSE,Disabled,0.000000,0.000000,0.000000,TRUE,-0.261780,-0.189377,0.000000,-0.002380,0.000000,0.000000,-0.023000,-0.027000,-0.023000,1.910000,-0.260000,-0.060000,-0.090818,Hold,0.031494,0.000000,ResetBack,22.000000,-0.250000,Suck,-1822.500000,1818.181818,Speed,-1867.500000,1818.181818,Speed,Off,On,0.000000,FALSE,0,,,,,0.000000,0.000000,-0.050000
10:15:59.424 AM 04/28/2016,Teleop Enabled,13,FALSE,0,NO ERROR,-0.000000,0.000000,-0.000000,-0.006417,TRUE,FALSE,FALSE,FALSE,FALSE,FALSE,Disabled,0.000000,0.000000,0.000000,TRUE,-0.261520,-0.189789,0.000000,0.008820,-0.015671,0.000000,0.000000,-0.019000,0.014000,1.940000,-0.260000,-0.060000,-0.108812,Hold,0.031494,0.000000,ResetBack,158.000000,-0.250000,Suck,-1792.500000,1818.181818,Speed,-1860.000000,1818.181818,Speed,Off,On,0.000000,FALSE,0,,,,,0.000000,0.000000,-0.050000
10:15:59.524 AM 04/28/2016,Teleop Enabled,12,FALSE,0,NO ERROR,-0.000000,0.000000,-0.000000,-0.006417,TRUE,FALSE,FALSE,FALSE,FALSE,FALSE,Disabled,0.000000,0.000000,0.000000,TRUE,-0.261810,-0.189667,0.000000,-0.007477,0.003357,0.000000,-0.085000,0.008000,0.029000,1.920000,-0.260000,0.010000,-0.115167,Hold,0.031494,0.000000,ResetBack,158.000000,-0.250000,Suck,-1732.500000,1818.181818,Speed,-1762.500000,1818.181818,Speed,Off,On,0.000000,FALSE,0,,,,,0.000000,0.000000,-0.050000
10:15:59.626 AM 04/28/2016,Teleop Enabled,14,FALSE,0,NO ERROR,-0.000000,0.000000,-0.000000,-0.006417,TRUE,FALSE,FALSE,FALSE,FALSE,FALSE,Disabled,0.000000,0.000000,0.000000,TRUE,-0.261612,-0.190140,0.000000,0.007706,-0.008194,0.000000,0.041000,-0.084000,-0.071000,1.910000,-0.260000,0.010000,-0.133000,Hold,0.031494,0.000000,ResetBack,258.000000,-0.250000,Suck,-1710.000000,1818.181818,Speed,-1680.000000,1818.181818,Speed,Off,On,0.000000,FALSE,0,,,,,0.000000,0.000000,-0.050000
10:15:59.728 AM 04/28/2016,Teleop Enabled,12,FALSE,0,NO ERROR,-0.000000,0.000000,-0.000000,-0.006417,TRUE,FALSE,FALSE,FALSE,FALSE,FALSE,Disabled,0.000000,0.000000,0.000000,TRUE,-0.260880,-0.190445,0.000000,0.010635,-0.002426,0.000000,0.077000,-0.044000,-0.020000,1.900000,-0.270000,0.120000,-0.126851,Hold,0.031494,0.000000,ResetBack,267.000000,-0.250000,Suck,-1732.500000,1818.181818,Speed,-1687.500000,1818.181818,Speed,Off,On,0.000000,FALSE,0,,,,,0.000000,0.000000,-0.050000
10:15:59.827 AM 04/28/2016,Teleop Enabled,12,FALSE,0,NO ERROR,-0.000000,0.000000,-0.000000,-0.006417,TRUE,FALSE,FALSE,FALSE,FALSE,FALSE,Disabled,0.000000,0.000000,0.000000,TRUE,-0.260620,-0.191010,0.000000,-0.001358,-0.022324,0.000000,-0.061000,-0.051000,0.016000,1.900000,-0.270000,0.160000,-0.123509,Hold,0.031494,0.000000,Reset,275.000000,2.000000,Suck,-1755.000000,1818.181818,Speed,-1777.500000,1818.181818,Speed,Off,On,0.000000,FALSE,0,,,,,0.000000,0.000000,-0.050000
10:15:59.927 AM 04/28/2016,Teleop Enabled,12,FALSE,0,NO ERROR,-0.000000,0.000000,-0.000000,-0.006417,TRUE,FALSE,FALSE,FALSE,FALSE,FALSE,Disabled,0.000000,0.000000,0.000000,TRUE,-0.260056,-0.191833,0.000000,0.016464,0.005356,0.000000,0.026000,-0.038000,-0.012000,1.880000,-0.280000,0.180000,-0.127822,Hold,0.031494,0.000000,Hold,-173.000000,2.000000,Suck,-1755.000000,1818.181818,Speed,-1792.500000,1818.181818,Speed,Off,On,0.000000,FALSE,0,,,,,0.000000,0.000000,-0.050000
10:16:00.028 AM 04/28/2016,Teleop Enabled,10,FALSE,0,NO ERROR,-0.000000,0.000000,-0.000000,-0.006417,TRUE,FALSE,FALSE,FALSE,FALSE,FALSE,Disabled,0.000000,0.000000,0.000000,TRUE,-0.260056,-0.191833,0.000000,0.016464,0.005356,0.000000,-0.095000,0.000000,-0.073000,1.880000,-0.280000,0.180000,-0.112820,Hold,0.031494,0.000000,Hold,-173.000000,2.000000,Suck,-1762.500000,1818.181818,Speed,-1792.500000,1818.181818,Speed,Off,On,0.000000,FALSE,0,,,,,0.000000,0.000000,-0.050000
10:16:00.130 AM 04/28/2016,Teleop Enabled,11,FALSE,0,NO ERROR,-0.000000,0.000000,-0.000000,-0.006417,TRUE,FALSE,FALSE,FALSE,FALSE,FALSE,Disabled,0.000000,0.000000,0.000000,TRUE,-0.259567,-0.191864,0.000000,0.005539,0.004166,0.000000,-0.061000,0.044000,-0.051000,1.890000,-0.250000,0.130000,-0.093703,Hold,0.031494,0.000000,Hold,-173.000000,2.000000,Suck,-1770.000000,1818.181818,Speed,-1770.000000,1818.181818,Speed,Off,On,0.000000,FALSE,0,,,,,0.000000,0.000000,-0.050000
10:16:00.232 AM 04/28/2016,Teleop Enabled,10,FALSE,0,NO ERROR,-0.000000,0.000000,-0.000000,-0.006417,TRUE,FALSE,FALSE,FALSE,FALSE,FALSE,Disabled,0.000000,0.000000,0.000000,TRUE,-0.260330,-0.191376,0.000000,-0.021637,0.003311,0.000000,0.029000,0.055000,-0.046000,1.890000,-0.250000,0.060000,-0.084384,Hold,0.031494,0.000000,Hold,-173.000000,2.000000,Suck,-1777.500000,1818.181818,Speed,-1762.500000,1818.181818,Speed,Off,On,0.000000,FALSE,0,,,,,0.000000,0.000000,-0.050000
10:16:00.337 AM 04/28/2016,Teleop Enabled,9,FALSE,0,NO ERROR,-0.000000,0.000000,-0.000000,-0.006417,TRUE,FALSE,FALSE,FALSE,FALSE,FALSE,Disabled,0.000000,0.000000,0.000000,TRUE,-0.262573,-0.190018,0.000000,-0.044144,0.027023,0.000000,0.012000,-0.027000,-0.045000,1.910000,-0.250000,0.040000,-0.070004,Hold,0.031494,0.000000,Hold,-173.000000,2.000000,Suck,-1785.000000,1818.181818,Speed,-1740.000000,1818.181818,Speed,Off,On,0.000000,FALSE,0,,,,,0.000000,0.000000,-0.050000
10:16:00.435 AM 04/28/2016,Teleop Enabled,9,FALSE,0,NO ERROR,-0.000000,0.000000,-0.000000,-0.006417,TRUE,FALSE,FALSE,FALSE,FALSE,FALSE,Disabled,0.000000,0.000000,0.000000,TRUE,-0.264923,-0.189697,0.000000,-0.041229,-0.014740,0.000000,0.067000,0.031000,-0.046000,1.910000,-0.250000,0.040000,-0.071760,Hold,0.031494,0.000000,Hold,-173.000000,2.000000,Suck,-1777.500000,1818.181818,Speed,-1740.000000,1818.181818,Speed,Off,On,0.000000,FALSE,0,,,,,0.000000,0.000000,-0.050000
10:16:00.536 AM 04/28/2016,Teleop Enabled,9,FALSE,0,NO ERROR,-0.000000,0.000000,-0.000000,-0.006417,TRUE,FALSE,FALSE,FALSE,FALSE,FALSE,Disabled,0.000000,0.000000,0.000000,TRUE,-0.266312,-0.189941,0.000000,-0.033707,-0.000717,0.000000,-0.003000,0.033000,-0.019000,1.910000,-0.250000,0.040000,-0.067478,Hold,0.031494,0.000000,Hold,-173.000000,2.000000,Suck,-1770.000000,1818.181818,Speed,-1740.000000,1818.181818,Speed,Off,On,0.000000,FALSE,0,,,,,0.000000,0.000000,-0.050000
10:16:00.636 AM 04/28/2016,Teleop Enabled,10,FALSE,0,NO ERROR,-0.000000,0.000000,-0.000000,-0.006417,TRUE,FALSE,FALSE,FALSE,FALSE,FALSE,Disabled,0.000000,0.000000,0.000000,TRUE,-0.270370,-0.191940,0.000000,-0.050369,-0.026474,0.000000,0.014000,0.013000,-0.001000,1.880000,-0.240000,0.110000,-0.070232,Hold,0.031494,0.000000,Hold,-173.000000,2.000000,Suck,-1777.500000,1818.181818,Speed,-1755.000000,1818.181818,Speed,Off,On,0.000000,FALSE,0,,,,,0.000000,0.000000,-0.050000
10:16:00.738 AM 04/28/2016,Teleop Enabled,10,FALSE,0,NO ERROR,-0.000000,0.000000,-0.000000,-0.006417,TRUE,FALSE,FALSE,FALSE,FALSE,FALSE,Disabled,0.000000,0.000000,0.000000,TRUE,-0.271912,-0.192856,0.000000,-0.029510,-0.025299,0.000000,0.043000,-0.028000,0.031000,1.850000,-0.240000,0.080000,-0.060345,Hold,0.031494,0.000000,Hold,-173.000000,2.000000,Suck,-1777.500000,1818.181818,Speed,-1777.500000,1818.181818,Speed,Off,On,0.000000,FALSE,0,,,,,0.000000,0.000000,-0.050000
10:16:00.841 AM 04/28/2016,Teleop Enabled,13,FALSE,0,NO ERROR,-0.000000,0.000000,-0.000000,-0.006417,TRUE,FALSE,FALSE,FALSE,FALSE,FALSE,Disabled,0.000000,0.000000,0.000000,TRUE,-0.271912,-0.192856,0.000000,-0.029510,-0.025299,0.000000,0.028000,-0.010000,0.036000,1.830000,-0.230000,0.110000,-0.072287,Hold,0.031494,0.000000,Hold,-173.000000,2.000000,Suck,-1770.000000,1818.181818,Speed,-1747.500000,1818.181818,Speed,Off,On,0.000000,FALSE,0,,,,,0.000000,0.000000,-0.050000
10:16:00.943 AM 04/28/2016,Teleop Enabled,10,FALSE,0,NO ERROR,-0.000000,0.000000,-0.000000,-0.006417,TRUE,FALSE,FALSE,FALSE,FALSE,FALSE,Disabled,0.000000,0.000000,0.000000,TRUE,-0.273911,-0.194977,0.000000,-0.037781,-0.021683,0.000000,0.029000,-0.033000,0.016000,1.840000,-0.240000,0.090000,-0.075716,Hold,0.031494,0.000000,Hold,-173.000000,2.000000,Suck,-1785.000000,1818.181818,Speed,-1747.500000,1818.181818,Speed,Off,On,0.000000,FALSE,0,,,,,0.000000,0.000000,-0.050000
10:16:01.045 AM 04/28/2016,Teleop Enabled,11,FALSE,0,NO ERROR,-0.000000,0.000000,-0.000000,-0.006417,TRUE,FALSE,FALSE,FALSE,FALSE,FALSE,Disabled,0.000000,0.000000,0.000000,TRUE,-0.275818,-0.196594,0.000000,-0.038681,-0.034607,0.000000,-0.027000,-0.010000,0.025000,1.840000,-0.240000,0.090000,-0.093620,Hold,0.031494,0.000000,Hold,-173.000000,2.000000,Suck,-1777.500000,1818.181818,Speed,-1777.500000,1818.181818,Speed,Off,On,0.000000,FALSE,0,,,,,0.000000,0.000000,-0.050000
10:16:01.146 AM 04/28/2016,Teleop Enabled,14,FALSE,0,NO ERROR,-0.000000,0.000000,-0.000000,-0.006417,TRUE,FALSE,FALSE,FALSE,FALSE,FALSE,Disabled,0.000000,0.000000,0.000000,TRUE,-0.277832,-0.196594,0.000000,-0.050797,0.005142,0.000000,-0.050000,0.051000,0.004000,1.870000,-0.240000,0.010000,-0.104692,Hold,0.031494,0.000000,Hold,-173.000000,2.000000,Suck,-1762.500000,1818.181818,Speed,-1770.000000,1818.181818,Speed,Off,On,0.000000,FALSE,0,,,,,0.000000,0.000000,-0.050000
10:16:01.248 AM 04/28/2016,Teleop Enabled,10,FALSE,0,NO ERROR,-0.000000,0.000000,-0.000000,-0.006417,TRUE,FALSE,FALSE,FALSE,FALSE,FALSE,Disabled,0.000000,0.000000,0.000000,TRUE,-0.281174,-0.196014,0.000000,-0.074020,0.017685,0.000000,0.010000,0.060000,0.037000,1.930000,-0.240000,-0.040000,-0.124142,Hold,0.031494,0.000000,Hold,-173.000000,2.000000,Suck,-1770.000000,1818.181818,Speed,-1785.000000,1818.181818,Speed,Off,On,0.000000,FALSE,0,,,,,0.000000,0.000000,-0.050000
10:16:01.349 AM 04/28/2016,Teleop Enabled,11,FALSE,0,NO ERROR,-0.000000,0.000000,-0.000000,-0.006417,TRUE,FALSE,FALSE,FALSE,FALSE,FALSE,Disabled,0.000000,0.000000,0.000000,TRUE,-0.284393,-0.194977,0.000000,-0.065399,0.016998,0.000000,0.098000,-0.025000,-0.011000,1.920000,-0.250000,0.000000,-0.110930,Hold,0.031494,0.000000,Hold,-173.000000,2.000000,Suck,-1785.000000,1818.181818,Speed,-1785.000000,1818.181818,Speed,Off,On,0.000000,FALSE,0,,,,,0.000000,0.000000,-0.050000
10:16:01.446 AM 04/28/2016,Teleop Enabled,11,FALSE,0,NO ERROR,-0.000000,0.000000,-0.000000,-0.006417,TRUE,FALSE,FALSE,FALSE,FALSE,FALSE,Disabled,0.000000,0.000000,0.000000,TRUE,-0.285614,-0.194824,0.000000,-0.008377,0.000000,0.000000,-0.041000,0.013000,0.041000,1.920000,-0.250000,-0.020000,-0.097187,Hold,0.031494,0.000000,Hold,-173.000000,2.000000,Suck,-1792.500000,1818.181818,Speed,-1785.000000,1818.181818,Speed,Off,On,0.000000,FALSE,0,,,,,0.000000,0.000000,-0.050000
10:16:01.546 AM 04/28/2016,Teleop Enabled,11,FALSE,0,NO ERROR,-0.000000,0.000000,-0.000000,-0.006417,TRUE,FALSE,FALSE,FALSE,FALSE,FALSE,Disabled,0.000000,0.000000,0.000000,TRUE,-0.286606,-0.194412,0.000000,-0.034180,0.018845,0.000000,-0.006000,-0.005000,-0.055000,1.920000,-0.240000,-0.040000,-0.097187,Hold,0.031494,0.000000,Hold,-173.000000,2.000000,Suck,-1800.000000,1818.181818,Speed,-1770.000000,1818.181818,Speed,Off,On,0.000000,FALSE,0,,,,,0.000000,0.000000,-0.050000
10:16:01.647 AM 04/28/2016,Teleop Enabled,11,FALSE,0,NO ERROR,-0.000000,0.000000,-0.000000,-0.006417,TRUE,FALSE,FALSE,FALSE,FALSE,FALSE,Disabled,0.000000,0.000000,0.000000,TRUE,-0.286987,-0.194183,0.000000,-0.006134,0.001480,0.000000,-0.084000,-0.007000,-0.074000,1.910000,-0.240000,-0.040000,-0.094660,Hold,0.031494,0.000000,Hold,-173.000000,2.000000,Suck,-1792.500000,1818.181818,Speed,-1770.000000,1818.181818,Speed,Off,On,0.000000,FALSE,0,,,,,0.000000,0.000000,-0.050000
10:16:01.750 AM 04/28/2016,Teleop Enabled,10,FALSE,0,NO ERROR,-0.000000,0.000000,-0.000000,-0.006417,TRUE,FALSE,FALSE,FALSE,FALSE,FALSE,Disabled,0.000000,0.000000,0.000000,TRUE,-0.287567,-0.193893,0.000000,-0.006943,0.002655,0.000000,-0.045000,-0.002000,-0.011000,1.930000,-0.240000,-0.060000,-0.080824,Hold,0.031494,0.000000,Hold,-173.000000,2.000000,Suck,-1792.500000,1818.181818,Speed,-1762.500000,1818.181818,Speed,Off,On,0.000000,FALSE,0,,,,,0.000000,0.000000,-0.050000
10:16:01.848 AM 04/28/2016,Teleop Enabled,9,FALSE,0,NO ERROR,-0.000000,0.000000,-0.000000,-0.006417,TRUE,FALSE,FALSE,FALSE,FALSE,FALSE,Disabled,0.000000,0.000000,0.000000,TRUE,-0.287582,-0.193878,0.000000,0.007019,0.000000,0.000000,-0.078000,0.068000,-0.016000,1.960000,-0.240000,-0.050000,-0.081296,Hold,0.031494,0.000000,Hold,-173.000000,2.000000,Suck,-1792.500000,1818.181818,Speed,-1762.500000,1818.181818,Speed,Off,On,0.000000,FALSE,0,,,,,0.000000,0.000000,-0.050000
10:16:01.950 AM 04/28/2016,Teleop Enabled,10,FALSE,0,NO ERROR,-0.000000,0.000000,-0.000000,-0.006417,TRUE,FALSE,FALSE,FALSE,FALSE,FALSE,Disabled,0.000000,0.000000,0.000000,TRUE,-0.289536,-0.192886,0.000000,-0.046097,0.026062,0.000000,-0.025000,-0.006000,-0.043000,1.960000,-0.240000,-0.090000,-0.072517,Hold,0.031494,0.000000,Hold,-173.000000,2.000000,Suck,-1792.500000,1818.181818,Speed,-1762.500000,1818.181818,Speed,Off,On,0.000000,FALSE,0,,,,,0.000000,0.000000,-0.050000
10:16:02.051 AM 04/28/2016,Teleop Enabled,9,FALSE,0,NO ERROR,-0.000000,0.000000,-0.000000,-0.006417,TRUE,FALSE,FALSE,FALSE,FALSE,FALSE,Disabled,0.000000,0.000000,0.000000,TRUE,-0.292114,-0.192810,0.000000,-0.056030,0.003357,0.000000,0.013000,0.000000,-0.006000,1.960000,-0.240000,-0.080000,-0.078411,Hold,0.031494,0.000000,Hold,-173.000000,2.000000,Suck,-1792.500000,1818.181818,Speed,-1762.500000,1818.181818,Speed,Off,On,0.000000,FALSE,0,,,,,0.000000,0.000000,-0.050000
10:16:02.152 AM 04/28/2016,Teleop Enabled,9,FALSE,0,NO ERROR,-0.000000,0.000000,-0.000000,-0.006417,TRUE,FALSE,FALSE,FALSE,FALSE,FALSE,Disabled,0.000000,0.000000,0.000000,TRUE,-0.294876,-0.192810,0.000000,-0.050247,0.000000,0.000000,0.059000,-0.033000,0.017000,1.980000,-0.240000,-0.070000,-0.065347,Hold,0.031494,0.000000,Hold,-173.000000,2.000000,Suck,-1792.500000,1818.181818,Speed,-1777.500000,1818.181818,Speed,Off,On,0.000000,FALSE,0,,,,,0.000000,0.000000,-0.050000
10:16:02.253 AM 04/28/2016,Teleop Enabled,10,FALSE,0,NO ERROR,-0.000000,0.000000,-0.000000,-0.006417,TRUE,FALSE,FALSE,FALSE,FALSE,FALSE,Disabled,0.000000,0.000000,0.000000,TRUE,-0.296936,-0.192963,0.000000,-0.048050,0.000702,0.000000,-0.048000,0.030000,-0.034000,1.980000,-0.240000,-0.060000,-0.057474,Hold,0.031494,0.000000,Hold,-173.000000,2.000000,Suck,-1792.500000,1818.181818,Speed,-1785.000000,1818.181818,Speed,Off,On,0.000000,FALSE,0,,,,,0.000000,0.000000,-0.050000
10:16:02.354 AM 04/28/2016,Teleop Enabled,9,FALSE,0,NO ERROR,-0.000000,0.000000,-0.000000,-0.006417,TRUE,FALSE,FALSE,FALSE,FALSE,FALSE,Disabled,0.000000,0.000000,0.000000,TRUE,-0.299759,-0.192612,0.000000,-0.056747,0.000000,0.000000,0.037000,-0.010000,0.006000,1.950000,-0.250000,-0.020000,-0.075788,Hold,0.031494,0.000000,Hold,-173.000000,2.000000,Suck,-1800.000000,1818.181818,Speed,-1785.000000,1818.181818,Speed,Off,On,0.000000,FALSE,0,,,,,0.000000,0.000000,-0.050000
10:16:02.456 AM 04/28/2016,Teleop Enabled,10,FALSE,0,NO ERROR,-0.000000,0.000000,-0.000000,-0.006417,TRUE,FALSE,FALSE,FALSE,FALSE,FALSE,Disabled,0.000000,0.000000,0.000000,TRUE,-0.302490,-0.193192,0.000000,-0.046097,-0.024368,0.000000,-0.009000,-0.038000,-0.046000,1.940000,-0.250000,0.000000,-0.077699,Hold,0.031494,0.000000,Hold,-173.000000,2.000000,Suck,-1800.000000,1818.181818,Speed,-1770.000000,1818.181818,Speed,Off,On,0.000000,FALSE,0,,,,,0.000000,0.000000,-0.050000
10:16:02.556 AM 04/28/2016,Teleop Enabled,9,FALSE,0,NO ERROR,-0.000000,0.000000,-0.000000,-0.006417,TRUE,FALSE,FALSE,FALSE,FALSE,FALSE,Disabled,0.000000,0.000000,0.000000,TRUE,-0.303818,-0.194839,0.000000,-0.019058,-0.028397,0.000000,0.138000,-0.028000,-0.024000,1.940000,-0.240000,-0.010000,-0.081530,Hold,0.031494,0.000000,Hold,-173.000000,2.000000,Suck,-1792.500000,1818.181818,Speed,-1755.000000,1818.181818,Speed,Off,On,0.000000,FALSE,0,,,,,0.000000,0.000000,-0.050000
10:16:02.656 AM 04/28/2016,Teleop Enabled,10,FALSE,0,NO ERROR,-0.000000,0.000000,-0.000000,-0.006417,TRUE,FALSE,FALSE,FALSE,FALSE,FALSE,Disabled,0.000000,0.000000,0.000000,TRUE,-0.304031,-0.195999,0.000000,-0.002121,-0.027222,0.000000,-0.072000,0.038000,0.058000,1.920000,-0.250000,-0.010000,-0.089424,Hold,0.031494,0.000000,Hold,-173.000000,2.000000,Suck,-1792.500000,1818.181818,Speed,-1755.000000,1818.181818,Speed,Off,On,0.000000,FALSE,0,,,,,0.000000,0.000000,-0.050000
10:16:02.756 AM 04/28/2016,Teleop Enabled,9,FALSE,0,NO ERROR,-0.000000,0.000000,-0.000000,-0.006417,TRUE,FALSE,FALSE,FALSE,FALSE,FALSE,Disabled,0.000000,0.000000,0.000000,TRUE,-0.304749,-0.196991,0.000000,-0.006256,0.000000,0.000000,0.040000,0.001000,-0.015000,1.900000,-0.250000,0.060000,-0.092756,Hold,0.031494,0.000000,Hold,-173.000000,2.000000,Suck,-1800.000000,1818.181818,Speed,-1747.500000,1818.181818,Speed,Off,On,0.000000,FALSE,0,,,,,0.000000,0.000000,-0.050000
10:16:02.857 AM 04/28/2016,Teleop Enabled,9,FALSE,0,NO ERROR,-0.000000,0.000000,-0.000000,-0.006417,TRUE,FALSE,FALSE,FALSE,FALSE,FALSE,Disabled,0.000000,0.000000,0.000000,TRUE,-0.304764,-0.197342,0.000000,-0.002075,-0.014877,0.000000,0.000000,-0.008000,-0.004000,1.880000,-0.250000,0.080000,-0.101748,Hold,0.031494,0.000000,Hold,-173.000000,2.000000,Suck,-1800.000000,1818.181818,Speed,-1732.500000,1818.181818,Speed,Off,On,0.000000,FALSE,0,,,,,0.000000,0.000000,-0.050000
10:16:02.958 AM 04/28/2016,Teleop Enabled,11,FALSE,0,NO ERROR,-0.000000,0.000000,-0.000000,-0.006417,TRUE,FALSE,FALSE,FALSE,FALSE,FALSE,Disabled,0.000000,0.000000,0.000000,TRUE,-0.305206,-0.197418,0.000000,-0.012451,-0.000031,0.000000,0.049000,0.013000,0.014000,1.890000,-0.250000,0.030000,-0.096719,Hold,0.031494,0.000000,Hold,-173.000000,2.000000,Suck,-1792.500000,1818.181818,Speed,-1747.500000,1818.181818,Speed,Off,On,0.000000,FALSE,0,,,,,0.000000,0.000000,-0.050000
10:16:03.059 AM 04/28/2016,Teleop Enabled,10,FALSE,0,NO ERROR,-0.000000,0.000000,-0.000000,-0.006417,TRUE,FALSE,FALSE,FALSE,FALSE,FALSE,Disabled,0.000000,0.000000,0.000000,TRUE,-0.305801,-0.197418,0.000000,-0.013718,0.000000,0.000000,-0.019000,0.007000,0.008000,1.870000,-0.250000,0.060000,-0.095404,Hold,0.031494,0.000000,Hold,-173.000000,2.000000,Suck,-1792.500000,1818.181818,Speed,-1785.000000,1818.181818,Speed,Off,On,0.000000,FALSE,0,,,,,0.000000,0.000000,-0.050000
10:16:03.160 AM 04/28/2016,Teleop Enabled,11,FALSE,0,NO ERROR,-0.000000,0.000000,-0.000000,-0.006417,TRUE,FALSE,FALSE,FALSE,FALSE,FALSE,Disabled,0.000000,0.000000,0.000000,TRUE,-0.306381,-0.197708,0.000000,-0.013901,-0.010803,0.000000,-0.022000,0.007000,-0.006000,1.850000,-0.250000,0.090000,-0.088877,Hold,0.031494,0.000000,Hold,-173.000000,2.000000,Suck,-1800.000000,1818.181818,Speed,-1800.000000,1818.181818,Speed,Off,On,0.000000,FALSE,0,,,,,0.000000,0.000000,-0.050000
10:16:03.262 AM 04/28/2016,Teleop Enabled,11,FALSE,0,NO ERROR,-0.000000,0.000000,-0.000000,-0.006417,TRUE,FALSE,FALSE,FALSE,FALSE,FALSE,Disabled,0.000000,0.000000,0.000000,TRUE,-0.307053,-0.197876,0.000000,-0.011688,-0.002731,0.000000,0.111000,-0.021000,0.024000,1.870000,-0.250000,0.060000,-0.080997,Hold,0.031494,0.000000,Hold,-173.000000,2.000000,Suck,-1800.000000,1818.181818,Speed,-1807.500000,1818.181818,Speed,Off,On,0.000000,FALSE,0,,,,,0.000000,0.000000,-0.050000
10:16:03.362 AM 04/28/2016,Teleop Enabled,10,FALSE,0,NO ERROR,-0.000000,0.000000,-0.000000,-0.006417,TRUE,FALSE,FALSE,FALSE,FALSE,FALSE,Disabled,0.000000,0.000000,0.000000,TRUE,-0.307434,-0.198746,0.000000,-0.011810,-0.027069,0.000000,-0.065000,0.007000,0.018000,1.880000,-0.250000,0.070000,-0.076649,Hold,0.031494,0.000000,Hold,-173.000000,2.000000,Suck,-1792.500000,1818.181818,Speed,-1762.500000,1818.181818,Speed,Off,On,0.000000,FALSE,0,,,,,0.000000,0.000000,-0.050000
10:16:03.462 AM 04/28/2016,Teleop Enabled,11,FALSE,0,NO ERROR,-0.000000,0.000000,-0.000000,-0.006417,TRUE,FALSE,FALSE,FALSE,FALSE,FALSE,Disabled,0.000000,0.000000,0.000000,TRUE,-0.308014,-0.199326,0.000000,-0.017365,-0.008102,0.000000,0.021000,0.011000,-0.051000,1.900000,-0.250000,0.090000,-0.069915,Hold,0.031494,0.000000,Hold,-173.000000,2.000000,Suck,-1800.000000,1818.181818,Speed,-1732.500000,1818.181818,Speed,Off,On,0.000000,FALSE,0,,,,,0.000000,0.000000,-0.050000
10:16:03.562 AM 04/28/2016,Teleop Enabled,11,FALSE,0,NO ERROR,-0.000000,0.000000,-0.000000,-0.006417,TRUE,FALSE,FALSE,FALSE,FALSE,FALSE,Disabled,0.000000,0.000000,0.000000,TRUE,-0.309097,-0.199539,0.000000,-0.019363,-0.002396,0.000000,-0.039000,-0.048000,-0.082000,1.880000,-0.250000,0.130000,-0.078841,Hold,0.031494,0.000000,Hold,-173.000000,2.000000,Suck,-1792.500000,1818.181818,Speed,-1725.000000,1818.181818,Speed,Off,On,0.000000,FALSE,0,,,,,0.000000,0.000000,-0.050000
10:16:03.662 AM 04/28/2016,Teleop Enabled,10,FALSE,0,NO ERROR,-0.000000,0.000000,-0.000000,-0.006417,TRUE,FALSE,FALSE,FALSE,FALSE,FALSE,Disabled,0.000000,0.000000,0.000000,TRUE,-0.310501,-0.199951,0.000000,-0.035019,-0.003235,0.000000,-0.059000,0.023000,0.055000,1.900000,-0.250000,0.090000,-0.083547,Hold,0.031494,0.000000,Hold,-173.000000,2.000000,Suck,-1800.000000,1818.181818,Speed,-1755.000000,1818.181818,Speed,Off,On,0.000000,FALSE,0,,,,,0.000000,0.000000,-0.050000
10:16:03.762 AM 04/28/2016,Teleop Enabled,11,FALSE,0,NO ERROR,-0.000000,0.000000,-0.000000,-0.006417,TRUE,FALSE,FALSE,FALSE,FALSE,FALSE,Disabled,0.000000,0.000000,0.000000,TRUE,-0.312271,-0.200790,0.000000,-0.019714,-0.022415,0.000000,-0.098000,-0.033000,-0.047000,1.890000,-0.250000,0.090000,-0.077096,Hold,0.031494,0.000000,Hold,-173.000000,2.000000,Suck,-1800.000000,1818.181818,Speed,-1770.000000,1818.181818,Speed,Off,On,0.000000,FALSE,0,,,,,0.000000,0.000000,-0.050000
10:16:03.862 AM 04/28/2016,Teleop Enabled,11,FALSE,0,NO ERROR,-0.000000,0.000000,-0.000000,-0.006417,TRUE,FALSE,FALSE,FALSE,FALSE,FALSE,Disabled,0.000000,0.000000,0.000000,TRUE,-0.313171,-0.201309,0.000000,-0.010284,0.006424,0.000000,-0.006000,0.003000,0.009000,1.850000,-0.260000,0.100000,-0.087740,Hold,0.031494,0.000000,Hold,-173.000000,2.000000,Suck,-1800.000000,1818.181818,Speed,-1800.000000,1818.181818,Speed,Off,On,0.000000,FALSE,0,,,,,0.000000,0.000000,-0.050000
10:16:03.962 AM 04/28/2016,Teleop Enabled,10,FALSE,0,NO ERROR,-0.000000,0.000000,-0.000000,-0.006417,TRUE,FALSE,FALSE,FALSE,FALSE,FALSE,Disabled,0.000000,0.000000,0.000000,TRUE,-0.313187,-0.201248,0.000000,-0.001892,-0.000168,0.000000,-0.020000,0.063000,0.018000,1.840000,-0.260000,0.120000,-0.098206,Hold,0.031494,0.000000,Hold,-173.000000,2.000000,Suck,-1800.000000,1818.181818,Speed,-1807.500000,1818.181818,Speed,Off,On,0.000000,FALSE,0,,,,,0.000000,0.000000,-0.050000
10:16:04.063 AM 04/28/2016,Teleop Enabled,11,FALSE,0,NO ERROR,-0.000000,0.000000,-0.000000,-0.006417,TRUE,FALSE,FALSE,FALSE,FALSE,FALSE,Disabled,0.000000,0.000000,0.000000,TRUE,-0.313187,-0.201126,0.000000,-0.002914,-0.001785,0.000000,-0.033000,0.072000,0.039000,1.840000,-0.260000,0.150000,-0.104606,Hold,0.031494,0.000000,Hold,-173.000000,2.000000,Suck,-1792.500000,1818.181818,Speed,-1770.000000,1818.181818,Speed,Off,On,0.000000,FALSE,0,,,,,0.000000,0.000000,-0.050000
10:16:04.163 AM 04/28/2016,Teleop Enabled,11,FALSE,0,NO ERROR,-0.000000,0.000000,-0.000000,-0.006417,TRUE,FALSE,FALSE,FALSE,FALSE,FALSE,Disabled,0.000000,0.000000,0.000000,TRUE,-0.313019,-0.201462,0.000000,0.007462,-0.008728,0.000000,-0.040000,0.050000,0.046000,1.830000,-0.260000,0.160000,-0.110186,Hold,0.031494,0.000000,Hold,-174.000000,2.000000,Suck,-1792.500000,1818.181818,Speed,-1732.500000,1818.181818,Speed,Off,On,0.000000,FALSE,0,,,,,0.000000,0.000000,-0.050000
10:16:04.263 AM 04/28/2016,Teleop Enabled,10,FALSE,0,NO ERROR,-0.000000,0.000000,-0.000000,-0.006417,TRUE,FALSE,FALSE,FALSE,FALSE,FALSE,Disabled,0.000000,0.000000,0.000000,TRUE,-0.312851,-0.201889,0.000000,-0.002991,-0.005859,0.000000,-0.029000,0.034000,0.026000,1.830000,-0.260000,0.160000,-0.121350,Hold,0.031494,0.000000,Hold,-174.000000,2.000000,Suck,-1792.500000,1818.181818,Speed,-1732.500000,1818.181818,Speed,Off,On,0.000000,FALSE,0,,,,,0.000000,0.000000,-0.050000
10:16:04.363 AM 04/28/2016,Teleop Enabled,10,FALSE,0,NO ERROR,-0.000000,0.000000,-0.000000,-0.006417,TRUE,FALSE,FALSE,FALSE,FALSE,FALSE,Disabled,0.000000,0.000000,0.000000,TRUE,-0.313309,-0.200958,0.000000,-0.016617,0.026947,0.000000,-0.023000,-0.096000,-0.025000,1.840000,-0.270000,0.210000,-0.133678,Hold,0.031494,0.000000,Hold,-174.000000,2.000000,Suck,-1792.500000,1818.181818,Speed,-1732.500000,1818.181818,Speed,Off,On,0.000000,FALSE,0,,,,,0.000000,0.000000,-0.050000
10:16:04.463 AM 04/28/2016,Teleop Enabled,11,FALSE,0,NO ERROR,-0.000000,0.000000,-0.000000,-0.006417,TRUE,FALSE,FALSE,FALSE,FALSE,FALSE,Disabled,0.000000,0.000000,0.000000,TRUE,-0.314346,-0.200073,0.000000,-0.027161,0.032593,0.000000,0.098000,-0.005000,-0.020000,1.870000,-0.270000,0.190000,-0.140050,Hold,0.031494,0.000000,Hold,-174.000000,2.000000,Suck,-1792.500000,1818.181818,Speed,-1710.000000,1818.181818,Speed,Off,On,0.000000,FALSE,0,,,,,0.000000,0.000000,-0.050000
10:16:04.563 AM 04/28/2016,Teleop Enabled,11,FALSE,0,NO ERROR,-0.000000,0.000000,-0.000000,-0.006417,TRUE,FALSE,FALSE,FALSE,FALSE,FALSE,Disabled,0.000000,0.000000,0.000000,TRUE,-0.313736,-0.198502,0.000000,0.016846,0.026886,0.000000,-0.040000,-0.045000,-0.008000,1.860000,-0.270000,0.170000,-0.129795,Hold,0.031494,0.000000,Hold,-174.000000,2.000000,Suck,-1792.500000,1818.181818,Speed,-1732.500000,1818.181818,Speed,Off,On,0.000000,FALSE,0,,,,,0.000000,0.000000,-0.050000
10:16:04.663 AM 04/28/2016,Teleop Enabled,10,FALSE,0,NO ERROR,-0.000000,0.000000,-0.000000,-0.006417,TRUE,FALSE,FALSE,FALSE,FALSE,FALSE,Disabled,0.000000,0.000000,0.000000,TRUE,-0.312973,-0.197189,0.000000,0.007645,0.032104,0.000000,-0.024000,0.023000,-0.014000,1.890000,-0.280000,0.200000,-0.133602,Hold,0.031494,0.000000,Hold,-174.000000,2.000000,Suck,-1792.500000,1818.181818,Speed,-1762.500000,1818.181818,Speed,Off,On,0.000000,FALSE,0,,,,,0.000000,0.000000,-0.050000
10:16:04.763 AM 04/28/2016,Teleop Enabled,10,FALSE,0,NO ERROR,-0.000000,0.000000,-0.000000,-0.006417,TRUE,FALSE,FALSE,FALSE,FALSE,FALSE,Disabled,0.000000,0.000000,0.000000,TRUE,-0.313248,-0.195465,0.000000,-0.010239,0.042908,0.000000,-0.001000,0.047000,0.007000,1.880000,-0.280000,0.180000,-0.139782,Hold,0.031494,0.000000,Hold,-174.000000,2.000000,Suck,-1792.500000,1818.181818,Speed,-1807.500000,1818.181818,Speed,Off,On,0.000000,FALSE,0,,,,,0.000000,0.000000,-0.050000
10:16:04.863 AM 04/28/2016,Teleop Enabled,4,FALSE,0,NO ERROR,-0.000000,0.000000,-0.000000,-0.006417,TRUE,FALSE,FALSE,FALSE,FALSE,FALSE,Disabled,0.000000,0.000000,0.000000,TRUE,-0.313217,-0.195007,0.000000,0.006317,0.000000,0.000000,-0.033000,0.052000,0.003000,1.890000,-0.280000,0.150000,-0.131716,Hold,0.031494,0.000000,Hold,-174.000000,2.000000,Suck,-1792.500000,1818.181818,Speed,-1792.500000,1818.181818,Speed,Off,On,0.000000,FALSE,0,,,,,0.000000,0.000000,-0.050000
10:16:04.963 AM 04/28/2016,Teleop Enabled,7,FALSE,0,NO ERROR,-0.000000,0.000000,-0.000000,-0.006417,TRUE,FALSE,FALSE,FALSE,FALSE,FALSE,Disabled,0.000000,0.000000,0.000000,TRUE,-0.312469,-0.194733,0.000000,0.009018,0.006042,0.000000,0.102000,-0.010000,0.001000,1.900000,-0.280000,0.120000,-0.129220,Hold,0.031494,0.000000,Hold,-174.000000,2.000000,Suck,-1800.000000,1818.181818,Speed,-1725.000000,1818.181818,Speed,Off,On,0.000000,FALSE,0,,,,,0.000000,0.000000,-0.050000
10:16:05.063 AM 04/28/2016,Teleop Enabled,3,FALSE,0,NO ERROR,-0.000000,0.000000,-0.000000,-0.006417,TRUE,FALSE,FALSE,FALSE,FALSE,FALSE,Disabled,0.000000,0.000000,0.000000,TRUE,-0.311905,-0.194382,0.000000,0.006561,0.019806,0.000000,0.023000,0.070000,0.071000,1.890000,-0.280000,0.130000,-0.123863,Hold,0.031494,0.000000,Hold,-174.000000,2.000000,Suck,-1792.500000,1818.181818,Speed,-1695.000000,1818.181818,Speed,Off,On,0.000000,FALSE,0,,,,,0.000000,0.000000,-0.050000
10:16:05.164 AM 04/28/2016,Teleop Enabled,12,FALSE,0,NO ERROR,-0.000000,0.000000,-0.000000,-0.006417,TRUE,FALSE,FALSE,FALSE,FALSE,FALSE,Disabled,0.000000,0.000000,0.000000,TRUE,-0.311935,-0.193008,0.000000,0.000000,0.040405,0.000000,-0.055000,-0.071000,-0.048000,1.930000,-0.280000,0.140000,-0.114610,Hold,0.031494,0.000000,Hold,-174.000000,2.000000,Suck,-1792.500000,1818.181818,Speed,-1702.500000,1818.181818,Speed,Off,On,0.000000,FALSE,0,,,,,0.000000,0.000000,-0.050000
10:16:05.264 AM 04/28/2016,Teleop Enabled,5,FALSE,0,NO ERROR,-0.000000,0.000000,-0.000000,-0.006417,TRUE,FALSE,FALSE,FALSE,FALSE,FALSE,Disabled,0.000000,0.000000,0.000000,TRUE,-0.312454,-0.191498,0.000000,-0.014664,0.027756,0.000000,0.018000,-0.052000,-0.020000,1.920000,-0.280000,0.100000,-0.116613,Hold,0.031494,0.000000,Hold,-174.000000,2.000000,Suck,-1792.500000,1818.181818,Speed,-1770.000000,1818.181818,Speed,Off,On,0.000000,FALSE,0,,,,,0.000000,0.000000,-0.050000
10:16:05.364 AM 04/28/2016,Teleop Enabled,7,FALSE,0,NO ERROR,-0.000000,0.000000,-0.000000,-0.006417,TRUE,FALSE,FALSE,FALSE,FALSE,FALSE,Disabled,0.000000,0.000000,0.000000,TRUE,-0.313538,-0.190842,0.000000,-0.022964,0.003021,0.000000,-0.003000,0.037000,0.025000,1.910000,-0.280000,0.070000,-0.113188,Hold,0.031494,0.000000,Hold,-174.000000,2.000000,Suck,-1792.500000,1818.181818,Speed,-1792.500000,1818.181818,Speed,Off,On,0.000000,FALSE,0,,,,,0.000000,0.000000,-0.050000
10:16:05.464 AM 04/28/2016,Teleop Enabled,10,FALSE,0,NO ERROR,-0.000000,0.000000,-0.000000,-0.006417,TRUE,FALSE,FALSE,FALSE,FALSE,FALSE,Disabled,0.000000,0.000000,0.000000,TRUE,-0.316315,-0.189545,0.000000,-0.049866,0.036270,0.000000,-0.020000,0.024000,0.002000,1.910000,-0.280000,0.070000,-0.107053,Hold,0.031494,0.000000,Hold,-174.000000,2.000000,Suck,-1800.000000,1818.181818,Speed,-1785.000000,1818.181818,Speed,Off,On,0.000000,FALSE,0,,,,,0.000000,0.000000,-0.050000
10:16:05.564 AM 04/28/2016,Teleop Enabled,10,FALSE,0,NO ERROR,-0.000000,0.000000,-0.000000,-0.006417,TRUE,FALSE,FALSE,FALSE,FALSE,FALSE,Disabled,0.000000,0.000000,0.000000,TRUE,-0.319275,-0.187103,0.000000,-0.063293,0.057632,0.000000,0.046000,0.005000,0.000000,1.910000,-0.280000,0.070000,-0.089630,Hold,0.031494,0.000000,Hold,-174.000000,2.000000,Suck,-1800.000000,1818.181818,Speed,-1755.000000,1818.181818,Speed,Off,On,0.000000,FALSE,0,,,,,0.000000,0.000000,-0.050000
10:16:05.664 AM 04/28/2016,Teleop Enabled,3,FALSE,0,NO ERROR,-0.000000,0.000000,-0.000000,-0.006417,TRUE,FALSE,FALSE,FALSE,FALSE,FALSE,Disabled,0.000000,0.000000,0.000000,TRUE,-0.321747,-0.185196,0.000000,-0.061310,0.048630,0.000000,-0.017000,-0.033000,-0.008000,1.930000,-0.270000,0.040000,-0.111584,Hold,0.031494,0.000000,Hold,-174.000000,2.000000,Suck,-1792.500000,1818.181818,Speed,-1740.000000,1818.181818,Speed,Off,On,0.000000,FALSE,0,,,,,0.000000,0.000000,-0.050000
10:16:05.764 AM 04/28/2016,Teleop Enabled,16,FALSE,0,NO ERROR,-0.000000,0.000000,-0.000000,-0.006417,TRUE,FALSE,FALSE,FALSE,FALSE,FALSE,Disabled,0.000000,0.000000,0.000000,TRUE,-0.322372,-0.182419,0.000000,0.002243,0.048462,0.000000,0.049000,0.031000,-0.047000,1.910000,-0.280000,0.070000,-0.139647,Hold,0.031494,0.000000,Hold,-174.000000,2.000000,Suck,-1792.500000,1818.181818,Speed,-1762.500000,1818.181818,Speed,Off,On,0.000000,FALSE,0,,,,,0.000000,0.000000,-0.050000
10:16:05.864 AM 04/28/2016,Teleop Enabled,6,FALSE,0,NO ERROR,-0.000000,0.000000,-0.000000,-0.006417,TRUE,FALSE,FALSE,FALSE,FALSE,FALSE,Disabled,0.000000,0.000000,0.000000,TRUE,-0.322006,-0.179932,0.000000,0.001740,0.051483,0.000000,0.018000,0.032000,0.098000,1.900000,-0.280000,0.100000,-0.147004,Hold,0.031494,0.000000,Hold,-174.000000,2.000000,Suck,-1792.500000,1818.181818,Speed,-1770.000000,1818.181818,Speed,Off,On,0.000000,FALSE,0,,,,,0.000000,0.000000,-0.050000
10:16:05.964 AM 04/28/2016,Teleop Enabled,4,FALSE,0,NO ERROR,-0.000000,0.000000,-0.000000,-0.006417,TRUE,FALSE,FALSE,FALSE,FALSE,FALSE,Disabled,0.000000,0.000000,0.000000,TRUE,-0.322449,-0.178604,0.000000,-0.022278,-0.003265,0.000000,-0.104000,-0.032000,-0.064000,1.930000,-0.280000,0.070000,-0.138473,Hold,0.031494,0.000000,Hold,-174.000000,2.000000,Suck,-1792.500000,1818.181818,Speed,-1770.000000,1818.181818,Speed,Off,On,0.000000,FALSE,0,,,,,0.000000,0.000000,-0.050000
10:16:06.064 AM 04/28/2016,Teleop Enabled,5,FALSE,0,NO ERROR,-0.000000,0.000000,-0.000000,-0.006417,TRUE,FALSE,FALSE,FALSE,FALSE,FALSE,Disabled,0.000000,0.000000,0.000000,TRUE,-0.323486,-0.179001,0.000000,-0.016205,-0.011993,0.000000,-0.038000,0.003000,-0.023000,1.910000,-0.280000,0.070000,-0.137269,Hold,0.031494,0.000000,Hold,-174.000000,2.000000,Suck,-1800.000000,1818.181818,Speed,-1755.000000,1818.181818,Speed,Off,On,0.000000,FALSE,0,,,,,0.000000,0.000000,-0.050000
10:16:06.164 AM 04/28/2016,Teleop Enabled,11,FALSE,0,NO ERROR,-0.000000,0.000000,-0.000000,-0.006417,TRUE,FALSE,FALSE,FALSE,FALSE,FALSE,Disabled,0.000000,0.000000,0.000000,TRUE,-0.324020,-0.178940,0.000000,-0.006958,0.009079,0.000000,0.029000,0.008000,-0.044000,1.920000,-0.280000,0.040000,-0.138133,Hold,0.031494,0.000000,Hold,-174.000000,2.000000,Suck,-1792.500000,1818.181818,Speed,-1755.000000,1818.181818,Speed,Off,On,0.000000,FALSE,0,,,,,0.000000,0.000000,-0.050000
10:16:06.264 AM 04/28/2016,Teleop Enabled,20,FALSE,0,NO ERROR,-0.000000,0.000000,-0.000000,-0.006417,TRUE,FALSE,FALSE,FALSE,FALSE,FALSE,Disabled,0.000000,0.000000,0.000000,TRUE,-0.324402,-0.178101,0.000000,-0.005753,0.027100,0.000000,-0.033000,0.026000,-0.054000,1.920000,-0.290000,0.070000,-0.155810,Hold,0.031494,0.000000,Hold,-174.000000,2.000000,Suck,-1800.000000,1818.181818,Speed,-1777.500000,1818.181818,Speed,Off,On,0.000000,FALSE,0,,,,,0.000000,0.000000,-0.050000
10:16:06.364 AM 04/28/2016,Teleop Enabled,16,FALSE,0,NO ERROR,-0.000000,0.000000,-0.000000,-0.006417,TRUE,FALSE,FALSE,FALSE,FALSE,FALSE,Disabled,0.000000,0.000000,0.000000,TRUE,-0.325485,-0.177094,0.000000,-0.027512,0.014191,0.000000,-0.033000,0.026000,-0.054000,1.910000,-0.290000,0.060000,-0.158712,Hold,0.031494,0.000000,Hold,-174.000000,2.000000,Suck,-1800.000000,1818.181818,Speed,-1792.500000,1818.181818,Speed,Off,On,0.000000,FALSE,0,,,,,0.000000,0.000000,-0.050000
10:16:06.465 AM 04/28/2016,Teleop Enabled,12,FALSE,0,NO ERROR,-0.000000,0.000000,-0.000000,-0.006417,TRUE,FALSE,FALSE,FALSE,FALSE,FALSE,Disabled,0.000000,0.000000,0.000000,TRUE,-0.326355,-0.176605,0.000000,-0.006821,0.000000,0.000000,-0.019000,0.039000,-0.020000,1.900000,-0.290000,0.090000,-0.146760,Hold,0.031494,0.000000,Hold,-174.000000,2.000000,Suck,-1800.000000,1818.181818,Speed,-1777.500000,1818.181818,Speed,Off,On,0.000000,FALSE,0,,,,,0.000000,0.000000,-0.050000
10:16:06.565 AM 04/28/2016,Teleop Enabled,12,FALSE,0,NO ERROR,-0.000000,0.000000,-0.000000,-0.006417,TRUE,FALSE,FALSE,FALSE,FALSE,FALSE,Disabled,0.000000,0.000000,0.000000,TRUE,-0.326553,-0.176926,0.000000,-0.000809,-0.008194,0.000000,0.022000,0.004000,0.021000,1.900000,-0.300000,0.160000,-0.155580,Hold,0.031494,0.000000,Hold,-174.000000,2.000000,Suck,-1792.500000,1818.181818,Speed,-1770.000000,1818.181818,Speed,Off,On,0.000000,FALSE,0,,,,,0.000000,0.000000,-0.050000
10:16:06.665 AM 04/28/2016,Teleop Enabled,10,FALSE,0,NO ERROR,-0.000000,0.000000,-0.000000,-0.006417,TRUE,FALSE,FALSE,FALSE,FALSE,FALSE,Disabled,0.000000,0.000000,0.000000,TRUE,-0.326691,-0.177200,0.000000,-0.008072,0.000000,0.000000,-0.005000,-0.017000,0.019000,1.880000,-0.300000,0.130000,-0.154419,Hold,0.031494,0.000000,Hold,-174.000000,2.000000,Suck,-1800.000000,1818.181818,Speed,-1747.500000,1818.181818,Speed,Off,On,0.000000,FALSE,0,,,,,0.000000,0.000000,-0.050000
10:16:06.765 AM 04/28/2016,Teleop Enabled,11,FALSE,0,NO ERROR,-0.000000,0.000000,-0.000000,-0.006417,TRUE,FALSE,FALSE,FALSE,FALSE,FALSE,Disabled,0.000000,0.000000,0.000000,TRUE,-0.327194,-0.176819,0.000000,-0.002167,0.002975,0.000000,-0.089000,0.064000,-0.007000,1.890000,-0.300000,0.130000,-0.159174,Hold,0.031494,0.000000,Hold,-174.000000,2.000000,Suck,-1800.000000,1818.181818,Speed,-1732.500000,1818.181818,Speed,Off,On,0.000000,FALSE,0,,,,,0.000000,0.000000,-0.050000
10:16:06.865 AM 04/28/2016,Teleop Enabled,13,FALSE,0,NO ERROR,-0.000000,0.000000,-0.000000,-0.006417,TRUE,FALSE,FALSE,FALSE,FALSE,FALSE,Disabled,0.000000,0.000000,0.000000,TRUE,-0.327011,-0.176926,0.000000,0.009811,-0.008255,0.000000,0.056000,0.023000,0.026000,1.890000,-0.300000,0.130000,-0.171828,Hold,0.031494,0.000000,Hold,-174.000000,2.000000,Suck,-1792.500000,1818.181818,Speed,-1755.000000,1818.181818,Speed,Off,On,0.000000,FALSE,0,,,,,0.000000,0.000000,-0.050000
10:16:06.966 AM 04/28/2016,Teleop Enabled,11,FALSE,0,NO ERROR,-0.000000,0.000000,-0.000000,-0.006417,TRUE,FALSE,FALSE,FALSE,FALSE,FALSE,Disabled,0.000000,0.000000,0.000000,TRUE,-0.326035,-0.176727,0.000000,0.021713,0.001572,0.000000,0.105000,0.029000,-0.003000,1.880000,-0.300000,0.160000,-0.156977,Hold,0.031494,0.000000,Hold,-174.000000,2.000000,Suck,-1800.000000,1818.181818,Speed,-1785.000000,1818.181818,Speed,Off,On,0.000000,FALSE,0,,,,,0.000000,0.000000,-0.050000
10:16:07.069 AM 04/28/2016,Teleop Enabled,14,FALSE,0,NO ERROR,-0.000000,0.000000,-0.000000,-0.006417,TRUE,FALSE,FALSE,FALSE,FALSE,FALSE,Disabled,0.000000,0.000000,0.000000,TRUE,-0.325211,-0.175613,0.000000,-0.001343,0.034897,0.000000,0.112000,0.061000,0.003000,1.900000,-0.290000,0.160000,-0.162768,Hold,0.031494,0.000000,Hold,-174.000000,2.000000,Suck,-1800.000000,1818.181818,Speed,-1792.500000,1818.181818,Speed,Off,On,0.000000,FALSE,0,,,,,0.000000,0.000000,-0.050000
10:16:07.185 AM 04/28/2016,Teleop Disabled,7,FALSE,0,NO ERROR,-0.000000,0.000000,-0.000000,-0.006417,TRUE,FALSE,FALSE,TRUE,FALSE,FALSE,Disabled,0.000000,0.000000,0.000000,TRUE,-0.327133,-0.173172,0.000000,-0.044708,0.048538,0.000000,0.033000,-0.050000,0.014000,1.920000,-0.290000,0.160000,-0.180318,Hold,0.031494,0.000000,Hold,-174.000000,2.000000,Suck,-1792.500000,1818.181818,Speed,-1770.000000,1818.181818,Speed,Off,On,0.000000,FALSE,0,,,,,0.000000,0.000000,-0.050000
10:16:07.273 AM 04/28/2016,Teleop Disabled,5,FALSE,0,NO ERROR,-0.000000,0.000000,-0.000000,-0.006417,TRUE,FALSE,FALSE,TRUE,FALSE,FALSE,Disabled,0.000000,0.000000,0.000000,TRUE,-0.329666,-0.170334,0.000000,-0.040115,0.049622,0.000000,0.033000,-0.050000,0.014000,1.920000,-0.300000,0.170000,-0.178817,Hold,0.031494,0.000000,Hold,-174.000000,2.000000,Suck,-1732.500000,1818.181818,Speed,-1725.000000,1818.181818,Speed,Off,On,0.000000,FALSE,0,,,,,0.000000,0.000000,-0.050000
10:16:07.373 AM 04/28/2016,Teleop Disabled,10,FALSE,0,NO ERROR,-0.000000,0.000000,-0.000000,-0.006417,TRUE,FALSE,FALSE,TRUE,FALSE,FALSE,Disabled,0.000000,0.000000,0.000000,TRUE,-0.331131,-0.167847,0.000000,-0.035614,0.055130,0.000000,-0.006000,-0.022000,0.023000,1.910000,-0.300000,0.190000,-0.187389,Hold,0.031494,0.000000,Hold,-8257.000000,2.000000,Suck,-1657.500000,1818.181818,Speed,-1620.000000,1818.181818,Speed,Off,On,0.000000,FALSE,0,,,,,0.000000,0.000000,-0.050000
10:16:07.476 AM 04/28/2016,Teleop Disabled,8,FALSE,0,NO ERROR,-0.000000,0.000000,-0.000000,-0.006417,TRUE,FALSE,FALSE,TRUE,FALSE,FALSE,Disabled,0.000000,0.000000,0.000000,TRUE,-0.331848,-0.165268,0.000000,-0.014893,0.054688,0.000000,-0.009000,-0.004000,0.018000,1.910000,-0.300000,0.190000,-0.199176,Hold,0.031494,0.000000,Hold,-9478.000000,2.000000,Suck,-1545.000000,1818.181818,Speed,-1470.000000,1818.181818,Speed,Off,On,0.000000,FALSE,0,,,,,0.000000,0.000000,-0.050000
10:16:07.575 AM 04/28/2016,Teleop Disabled,10,FALSE,0,NO ERROR,-0.000000,0.000000,-0.000000,-0.006417,TRUE,FALSE,FALSE,TRUE,FALSE,FALSE,Disabled,0.000000,0.000000,0.000000,TRUE,-0.331833,-0.164917,0.000000,0.010895,-0.010300,0.000000,0.045000,-0.006000,-0.009000,1.870000,-0.300000,0.110000,-0.195055,Hold,0.031494,0.000000,Hold,-9478.000000,2.000000,Suck,-1425.000000,1818.181818,Speed,-1305.000000,1818.181818,Speed,Off,On,0.000000,FALSE,0,,,,,0.000000,0.000000,-0.050000
10:16:07.677 AM 04/28/2016,Teleop Disabled,9,FALSE,0,NO ERROR,-0.000000,0.000000,-0.000000,-0.006417,TRUE,FALSE,FALSE,TRUE,FALSE,FALSE,Disabled,0.000000,0.000000,0.000000,TRUE,-0.331833,-0.164917,0.000000,0.010895,-0.010300,0.000000,-0.022000,0.043000,-0.057000,1.860000,-0.300000,0.130000,-0.188604,Hold,0.031494,0.000000,Hold,-9478.000000,2.000000,Suck,-1312.500000,1818.181818,Speed,-1140.000000,1818.181818,Speed,Off,On,0.000000,FALSE,0,,,,,0.000000,0.000000,-0.050000
10:16:07.783 AM 04/28/2016,Teleop Disabled,15,FALSE,0,NO ERROR,-0.000000,0.000000,-0.000000,-0.006417,TRUE,FALSE,FALSE,TRUE,FALSE,FALSE,Disabled,0.000000,0.000000,0.000000,TRUE,-0.330612,-0.165314,0.000000,0.000000,0.000000,0.000000,0.034000,-0.009000,-0.073000,1.870000,-0.300000,0.100000,-0.201737,Hold,0.031494,0.000000,Hold,-9478.000000,2.000000,Suck,-1207.500000,1818.181818,Speed,-967.500000,1818.181818,Speed,Off,On,0.000000,FALSE,0,,,,,0.000000,0.000000,-0.050000
10:16:07.884 AM 04/28/2016,Teleop Disabled,10,FALSE,0,NO ERROR,-0.000000,0.000000,-0.000000,-0.006417,TRUE,FALSE,FALSE,TRUE,FALSE,FALSE,Disabled,0.000000,0.000000,0.000000,TRUE,-0.331650,-0.165192,0.000000,-0.026047,0.000000,0.000000,-0.044000,0.010000,0.027000,1.880000,-0.300000,0.130000,-0.201321,Hold,0.031494,0.000000,Hold,-9478.000000,2.000000,Suck,-1102.500000,1818.181818,Speed,-832.500000,1818.181818,Speed,Off,On,0.000000,FALSE,0,,,,,0.000000,0.000000,-0.050000
10:16:07.986 AM 04/28/2016,Teleop Disabled,14,FALSE,0,NO ERROR,-0.000000,0.000000,-0.000000,-0.006417,TRUE,FALSE,FALSE,TRUE,FALSE,FALSE,Disabled,0.000000,0.000000,0.000000,TRUE,-0.332581,-0.165192,0.000000,-0.023666,0.001007,0.000000,0.030000,0.016000,-0.017000,1.900000,-0.300000,0.090000,-0.197448,Hold,0.031494,0.000000,Hold,-9478.000000,2.000000,Suck,-990.000000,1818.181818,Speed,-742.500000,1818.181818,Speed,Off,On,0.000000,FALSE,0,,,,,0.000000,0.000000,-0.050000
10:16:08.087 AM 04/28/2016,Teleop Disabled,11,FALSE,0,NO ERROR,-0.000000,0.000000,-0.000000,-0.006417,TRUE,FALSE,FALSE,TRUE,FALSE,FALSE,Disabled,0.000000,0.000000,0.000000,TRUE,-0.333328,-0.165009,0.000000,0.000000,0.011765,0.000000,-0.017000,0.038000,0.027000,1.870000,-0.300000,0.100000,-0.203125,Hold,0.031494,0.000000,Hold,-9478.000000,2.000000,Suck,-877.500000,1818.181818,Speed,-637.500000,1818.181818,Speed,Off,On,0.000000,FALSE,0,,,,,0.000000,0.000000,-0.050000
10:16:08.187 AM 04/28/2016,Teleop Disabled,15,FALSE,0,NO ERROR,-0.000000,0.000000,-0.000000,-0.006417,TRUE,FALSE,FALSE,TRUE,FALSE,FALSE,Disabled,0.000000,0.000000,0.000000,TRUE,-0.333328,-0.165009,0.000000,0.000000,0.011765,0.000000,-0.017000,0.038000,0.027000,1.870000,-0.300000,0.100000,-0.211149,Hold,0.031494,0.000000,Hold,-9478.000000,2.000000,Suck,-787.500000,1818.181818,Speed,-525.000000,1818.181818,Speed,Off,On,0.000000,FALSE,0,,,,,0.000000,0.000000,-0.050000
10:16:08.288 AM 04/28/2016,Teleop Disabled,10,FALSE,0,NO ERROR,-0.000000,0.000000,-0.000000,-0.006417,TRUE,FALSE,FALSE,TRUE,FALSE,FALSE,Disabled,0.000000,0.000000,0.000000,TRUE,-0.332993,-0.164856,0.000000,0.013855,0.000000,0.000000,-0.009000,0.000000,0.012000,1.880000,-0.300000,0.110000,-0.232338,Hold,0.031494,0.000000,Hold,-9478.000000,2.000000,Suck,-690.000000,1818.181818,Speed,-420.000000,1818.181818,Speed,Off,On,0.000000,FALSE,0,,,,,0.000000,0.000000,-0.050000
10:16:08.390 AM 04/28/2016,Teleop Disabled,11,FALSE,0,NO ERROR,-0.000000,0.000000,-0.000000,-0.006417,TRUE,FALSE,FALSE,TRUE,FALSE,FALSE,Disabled,0.000000,0.000000,0.000000,TRUE,-0.332047,-0.164291,0.000000,0.013550,-0.004227,0.000000,-0.008000,0.026000,-0.010000,1.890000,-0.300000,0.100000,-0.240270,Hold,0.031494,0.000000,Hold,-9478.000000,2.000000,Suck,-622.500000,1818.181818,Speed,-315.000000,1818.181818,Speed,Off,On,0.000000,FALSE,0,,,,,0.000000,0.000000,-0.050000
10:16:08.492 AM 04/28/2016,Teleop Disabled,4,FALSE,0,NO ERROR,-0.000000,0.000000,-0.000000,-0.006417,TRUE,FALSE,FALSE,TRUE,FALSE,FALSE,Disabled,0.000000,0.000000,0.000000,TRUE,-0.331818,-0.164185,0.000000,0.005661,0.000000,0.000000,-0.035000,0.022000,0.002000,1.890000,-0.300000,0.110000,-0.245888,Hold,0.031494,0.000000,Hold,-9478.000000,2.000000,Suck,-517.500000,1818.181818,Speed,-247.500000,1818.181818,Speed,Off,On,0.000000,FALSE,0,,,,,0.000000,0.000000,-0.050000
10:16:08.596 AM 04/28/2016,Teleop Disabled,16,FALSE,0,NO ERROR,-0.000000,0.000000,-0.000000,-0.006417,TRUE,FALSE,FALSE,TRUE,FALSE,FALSE,Disabled,0.000000,0.000000,0.000000,TRUE,-0.331696,-0.164185,0.000000,0.008316,0.000000,0.000000,-0.010000,0.001000,-0.014000,1.890000,-0.300000,0.110000,-0.262295,Hold,0.031494,0.000000,Hold,-9478.000000,2.000000,Suck,-397.500000,1818.181818,Speed,-157.500000,1818.181818,Speed,Off,On,0.000000,FALSE,0,,,,,0.000000,0.000000,-0.050000
10:16:08.700 AM 04/28/2016,Teleop Disabled,7,FALSE,0,NO ERROR,-0.000000,0.000000,-0.000000,-0.006417,TRUE,FALSE,FALSE,TRUE,FALSE,FALSE,Disabled,0.000000,0.000000,0.000000,TRUE,-0.331696,-0.164185,0.000000,0.008316,0.000000,0.000000,0.022000,0.011000,0.016000,1.850000,-0.310000,0.160000,-0.259531,Hold,0.031494,0.000000,Hold,-9478.000000,2.000000,Suck,-307.500000,1818.181818,Speed,-82.500000,1818.181818,Speed,Off,On,0.000000,FALSE,0,,,,,0.000000,0.000000,-0.050000
10:16:08.806 AM 04/28/2016,Teleop Disabled,13,FALSE,0,NO ERROR,-0.000000,0.000000,-0.000000,-0.006417,TRUE,FALSE,FALSE,TRUE,FALSE,FALSE,Disabled,0.000000,0.000000,0.000000,TRUE,-0.330521,-0.164185,0.000000,0.000000,0.000000,0.000000,-0.006000,-0.005000,0.004000,1.860000,-0.330000,0.170000,-0.269628,Hold,0.031494,0.000000,Hold,-9478.000000,2.000000,Suck,-232.500000,1818.181818,Speed,-30.000000,1818.181818,Speed,Off,On,0.000000,FALSE,0,,,,,0.000000,0.000000,-0.050000