Time,RobotMode,AutoToRun,ErrorStatus, ErrorCode,ErrorSource,ActualRPM1,ActualRPM2,DesiredRPM1,DesiredRPM2,ControlMode1,ControlMode2,NavXYaw,NavXRoll,NavXPitch,ShooterState,LoopTime,IsLevel,IsAutoTargeting,LeftMotorOutput,RightMotorOutput,IsHaloDrive,NavXVelocityX,NavXVelocityY,NavXVelocityZ,NavXDisplacementX,NavXDisplacementY,NavXDisplacementZ,NavXAccelerationX,NavXAccelerationY,NavXAccelerationZ,AutoDefendState,AngeMotorState,Photoeye,VisionXOutput
07:45:24.111 PM 02/18/2016,Teleop Enabled,0,TRUE,91,Variant To Data in WPI_DigitalInputRefNum Registry Get.vi->Periodic Tasks.vi->Robot Main.vi,0.000000,0.000000,-6000.000000,-6000.000000,Speed,Speed,-0.090000,1.020000,1.250000,1.000000,107.000000,1,0,-0.000000,0.000000,1,0.000000,0.010315,0.000000,23.693268,15.649612,0.000000,0.245000,0.010000,0.025000,FlatInitial,ResetBack,0,-0.828125,-0.090000
07:45:24.211 PM 02/18/2016,Teleop Enabled,0,TRUE,-44007,<LOCATION>WPI_DigitalInputRefNum Registry Get.vi<CALLSTACK>WPI_DigitalInputRefNum Registry Get.vi< <Periodic Tasks.vi< <Robot Main.vi,-16.113281,76.464844,-6000.000000,-6000.000000,Speed,Speed,-0.120000,1.080000,1.240000,1.000000,101.000000,1,0,-0.000000,0.000000,1,0.048264,-0.039032,0.000000,23.695709,15.649170,0.000000,-0.010000,-0.091000,-0.166000,FlatInitial,ResetBack,0,-0.828125,-0.120000
07:45:24.311 PM 02/18/2016,Teleop Enabled,0,FALSE,0,NO ERROR,-47.607422,1105.664062,-6000.000000,-6000.000000,Speed,Speed,-0.200000,1.040000,1.310000,1.000000,104.000000,1,0,-0.000000,0.000000,1,0.048264,-0.039032,0.000000,23.695709,15.649170,0.000000,-0.010000,-0.091000,-0.166000,FlatInitial,ResetBack,0,-0.828125,-0.200000
07:45:24.411 PM 02/18/2016,Teleop Enabled,0,FALSE,0,NO ERROR,-170.507812,2144.384766,-6000.000000,-6000.000000,Speed,Speed,-0.240000,1.050000,1.380000,1.000000,101.000000,1,0,-0.000000,0.000000,1,0.000000,0.042328,0.000000,23.699188,15.648926,0.000000,-0.014000,0.020000,0.037000,FlatInitial,ResetBack,0,-0.828125,-0.240000
07:45:24.511 PM 02/18/2016,Teleop Enabled,0,FALSE,0,NO ERROR,-398.583984,3176.513672,-6000.000000,-6000.000000,Speed,Speed,-0.290000,1.080000,1.740000,1.000000,101.000000,1,0,-0.000000,0.000000,1,-0.066116,-0.016251,0.000000,23.694717,15.649292,0.000000,0.036000,0.024000,0.041000,FlatInitial,ResetBack,0,-0.828125,-0.290000
07:45:24.611 PM 02/18/2016,Teleop Enabled,0,FALSE,0,NO ERROR,-948.779297,3829.980469,-6000.000000,-6000.000000,Speed,Speed,-0.320000,1.000000,1.520000,1.000000,102.000000,1,0,-0.000000,0.000000,1,-0.066116,-0.016251,0.000000,23.694717,15.649292,0.000000,0.036000,0.024000,0.041000,FlatInitial,ResetBack,0,-0.828125,-0.320000
07:45:24.712 PM 02/18/2016,Teleop Enabled,0,FALSE,0,NO ERROR,-1024.658203,3690.966797,-6000.000000,-6000.000000,Speed,Speed,-0.290000,1.030000,1.860000,1.000000,104.000000,1,0,-0.000000,0.000000,1,-0.092575,0.052048,0.000000,23.680923,15.652298,0.000000,0.167000,-0.237000,0.996000,FlatInitial,ResetBack,0,-0.828125,-0.290000
07:45:24.814 PM 02/18/2016,Teleop Enabled,0,FALSE,0,NO ERROR,-1480.224609,4219.921875,-6000.000000,-6000.000000,Speed,Speed,-0.290000,1.030000,1.860000,1.000000,102.000000,1,0,-0.000000,0.000000,1,-0.092575,0.052048,0.000000,23.680923,15.652298,0.000000,0.167000,-0.237000,0.996000,FlatInitial,ResetBack,0,-0.828125,-0.290000
07:45:24.918 PM 02/18/2016,Teleop Enabled,0,FALSE,0,NO ERROR,-1392.041016,4167.919922,-6000.000000,-6000.000000,Speed,Speed,-0.340000,1.030000,1.400000,1.000000,107.000000,1,0,-0.000000,0.000000,1,-0.038986,-0.054047,0.000000,23.676788,15.648300,0.000000,0.039000,-0.001000,0.279000,FlatInitial,ResetBack,0,-0.828125,-0.340000
07:45:25.019 PM 02/18/2016,Teleop Enabled,0,FALSE,0,NO ERROR,-1462.060547,3788.378906,-6000.000000,-6000.000000,Speed,Speed,-0.350000,0.980000,1.440000,1.000000,101.000000,1,0,-0.000000,0.000000,1,-0.088318,-0.063400,0.000000,23.671722,15.645187,0.000000,-0.030000,-0.068000,0.095000,FlatInitial,ResetBack,0,-0.828125,-0.350000
07:45:25.118 PM 02/18/2016,Teleop Enabled,0,FALSE,0,NO ERROR,-2146.142578,3733.154297,-6000.000000,-6000.000000,Speed,Speed,-0.350000,0.980000,1.440000,1.000000,103.000000,1,0,-0.000000,0.000000,1,-0.088318,-0.063400,0.000000,23.671722,15.645187,0.000000,-0.030000,-0.068000,0.095000,FlatInitial,ResetBack,0,-0.828125,-0.350000
07:45:25.219 PM 02/18/2016,Teleop Enabled,0,FALSE,0,NO ERROR,-2326.464844,3739.160156,-6000.000000,-6000.000000,Speed,Speed,-0.310000,0.890000,1.520000,1.000000,102.000000,1,0,-0.000000,0.000000,1,-0.063019,-0.096954,0.000000,23.666397,15.640121,0.000000,0.022000,0.080000,0.029000,FlatInitial,ResetBack,0,-0.828125,-0.310000
07:45:25.320 PM 02/18/2016,Teleop Enabled,0,FALSE,0,NO ERROR,-2897.021484,3822.802734,-6000.000000,-6000.000000,Speed,Speed,-0.340000,1.030000,1.490000,1.000000,104.000000,1,0,-0.000000,0.000000,1,0.000000,-0.100037,0.000000,23.664474,15.635254,0.000000,0.008000,-0.098000,-0.102000,FlatInitial,ResetBack,0,-0.828125,-0.340000
07:45:25.422 PM 02/18/2016,Teleop Enabled,0,FALSE,0,NO ERROR,-3246.972656,3892.968750,-6000.000000,-6000.000000,Speed,Speed,-0.340000,1.030000,1.490000,1.000000,104.000000,1,0,-0.000000,0.000000,1,0.027725,-0.081879,0.000000,23.665024,15.632309,0.000000,0.064000,0.045000,0.118000,FlatInitial,ResetBack,0,-0.828125,-0.340000
07:45:25.528 PM 02/18/2016,Teleop Enabled,0,FALSE,0,NO ERROR,-3730.517578,3987.890625,-6000.000000,-6000.000000,Speed,Speed,-0.330000,1.050000,1.340000,1.000000,100.000000,1,0,-0.000000,0.000000,1,0.021423,-0.092331,0.000000,23.668350,15.624619,0.000000,-0.005000,-0.079000,-0.064000,FlatInitial,ResetBack,0,-0.828125,-0.330000
07:45:25.629 PM 02/18/2016,Teleop Enabled,0,FALSE,0,NO ERROR,-3945.556641,4083.984375,-6000.000000,-6000.000000,Speed,Speed,-0.330000,1.050000,1.340000,1.000000,100.000000,1,0,-0.000000,0.000000,1,0.021423,-0.092331,0.000000,23.668350,15.624619,0.000000,0.092000,-0.040000,0.003000,FlatInitial,ResetBack,0,-0.828125,-0.330000
07:45:25.729 PM 02/18/2016,Teleop Enabled,0,FALSE,0,NO ERROR,-4147.265625,4083.984375,-6000.000000,-6000.000000,Speed,Speed,-0.350000,1.010000,1.220000,1.000000,101.000000,1,0,-0.000000,0.000000,1,0.064499,-0.109680,0.000000,23.673492,15.614655,0.000000,0.030000,0.023000,0.112000,FlatInitial,ResetBack,0,-0.828125,-0.350000
07:45:25.831 PM 02/18/2016,Teleop Disabled,0,FALSE,0,NO ERROR,-4102.880859,4078.271484,-6000.000000,-6000.000000,Speed,Speed,-0.350000,1.010000,1.220000,1.000000,101.000000,1,0,-0.000000,0.000000,1,0.041443,-0.103180,0.000000,23.675842,15.609863,0.000000,0.030000,0.023000,0.112000,FlatInitial,ResetBack,0,-0.828125,-0.350000
07:45:25.930 PM 02/18/2016,Teleop Disabled,0,FALSE,0,NO ERROR,-1676.513672,2747.167969,-6000.000000,-6000.000000,Speed,Speed,-0.290000,1.100000,1.380000,1.000000,103.000000,1,0,-0.000000,0.000000,1,0.041443,-0.103180,0.000000,23.675842,15.609863,0.000000,0.037000,0.082000,-0.026000,FlatInitial,ResetBack,0,-0.828125,-0.290000
07:45:26.031 PM 02/18/2016,Teleop Disabled,0,FALSE,0,NO ERROR,-46.289062,666.064453,-6000.000000,-6000.000000,Speed,Speed,-0.390000,1.080000,1.440000,1.000000,103.000000,1,0,-0.000000,0.000000,1,0.012787,-0.113892,0.000000,23.678162,15.599014,0.000000,0.064000,0.132000,-0.350000,FlatInitial,ResetBack,0,-0.828125,-0.390000
07:45:26.131 PM 02/18/2016,Teleop Disabled,0,FALSE,0,NO ERROR,-1.757812,666.064453,-6000.000000,-6000.000000,Speed,Speed,-0.370000,1.100000,1.440000,1.000000,103.000000,1,0,-0.000000,0.000000,1,0.000000,-0.129807,0.000000,23.678650,15.592484,0.000000,-0.106000,-0.070000,0.237000,FlatInitial,ResetBack,0,-0.828125,-0.370000
07:45:26.231 PM 02/18/2016,Teleop Disabled,0,FALSE,0,NO ERROR,-1.757812,-2.929688,-6000.000000,-6000.000000,Speed,Speed,-0.310000,1.030000,1.390000,1.000000,109.000000,1,0,-0.000000,0.000000,1,-0.005234,0.000000,0.000000,23.678650,15.588806,0.000000,0.000000,0.017000,-0.094000,FlatInitial,ResetBack,0,-0.828125,-0.310000
07:45:26.331 PM 02/18/2016,Teleop Disabled,0,FALSE,0,NO ERROR,-0.292969,0.292969,-6000.000000,-6000.000000,Speed,Speed,-0.340000,1.090000,1.420000,1.000000,101.000000,1,0,-0.000000,0.000000,1,0.000504,0.010468,0.000000,23.678864,15.588959,0.000000,-0.027000,0.015000,-0.014000,FlatInitial,ResetBack,0,-0.828125,-0.340000
07:45:26.433 PM 02/18/2016,Teleop Disabled,0,FALSE,0,NO ERROR,0.000000,0.000000,-6000.000000,-6000.000000,Speed,Speed,-0.290000,1.070000,1.430000,1.000000,103.000000,1,0,-0.000000,0.000000,1,0.000000,-0.002319,0.000000,23.678635,15.589096,0.000000,-0.027000,0.015000,-0.014000,FlatInitial,ResetBack,0,-0.828125,-0.290000
07:45:26.534 PM 02/18/2016,Teleop Disabled,0,FALSE,0,NO ERROR,0.000000,0.000000,-6000.000000,-6000.000000,Speed,Speed,-0.280000,1.060000,1.390000,1.000000,101.000000,1,0,-0.000000,0.000000,1,0.000000,0.000000,0.000000,23.678635,15.588974,0.000000,0.010000,-0.009000,0.005000,FlatInitial,ResetBack,0,-0.828125,-0.280000
07:45:26.634 PM 02/18/2016,Teleop Disabled,0,FALSE,0,NO ERROR,0.000000,0.000000,-6000.000000,-6000.000000,Speed,Speed,-0.290000,1.050000,1.350000,1.000000,101.000000,1,0,-0.000000,0.000000,1,0.000000,0.000000,0.000000,23.678635,15.588974,0.000000,0.010000,-0.009000,0.005000,FlatInitial,ResetBack,0,-0.828125,-0.290000
07:45:26.734 PM 02/18/2016,Teleop Disabled,0,FALSE,0,NO ERROR,0.000000,0.000000,-6000.000000,-6000.000000,Speed,Speed,-0.280000,1.060000,1.370000,1.000000,101.000000,1,0,-0.000000,0.000000,1,0.000000,0.000000,0.000000,23.678635,15.588974,0.000000,-0.008000,0.001000,0.008000,FlatInitial,ResetBack,0,-0.828125,-0.280000
07:45:26.834 PM 02/18/2016,Teleop Disabled,0,FALSE,0,NO ERROR,0.000000,0.000000,-6000.000000,-6000.000000,Speed,Speed,-0.290000,1.060000,1.360000,1.000000,102.000000,1,0,-0.000000,0.000000,1,0.000000,0.000000,0.000000,23.678635,15.588974,0.000000,-0.008000,0.001000,0.008000,FlatInitial,ResetBack,0,-0.828125,-0.290000
07:45:26.935 PM 02/18/2016,Teleop Disabled,0,FALSE,0,NO ERROR,0.000000,0.000000,-6000.000000,-6000.000000,Speed,Speed,-0.290000,1.050000,1.350000,1.000000,102.000000,1,0,-0.000000,0.000000,1,0.000000,0.000000,0.000000,23.678635,15.588974,0.000000,-0.002000,-0.003000,0.002000,FlatInitial,ResetBack,0,-0.828125,-0.290000
07:45:27.036 PM 02/18/2016,Teleop Disabled,0,FALSE,0,NO ERROR,0.000000,0.000000,-6000.000000,-6000.000000,Speed,Speed,-0.290000,1.050000,1.340000,1.000000,102.000000,1,0,-0.000000,0.000000,1,0.000000,0.000000,0.000000,23.678635,15.588974,0.000000,0.000000,-0.004000,0.003000,FlatInitial,ResetBack,0,-0.828125,-0.290000
07:45:27.137 PM 02/18/2016,Teleop Disabled,0,FALSE,0,NO ERROR,0.000000,0.000000,-6000.000000,-6000.000000,Speed,Speed,-0.290000,1.050000,1.340000,1.000000,102.000000,1,0,-0.000000,0.000000,1,0.000000,0.000000,0.000000,23.678635,15.588974,0.000000,0.000000,0.003000,0.001000,FlatInitial,ResetBack,0,-0.828125,-0.290000
07:45:27.237 PM 02/18/2016,Teleop Disabled,0,FALSE,0,NO ERROR,0.000000,0.000000,-6000.000000,-6000.000000,Speed,Speed,-0.290000,1.050000,1.330000,1.000000,103.000000,1,0,-0.000000,0.000000,1,0.000000,0.000000,0.000000,23.678635,15.588974,0.000000,0.000000,0.002000,0.004000,FlatInitial,ResetBack,0,-0.828125,-0.290000
07:45:27.337 PM 02/18/2016,Teleop Disabled,0,FALSE,0,NO ERROR,0.000000,0.000000,-6000.000000,-6000.000000,Speed,Speed,-0.290000,1.040000,1.330000,1.000000,100.000000,1,0,-0.000000,0.000000,1,0.000000,0.000000,0.000000,23.678635,15.588974,0.000000,-0.001000,-0.001000,0.001000,FlatInitial,ResetBack,0,-0.828125,-0.290000
07:45:27.438 PM 02/18/2016,Teleop Disabled,0,FALSE,0,NO ERROR,0.000000,0.000000,-6000.000000,-6000.000000,Speed,Speed,-0.290000,1.040000,1.330000,1.000000,101.000000,1,0,-0.000000,0.000000,1,0.000000,0.000000,0.000000,23.678635,15.588974,0.000000,-0.001000,-0.005000,0.003000,FlatInitial,ResetBack,0,-0.828125,-0.290000
07:45:27.538 PM 02/18/2016,Teleop Disabled,0,FALSE,0,NO ERROR,0.000000,0.000000,-6000.000000,-6000.000000,Speed,Speed,-0.290000,1.040000,1.330000,1.000000,102.000000,1,0,-0.000000,0.000000,1,0.000000,0.000000,0.000000,23.678635,15.588974,0.000000,0.000000,0.001000,0.010000,FlatInitial,ResetBack,0,-0.828125,-0.290000
07:45:27.638 PM 02/18/2016,Teleop Disabled,0,FALSE,0,NO ERROR,0.000000,0.000000,-6000.000000,-6000.000000,Speed,Speed,-0.290000,1.040000,1.330000,1.000000,101.000000,1,0,-0.000000,0.000000,1,0.000000,0.000000,0.000000,23.678635,15.588974,0.000000,0.000000,-0.002000,0.000000,FlatInitial,ResetBack,0,-0.828125,-0.290000
07:45:27.739 PM 02/18/2016,Teleop Disabled,0,FALSE,0,NO ERROR,0.000000,0.000000,-6000.000000,-6000.000000,Speed,Speed,-0.290000,1.030000,1.320000,1.000000,101.000000,1,0,-0.000000,0.000000,1,0.000000,0.000000,0.000000,23.678635,15.588974,0.000000,-0.002000,-0.002000,0.006000,FlatInitial,ResetBack,0,-0.828125,-0.290000
07:45:27.841 PM 02/18/2016,Teleop Disabled,0,FALSE,0,NO ERROR,0.000000,0.000000,-6000.000000,-6000.000000,Speed,Speed,-0.290000,1.030000,1.320000,1.000000,101.000000,1,0,-0.000000,0.000000,1,0.000000,0.000000,0.000000,23.678635,15.588974,0.000000,0.000000,0.000000,0.006000,FlatInitial,ResetBack,0,-0.828125,-0.290000
07:45:27.942 PM 02/18/2016,Teleop Disabled,0,FALSE,0,NO ERROR,0.000000,0.000000,-6000.000000,-6000.000000,Speed,Speed,-0.290000,1.030000,1.310000,1.000000,101.000000,1,0,-0.000000,0.000000,1,0.000000,0.000000,0.000000,23.678635,15.588974,0.000000,0.000000,0.000000,0.000000,FlatInitial,ResetBack,0,-0.828125,-0.290000
07:45:28.043 PM 02/18/2016,Teleop Disabled,0,FALSE,0,NO ERROR,0.000000,0.000000,-6000.000000,-6000.000000,Speed,Speed,-0.290000,1.030000,1.320000,1.000000,102.000000,1,0,-0.000000,0.000000,1,0.000000,0.000000,0.000000,23.678635,15.588974,0.000000,-0.001000,0.000000,0.007000,FlatInitial,ResetBack,0,-0.828125,-0.290000
07:45:28.145 PM 02/18/2016,Teleop Disabled,0,FALSE,0,NO ERROR,0.000000,0.000000,-6000.000000,-6000.000000,Speed,Speed,-0.290000,1.020000,1.310000,1.000000,104.000000,1,0,-0.000000,0.000000,1,0.000000,0.000000,0.000000,23.678635,15.588974,0.000000,-0.001000,-0.003000,0.003000,FlatInitial,ResetBack,0,-0.828125,-0.290000
07:45:28.245 PM 02/18/2016,Teleop Disabled,0,FALSE,0,NO ERROR,0.000000,0.000000,-6000.000000,-6000.000000,Speed,Speed,-0.290000,1.010000,1.300000,1.000000,103.000000,1,0,-0.000000,0.000000,1,0.000000,0.000000,0.000000,23.678635,15.588974,0.000000,0.000000,0.000000,0.002000,FlatInitial,ResetBack,0,-0.828125,-0.290000
07:45:28.346 PM 02/18/2016,Teleop Disabled,0,FALSE,0,NO ERROR,0.000000,0.000000,-6000.000000,-6000.000000,Speed,Speed,-0.290000,1.020000,1.290000,1.000000,103.000000,1,0,-0.000000,0.000000,1,0.000000,0.000000,0.000000,23.678635,15.588974,0.000000,-0.001000,-0.001000,0.005000,FlatInitial,ResetBack,0,-0.828125,-0.290000
07:45:28.446 PM 02/18/2016,Teleop Disabled,0,FALSE,0,NO ERROR,0.000000,0.000000,-6000.000000,-6000.000000,Speed,Speed,-0.290000,1.020000,1.290000,1.000000,101.000000,1,0,-0.000000,0.000000,1,0.000000,0.000000,0.000000,23.678635,15.588974,0.000000,0.000000,0.000000,0.003000,FlatInitial,ResetBack,0,-0.828125,-0.290000
07:45:28.547 PM 02/18/2016,Teleop Disabled,0,FALSE,0,NO ERROR,0.000000,0.000000,-6000.000000,-6000.000000,Speed,Speed,-0.290000,1.020000,1.290000,1.000000,101.000000,1,0,-0.000000,0.000000,1,0.000000,0.000000,0.000000,23.678635,15.588974,0.000000,-0.001000,0.001000,0.005000,FlatInitial,ResetBack,0,-0.828125,-0.290000
07:45:28.648 PM 02/18/2016,Teleop Disabled,0,FALSE,0,NO ERROR,0.000000,0.000000,-6000.000000,-6000.000000,Speed,Speed,-0.290000,1.020000,1.290000,1.000000,107.000000,1,0,-0.000000,0.000000,1,0.000000,0.000000,0.000000,23.678635,15.588974,0.000000,0.000000,0.000000,0.001000,FlatInitial,ResetBack,0,-0.828125,-0.290000
07:45:28.748 PM 02/18/2016,Teleop Disabled,0,FALSE,0,NO ERROR,0.000000,0.000000,-6000.000000,-6000.000000,Speed,Speed,-0.290000,1.020000,1.290000,1.000000,102.000000,1,0,-0.000000,0.000000,1,0.000000,0.000000,0.000000,23.678635,15.588974,0.000000,-0.001000,0.003000,0.000000,FlatInitial,ResetBack,0,-0.828125,-0.290000
07:45:28.849 PM 02/18/2016,Teleop Disabled,0,FALSE,0,NO ERROR,0.000000,0.000000,-6000.000000,-6000.000000,Speed,Speed,-0.290000,1.020000,1.290000,1.000000,101.000000,1,0,-0.000000,0.000000,1,0.000000,0.000000,0.000000,23.678635,15.588974,0.000000,0.000000,-0.002000,0.005000,FlatInitial,ResetBack,0,-0.828125,-0.290000
07:45:28.949 PM 02/18/2016,Teleop Disabled,0,FALSE,0,NO ERROR,0.000000,0.000000,-6000.000000,-6000.000000,Speed,Speed,-0.290000,1.020000,1.290000,1.000000,100.000000,1,0,-0.000000,0.000000,1,0.000000,0.000000,0.000000,23.678635,15.588974,0.000000,0.000000,-0.004000,0.006000,FlatInitial,ResetBack,0,-0.828125,-0.290000
07:45:29.049 PM 02/18/2016,Teleop Disabled,0,FALSE,0,NO ERROR,0.000000,0.000000,-6000.000000,-6000.000000,Speed,Speed,-0.290000,1.020000,1.290000,1.000000,102.000000,1,0,-0.000000,0.000000,1,0.000000,0.000000,0.000000,23.678635,15.588974,0.000000,-0.001000,0.000000,0.009000,FlatInitial,ResetBack,0,-0.828125,-0.290000
07:45:29.149 PM 02/18/2016,Teleop Disabled,0,FALSE,0,NO ERROR,0.000000,0.000000,-6000.000000,-6000.000000,Speed,Speed,-0.290000,1.020000,1.280000,1.000000,103.000000,1,0,-0.000000,0.000000,1,0.000000,0.000000,0.000000,23.678635,15.588974,0.000000,0.002000,-0.002000,0.000000,FlatInitial,ResetBack,0,-0.828125,-0.290000
07:45:29.249 PM 02/18/2016,Teleop Disabled,0,FALSE,0,NO ERROR,0.000000,0.000000,-6000.000000,-6000.000000,Speed,Speed,-0.290000,1.020000,1.280000,1.000000,102.000000,1,0,-0.000000,0.000000,1,0.000000,0.000000,0.000000,23.678635,15.588974,0.000000,0.002000,0.000000,0.001000,FlatInitial,ResetBack,0,-0.828125,-0.290000
07:45:29.349 PM 02/18/2016,Teleop Disabled,0,FALSE,0,NO ERROR,0.000000,0.000000,-6000.000000,-6000.000000,Speed,Speed,-0.290000,1.020000,1.280000,1.000000,101.000000,1,0,-0.000000,0.000000,1,0.000000,0.000000,0.000000,23.678635,15.588974,0.000000,-0.001000,-0.001000,0.005000,FlatInitial,ResetBack,0,-0.828125,-0.290000
07:45:29.449 PM 02/18/2016,Teleop Disabled,0,FALSE,0,NO ERROR,0.000000,0.000000,-6000.000000,-6000.000000,Speed,Speed,-0.300000,1.020000,1.280000,1.000000,101.000000,1,0,-0.000000,0.000000,1,0.000000,0.000000,0.000000,23.678635,15.588974,0.000000,0.000000,-0.003000,0.004000,FlatInitial,ResetBack,0,-0.828125,-0.300000
07:45:29.550 PM 02/18/2016,Teleop Disabled,0,FALSE,0,NO ERROR,0.000000,0.000000,-6000.000000,-6000.000000,Speed,Speed,-0.290000,1.020000,1.280000,1.000000,101.000000,1,0,-0.000000,0.000000,1,0.000000,0.000000,0.000000,23.678635,15.588974,0.000000,0.001000,0.003000,0.003000,FlatInitial,ResetBack,0,-0.828125,-0.290000
07:45:29.651 PM 02/18/2016,Teleop Disabled,0,FALSE,0,NO ERROR,0.000000,0.000000,-6000.000000,-6000.000000,Speed,Speed,-0.290000,1.030000,1.270000,1.000000,105.000000,1,0,-0.000000,0.000000,1,0.000000,0.000000,0.000000,23.678635,15.588974,0.000000,-0.001000,0.002000,0.004000,FlatInitial,ResetBack,0,-0.828125,-0.290000
07:45:29.751 PM 02/18/2016,Teleop Disabled,0,FALSE,0,NO ERROR,0.000000,0.000000,-6000.000000,-6000.000000,Speed,Speed,-0.300000,1.030000,1.270000,1.000000,112.000000,1,0,-0.000000,0.000000,1,0.000000,0.000000,0.000000,23.678635,15.588974,0.000000,-0.003000,0.000000,0.001000,FlatInitial,ResetBack,0,-0.828125,-0.300000
07:45:29.851 PM 02/18/2016,Teleop Disabled,0,FALSE,0,NO ERROR,0.000000,0.000000,-6000.000000,-6000.000000,Speed,Speed,-0.290000,1.030000,1.270000,1.000000,102.000000,1,0,-0.000000,0.000000,1,0.000000,0.000000,0.000000,23.678635,15.588974,0.000000,0.000000,0.002000,0.005000,FlatInitial,ResetBack,0,-0.828125,-0.290000
07:45:29.951 PM 02/18/2016,Teleop Disabled,0,FALSE,0,NO ERROR,0.000000,0.000000,-6000.000000,-6000.000000,Speed,Speed,-0.300000,1.030000,1.270000,1.000000,105.000000,1,0,-0.000000,0.000000,1,0.000000,0.000000,0.000000,23.678635,15.588974,0.000000,-0.003000,0.000000,0.002000,FlatInitial,ResetBack,0,-0.828125,-0.300000
07:45:30.051 PM 02/18/2016,Teleop Disabled,0,FALSE,0,NO ERROR,0.000000,0.000000,-6000.000000,-6000.000000,Speed,Speed,-0.300000,1.030000,1.270000,1.000000,104.000000,1,0,-0.000000,0.000000,1,0.000000,0.000000,0.000000,23.678635,15.588974,0.000000,-0.001000,0.001000,0.006000,FlatInitial,ResetBack,0,-0.828125,-0.300000
07:45:30.151 PM 02/18/2016,Teleop Disabled,0,FALSE,0,NO ERROR,0.000000,0.000000,-6000.000000,-6000.000000,Speed,Speed,-0.300000,1.030000,1.270000,1.000000,103.000000,1,0,-0.000000,0.000000,1,0.000000,0.000000,0.000000,23.678635,15.588974,0.000000,-0.001000,0.000000,0.003000,FlatInitial,ResetBack,0,-0.828125,-0.300000
07:45:30.253 PM 02/18/2016,Teleop Disabled,0,FALSE,0,NO ERROR,0.000000,0.000000,-6000.000000,-6000.000000,Speed,Speed,-0.300000,1.030000,1.270000,1.000000,104.000000,1,0,-0.000000,0.000000,1,0.000000,0.000000,0.000000,23.678635,15.588974,0.000000,0.001000,0.000000,-0.001000,FlatInitial,ResetBack,0,-0.828125,-0.300000
07:45:30.353 PM 02/18/2016,Teleop Disabled,0,FALSE,0,NO ERROR,0.000000,0.000000,-6000.000000,-6000.000000,Speed,Speed,-0.300000,1.030000,1.260000,1.000000,108.000000,1,0,-0.000000,0.000000,1,0.000000,0.000000,0.000000,23.678635,15.588974,0.000000,0.000000,-0.001000,0.007000,FlatInitial,ResetBack,0,-0.828125,-0.300000
07:45:30.453 PM 02/18/2016,Teleop Disabled,0,FALSE,0,NO ERROR,0.000000,0.000000,-6000.000000,-6000.000000,Speed,Speed,-0.310000,1.030000,1.260000,1.000000,102.000000,1,0,-0.000000,0.000000,1,0.000000,0.000000,0.000000,23.678635,15.588974,0.000000,-0.001000,0.000000,0.007000,FlatInitial,ResetBack,0,-0.828125,-0.310000
07:45:30.553 PM 02/18/2016,Teleop Disabled,0,FALSE,0,NO ERROR,0.000000,0.000000,-6000.000000,-6000.000000,Speed,Speed,-0.310000,1.020000,1.260000,1.000000,101.000000,1,0,-0.000000,0.000000,1,0.000000,0.000000,0.000000,23.678635,15.588974,0.000000,0.000000,0.001000,0.006000,FlatInitial,ResetBack,0,-0.828125,-0.310000
07:45:30.653 PM 02/18/2016,Teleop Disabled,0,FALSE,0,NO ERROR,0.000000,0.000000,-6000.000000,-6000.000000,Speed,Speed,-0.310000,1.020000,1.260000,1.000000,104.000000,1,0,-0.000000,0.000000,1,0.000000,0.000000,0.000000,23.678635,15.588974,0.000000,0.002000,0.000000,0.007000,FlatInitial,ResetBack,0,-0.828125,-0.310000
07:45:30.753 PM 02/18/2016,Teleop Disabled,0,FALSE,0,NO ERROR,0.000000,0.000000,-6000.000000,-6000.000000,Speed,Speed,-0.280000,1.000000,1.190000,1.000000,104.000000,1,0,-0.000000,0.000000,1,0.000031,0.000000,0.000000,23.678635,15.588974,0.000000,0.020000,0.003000,-0.059000,FlatInitial,ResetBack,0,-0.828125,-0.280000
07:45:30.854 PM 02/18/2016,Teleop Disabled,0,FALSE,0,NO ERROR,0.000000,0.000000,-6000.000000,-6000.000000,Speed,Speed,-0.310000,1.030000,1.290000,1.000000,102.000000,1,0,-0.000000,0.000000,1,-0.004791,0.000000,0.000000,23.678726,15.588974,0.000000,-0.029000,-0.009000,0.021000,FlatInitial,ResetBack,0,-0.828125,-0.310000
07:45:30.955 PM 02/18/2016,Teleop Disabled,0,FALSE,0,NO ERROR,0.000000,-0.146484,-6000.000000,-6000.000000,Speed,Speed,-0.260000,1.010000,1.260000,1.000000,102.000000,1,0,-0.000000,0.000000,1,0.000000,0.000000,0.000000,23.678574,15.588974,0.000000,0.005000,0.013000,-0.013000,FlatInitial,ResetBack,0,-0.828125,-0.260000
07:45:31.055 PM 02/18/2016,Teleop Disabled,0,FALSE,0,NO ERROR,-0.439453,0.000000,-6000.000000,-6000.000000,Speed,Speed,-0.290000,1.070000,1.720000,1.000000,100.000000,1,0,-0.000000,0.000000,1,0.000000,0.016602,0.000000,23.678574,15.589279,0.000000,-0.013000,0.076000,0.018000,FlatInitial,ResetBack,0,-0.828125,-0.290000
07:45:31.161 PM 02/18/2016,Teleop Disabled,0,FALSE,0,NO ERROR,-0.732422,0.000000,-6000.000000,-6000.000000,Speed,Speed,-0.050000,1.050000,2.720000,1.000000,101.000000,1,0,-0.000000,0.000000,1,0.020248,-0.042328,0.000000,23.679489,15.588425,0.000000,-0.013000,-0.072000,0.037000,FlatInitial,ResetBack,0,-0.828125,-0.050000
07:45:31.262 PM 02/18/2016,Teleop Disabled,0,FALSE,0,NO ERROR,-0.292969,0.000000,-6000.000000,-6000.000000,Speed,Speed,-0.070000,1.040000,2.270000,1.000000,101.000000,1,0,-0.000000,0.000000,1,0.021744,-0.086441,0.000000,23.680374,15.583603,0.000000,-0.025000,0.138000,-0.060000,FlatInitial,ResetBack,0,-0.828125,-0.070000
07:45:31.362 PM 02/18/2016,Teleop Disabled,0,FALSE,0,NO ERROR,-0.292969,0.000000,-6000.000000,-6000.000000,Speed,Speed,0.260000,1.060000,1.890000,1.000000,100.000000,1,0,-0.000000,0.000000,1,0.030899,-0.052216,0.000000,23.681137,15.581497,0.000000,-0.008000,-0.030000,0.143000,FlatInitial,ResetBack,0,-0.828125,0.260000
07:45:31.463 PM 02/18/2016,Teleop Disabled,0,FALSE,0,NO ERROR,0.000000,0.000000,-6000.000000,-6000.000000,Speed,Speed,0.280000,1.060000,2.100000,1.000000,100.000000,1,0,-0.000000,0.000000,1,0.043900,-0.089874,0.000000,23.683777,15.577042,0.000000,0.016000,-0.035000,0.046000,FlatInitial,ResetBack,0,-0.828125,0.280000
07:45:31.566 PM 02/18/2016,Teleop Disabled,0,FALSE,0,NO ERROR,0.000000,0.000000,-6000.000000,-6000.000000,Speed,Speed,0.210000,1.070000,1.970000,1.000000,102.000000,1,0,-0.000000,0.000000,1,0.001129,-0.103516,0.000000,23.683990,15.571854,0.000000,-0.066000,0.063000,-0.004000,FlatInitial,ResetBack,0,-0.828125,0.210000
07:45:31.666 PM 02/18/2016,Teleop Disabled,0,FALSE,0,NO ERROR,-0.585938,0.000000,-6000.000000,-6000.000000,Speed,Speed,0.550000,0.970000,2.360000,1.000000,101.000000,1,0,-0.000000,0.000000,1,-0.031174,-0.090012,0.000000,23.682739,15.566528,0.000000,-0.057000,0.009000,-0.014000,FlatInitial,ResetBack,0,-0.828125,0.550000
07:45:31.766 PM 02/18/2016,Teleop Disabled,0,FALSE,0,NO ERROR,0.000000,0.000000,-6000.000000,-6000.000000,Speed,Speed,0.840000,0.930000,2.480000,1.000000,103.000000,1,0,-0.000000,0.000000,1,-0.060776,-0.074387,0.000000,23.680084,15.562057,0.000000,0.007000,0.042000,-0.104000,FlatInitial,ResetBack,0,-0.828125,0.840000
07:45:31.867 PM 02/18/2016,Teleop Disabled,0,FALSE,0,NO ERROR,-0.439453,0.000000,-6000.000000,-6000.000000,Speed,Speed,0.950000,0.940000,2.480000,1.000000,101.000000,1,0,-0.000000,0.000000,1,0.000000,0.000000,0.000000,23.678467,15.560654,0.000000,0.009000,-0.013000,-0.001000,FlatInitial,ResetBack,0,-0.828125,0.950000
07:45:31.967 PM 02/18/2016,Teleop Disabled,0,FALSE,0,NO ERROR,-5.126953,0.000000,-6000.000000,-6000.000000,Speed,Speed,0.910000,0.970000,2.410000,1.000000,104.000000,1,0,-0.000000,0.000000,1,0.000000,0.000000,0.000000,23.678467,15.560654,0.000000,0.005000,0.000000,0.005000,FlatInitial,ResetBack,0,-0.828125,0.910000
07:45:32.067 PM 02/18/2016,Teleop Disabled,0,FALSE,0,NO ERROR,-5.126953,0.000000,-6000.000000,-6000.000000,Speed,Speed,0.890000,0.930000,2.280000,1.000000,103.000000,1,0,-0.000000,0.000000,1,0.000000,0.000000,0.000000,23.678467,15.560654,0.000000,0.012000,-0.007000,0.014000,FlatInitial,ResetBack,0,-0.828125,0.890000
07:45:32.169 PM 02/18/2016,Teleop Disabled,0,FALSE,0,NO ERROR,-0.292969,0.000000,-6000.000000,-6000.000000,Speed,Speed,0.840000,0.950000,2.190000,1.000000,107.000000,1,0,-0.000000,0.000000,1,0.000000,0.000000,0.000000,23.678467,15.560654,0.000000,-0.002000,0.010000,0.005000,FlatInitial,ResetBack,0,-0.828125,0.840000
07:45:32.268 PM 02/18/2016,Teleop Disabled,0,FALSE,0,NO ERROR,-1.025391,0.000000,-6000.000000,-6000.000000,Speed,Speed,0.670000,0.960000,2.090000,1.000000,107.000000,1,0,-0.000000,0.000000,1,0.000000,0.000000,0.000000,23.678467,15.560654,0.000000,0.008000,-0.005000,0.003000,FlatInitial,ResetBack,0,-0.828125,0.670000
07:45:32.368 PM 02/18/2016,Teleop Disabled,0,FALSE,0,NO ERROR,-10.107422,0.000000,-6000.000000,-6000.000000,Speed,Speed,0.610000,0.940000,1.960000,1.000000,106.000000,1,0,-0.000000,0.000000,1,0.000000,0.000000,0.000000,23.678467,15.560654,0.000000,0.008000,-0.014000,-0.032000,FlatInitial,ResetBack,0,-0.828125,0.610000
07:45:32.469 PM 02/18/2016,Teleop Disabled,0,FALSE,0,NO ERROR,-2.636719,0.000000,-6000.000000,-6000.000000,Speed,Speed,0.610000,0.950000,1.980000,1.000000,102.000000,1,0,-0.000000,0.000000,1,0.000000,0.000000,0.000000,23.678467,15.560654,0.000000,-0.020000,-0.002000,0.008000,FlatInitial,ResetBack,0,-0.828125,0.610000
07:45:32.569 PM 02/18/2016,Teleop Disabled,0,FALSE,0,NO ERROR,-1.757812,0.000000,-6000.000000,-6000.000000,Speed,Speed,0.600000,0.940000,1.970000,1.000000,100.000000,1,0,-0.000000,0.000000,1,0.000259,-0.002579,0.000000,23.678268,15.560638,0.000000,0.000000,-0.020000,0.083000,FlatInitial,ResetBack,0,-0.828125,0.600000
07:45:32.669 PM 02/18/2016,Teleop Disabled,0,FALSE,0,NO ERROR,-2.783203,0.000000,-6000.000000,-6000.000000,Speed,Speed,0.590000,0.950000,1.970000,1.000000,105.000000,1,0,-0.000000,0.000000,1,0.002426,0.000000,0.000000,23.678329,15.560486,0.000000,0.020000,-0.006000,0.067000,FlatInitial,ResetBack,0,-0.828125,0.590000
07:45:32.769 PM 02/18/2016,Teleop Disabled,0,FALSE,0,NO ERROR,-0.585938,0.000000,-6000.000000,-6000.000000,Speed,Speed,0.590000,0.980000,1.970000,1.000000,103.000000,1,0,-0.000000,0.000000,1,0.008011,0.000000,0.000000,23.678711,15.560486,0.000000,-0.001000,0.004000,-0.009000,FlatInitial,ResetBack,0,-0.828125,0.590000
07:45:32.869 PM 02/18/2016,Teleop Disabled,0,FALSE,0,NO ERROR,-0.732422,0.000000,-6000.000000,-6000.000000,Speed,Speed,0.600000,0.970000,1.930000,1.000000,103.000000,1,0,-0.000000,0.000000,1,-0.014816,0.004333,0.000000,23.678253,15.560745,0.000000,0.047000,0.031000,-0.097000,FlatInitial,ResetBack,0,-0.828125,0.600000
07:45:32.970 PM 02/18/2016,Teleop Disabled,0,FALSE,0,NO ERROR,2.343750,0.000000,-6000.000000,-6000.000000,Speed,Speed,1.020000,0.960000,2.450000,1.000000,107.000000,1,0,-0.000000,0.000000,1,-0.015915,-0.021439,0.000000,23.677689,15.560577,0.000000,-0.001000,-0.083000,0.054000,FlatInitial,ResetBack,0,-0.828125,1.020000
07:45:33.070 PM 02/18/2016,Teleop Disabled,0,FALSE,0,NO ERROR,0.439453,0.000000,-6000.000000,-6000.000000,Speed,Speed,1.270000,1.030000,2.280000,1.000000,103.000000,1,0,-0.000000,0.000000,1,-0.003052,-0.057404,0.000000,23.677734,15.558334,0.000000,-0.033000,-0.026000,0.035000,FlatInitial,ResetBack,0,-0.828125,1.270000
07:45:33.171 PM 02/18/2016,Teleop Disabled,0,FALSE,0,NO ERROR,-3.222656,0.000000,-6000.000000,-6000.000000,Speed,Speed,1.090000,1.060000,2.630000,1.000000,101.000000,1,0,-0.000000,0.000000,1,0.010056,0.003891,0.000000,23.677917,15.557449,0.000000,-0.033000,-0.026000,0.035000,FlatInitial,ResetBack,0,-0.828125,1.090000
07:45:33.271 PM 02/18/2016,Teleop Disabled,0,FALSE,0,NO ERROR,-6.298828,0.000000,-6000.000000,-6000.000000,Speed,Speed,0.890000,1.010000,2.460000,1.000000,102.000000,1,0,-0.000000,0.000000,1,0.007294,-0.011185,0.000000,23.678619,15.557236,0.000000,0.016000,-0.004000,-0.068000,FlatInitial,ResetBack,0,-0.828125,0.890000
07:45:33.371 PM 02/18/2016,Teleop Disabled,0,FALSE,0,NO ERROR,-2.490234,0.000000,-6000.000000,-6000.000000,Speed,Speed,0.800000,1.030000,2.490000,1.000000,103.000000,1,0,-0.000000,0.000000,1,0.011307,0.000000,0.000000,23.679382,15.556992,0.000000,0.000000,-0.008000,-0.052000,FlatInitial,ResetBack,0,-0.828125,0.800000
07:45:33.471 PM 02/18/2016,Teleop Disabled,0,FALSE,0,NO ERROR,-0.292969,0.000000,-6000.000000,-6000.000000,Speed,Speed,0.900000,1.050000,2.410000,1.000000,102.000000,1,0,-0.000000,0.000000,1,0.000000,-0.001556,0.000000,23.679504,15.556763,0.000000,-0.015000,0.035000,-0.008000,FlatInitial,ResetBack,0,-0.828125,0.900000
07:45:33.571 PM 02/18/2016,Teleop Disabled,0,FALSE,0,NO ERROR,0.000000,0.000000,-6000.000000,-6000.000000,Speed,Speed,1.110000,1.030000,2.440000,1.000000,102.000000,1,0,-0.000000,0.000000,1,-0.005112,0.004532,0.000000,23.679199,15.556870,0.000000,0.000000,-0.006000,0.015000,FlatInitial,ResetBack,0,-0.828125,1.110000
07:45:33.671 PM 02/18/2016,Teleop Disabled,0,FALSE,0,NO ERROR,0.000000,0.000000,-6000.000000,-6000.000000,Speed,Speed,1.150000,1.010000,2.330000,1.000000,103.000000,1,0,-0.000000,0.000000,1,0.000000,0.012726,0.000000,23.679199,15.557205,0.000000,0.016000,-0.024000,-0.005000,FlatInitial,ResetBack,0,-0.828125,1.150000
07:45:33.772 PM 02/18/2016,Teleop Disabled,0,FALSE,0,NO ERROR,0.000000,0.000000,-6000.000000,-6000.000000,Speed,Speed,1.150000,0.990000,2.220000,1.000000,102.000000,1,0,-0.000000,0.000000,1,0.000000,0.000000,0.000000,23.679199,15.557434,0.000000,-0.004000,-0.002000,-0.002000,FlatInitial,ResetBack,0,-0.828125,1.150000
07:45:33.872 PM 02/18/2016,Teleop Disabled,0,FALSE,0,NO ERROR,0.000000,0.000000,-6000.000000,-6000.000000,Speed,Speed,1.110000,1.010000,2.190000,1.000000,101.000000,1,0,-0.000000,0.000000,1,0.000000,0.000000,0.000000,23.679199,15.557434,0.000000,-0.004000,0.001000,0.027000,FlatInitial,ResetBack,0,-0.828125,1.110000
07:45:33.974 PM 02/18/2016,Teleop Disabled,0,FALSE,0,NO ERROR,-4.101562,0.000000,-6000.000000,-6000.000000,Speed,Speed,1.030000,1.010000,2.150000,1.000000,102.000000,1,0,-0.000000,0.000000,1,0.000000,0.000000,0.000000,23.679199,15.557434,0.000000,-0.004000,0.001000,0.027000,FlatInitial,ResetBack,0,-0.828125,1.030000
07:45:34.074 PM 02/18/2016,Teleop Disabled,0,FALSE,0,NO ERROR,-8.935547,0.000000,-6000.000000,-6000.000000,Speed,Speed,0.840000,1.000000,2.090000,1.000000,102.000000,1,0,-0.000000,0.000000,1,0.000000,0.000000,0.000000,23.679199,15.557434,0.000000,0.007000,0.000000,0.016000,FlatInitial,ResetBack,0,-0.828125,0.840000
07:45:34.174 PM 02/18/2016,Teleop Disabled,0,FALSE,0,NO ERROR,-15.234375,0.000000,-6000.000000,-6000.000000,Speed,Speed,0.770000,1.000000,2.080000,1.000000,101.000000,1,0,-0.000000,0.000000,1,0.000000,0.000000,0.000000,23.679199,15.557434,0.000000,0.004000,-0.014000,-0.003000,FlatInitial,ResetBack,0,-0.828125,0.770000
07:45:34.274 PM 02/18/2016,Teleop Disabled,0,FALSE,0,NO ERROR,-1.904297,0.000000,-6000.000000,-6000.000000,Speed,Speed,0.800000,1.030000,2.200000,1.000000,103.000000,1,0,-0.000000,0.000000,1,0.005692,-0.030518,0.000000,23.679337,15.557007,0.000000,-0.145000,0.257000,-0.240000,FlatInitial,ResetBack,0,-0.828125,0.800000
07:45:34.375 PM 02/18/2016,Teleop Disabled,0,FALSE,0,NO ERROR,-0.585938,0.000000,-6000.000000,-6000.000000,Speed,Speed,0.920000,1.020000,2.230000,1.000000,106.000000,1,0,-0.000000,0.000000,1,0.005692,-0.030518,0.000000,23.679337,15.557007,0.000000,-0.145000,0.257000,-0.240000,FlatInitial,ResetBack,0,-0.828125,0.920000
07:45:34.475 PM 02/18/2016,Teleop Disabled,0,FALSE,0,NO ERROR,-4.980469,0.000000,-6000.000000,-6000.000000,Speed,Speed,0.810000,1.010000,2.340000,1.000000,108.000000,1,0,-0.000000,0.000000,1,-0.014313,-0.010086,0.000000,23.678116,15.559311,0.000000,0.015000,-0.083000,0.108000,FlatInitial,ResetBack,0,-0.828125,0.810000
07:45:34.576 PM 02/18/2016,Teleop Disabled,0,FALSE,0,NO ERROR,-16.113281,0.000000,-6000.000000,-6000.000000,Speed,Speed,0.690000,1.010000,2.250000,1.000000,102.000000,1,0,-0.000000,0.000000,1,-0.026840,0.000000,0.000000,23.676987,15.557388,0.000000,0.011000,0.026000,-0.008000,FlatInitial,ResetBack,0,-0.828125,0.690000
07:45:34.677 PM 02/18/2016,Teleop Disabled,0,FALSE,0,NO ERROR,-2.490234,0.000000,-6000.000000,-6000.000000,Speed,Speed,0.690000,1.000000,2.160000,1.000000,101.000000,1,0,-0.000000,0.000000,1,-0.027557,0.005219,0.000000,23.675461,15.557373,0.000000,0.029000,-0.012000,-0.038000,FlatInitial,ResetBack,0,-0.828125,0.690000
07:45:34.777 PM 02/18/2016,Teleop Disabled,0,FALSE,0,NO ERROR,-1.757812,0.000000,-6000.000000,-6000.000000,Speed,Speed,0.670000,1.000000,2.210000,1.000000,102.000000,1,0,-0.000000,0.000000,1,-0.027557,0.005219,0.000000,23.675461,15.557373,0.000000,0.018000,0.012000,0.004000,FlatInitial,ResetBack,0,-0.828125,0.670000
07:45:34.877 PM 02/18/2016,Teleop Disabled,0,FALSE,0,NO ERROR,-0.439453,0.000000,-6000.000000,-6000.000000,Speed,Speed,0.660000,1.000000,2.210000,1.000000,103.000000,1,0,-0.000000,0.000000,1,-0.023407,0.000000,0.000000,23.674606,15.557404,0.000000,-0.006000,0.009000,0.061000,FlatInitial,ResetBack,0,-0.828125,0.660000
07:45:34.978 PM 02/18/2016,Teleop Disabled,0,FALSE,0,NO ERROR,-0.878906,0.000000,-6000.000000,-6000.000000,Speed,Speed,0.660000,1.000000,2.210000,1.000000,101.000000,1,0,-0.000000,0.000000,1,0.000000,0.000000,0.000000,23.673431,15.557495,0.000000,-0.002000,0.007000,0.013000,FlatInitial,ResetBack,0,-0.828125,0.660000
07:45:35.078 PM 02/18/2016,Teleop Disabled,0,FALSE,0,NO ERROR,-0.146484,0.000000,-6000.000000,-6000.000000,Speed,Speed,0.660000,1.000000,2.210000,1.000000,101.000000,1,0,-0.000000,0.000000,1,0.000000,0.000000,0.000000,23.673431,15.557495,0.000000,-0.012000,0.005000,0.011000,FlatInitial,ResetBack,0,-0.828125,0.660000
07:45:35.178 PM 02/18/2016,Teleop Disabled,0,FALSE,0,NO ERROR,0.000000,0.000000,-6000.000000,-6000.000000,Speed,Speed,0.660000,0.990000,2.180000,1.000000,101.000000,1,0,-0.000000,0.000000,1,0.000000,0.000000,0.000000,23.673431,15.557495,0.000000,0.003000,-0.009000,0.002000,FlatInitial,ResetBack,0,-0.828125,0.660000
07:45:35.278 PM 02/18/2016,Teleop Disabled,0,FALSE,0,NO ERROR,0.000000,0.000000,-6000.000000,-6000.000000,Speed,Speed,0.670000,1.000000,2.180000,1.000000,101.000000,1,0,-0.000000,0.000000,1,0.000000,0.000000,0.000000,23.673431,15.557495,0.000000,0.004000,-0.004000,-0.003000,FlatInitial,ResetBack,0,-0.828125,0.670000
07:45:35.378 PM 02/18/2016,Teleop Disabled,0,FALSE,0,NO ERROR,-0.146484,0.000000,-6000.000000,-6000.000000,Speed,Speed,0.670000,0.990000,2.180000,1.000000,102.000000,1,0,-0.000000,0.000000,1,0.000000,0.000000,0.000000,23.673431,15.557495,0.000000,0.000000,-0.003000,0.000000,FlatInitial,ResetBack,0,-0.828125,0.670000
07:45:35.480 PM 02/18/2016,Teleop Disabled,0,FALSE,0,NO ERROR,0.000000,0.000000,-6000.000000,-6000.000000,Speed,Speed,0.670000,0.990000,2.160000,1.000000,101.000000,1,0,-0.000000,0.000000,1,0.000000,0.000000,0.000000,23.673431,15.557495,0.000000,0.001000,-0.005000,0.003000,FlatInitial,ResetBack,0,-0.828125,0.670000
07:45:35.581 PM 02/18/2016,Teleop Disabled,0,FALSE,0,NO ERROR,0.000000,0.000000,-6000.000000,-6000.000000,Speed,Speed,0.670000,0.990000,2.160000,1.000000,103.000000,1,0,-0.000000,0.000000,1,0.000000,0.000000,0.000000,23.673431,15.557495,0.000000,0.001000,-0.001000,0.012000,FlatInitial,ResetBack,0,-0.828125,0.670000
07:45:35.683 PM 02/18/2016,Teleop Disabled,0,FALSE,0,NO ERROR,0.000000,0.000000,-6000.000000,-6000.000000,Speed,Speed,0.670000,1.000000,2.160000,1.000000,102.000000,1,0,-0.000000,0.000000,1,0.000000,0.000000,0.000000,23.673431,15.557495,0.000000,0.002000,-0.004000,0.002000,FlatInitial,ResetBack,0,-0.828125,0.670000
07:45:35.784 PM 02/18/2016,Teleop Disabled,0,FALSE,0,NO ERROR,0.000000,0.000000,-6000.000000,-6000.000000,Speed,Speed,0.670000,1.000000,2.160000,1.000000,111.000000,1,0,-0.000000,0.000000,1,0.000000,0.000000,0.000000,23.673431,15.557495,0.000000,0.003000,-0.005000,0.008000,FlatInitial,ResetBack,0,-0.828125,0.670000
07:45:35.885 PM 02/18/2016,Teleop Disabled,0,FALSE,0,NO ERROR,0.000000,0.000000,-6000.000000,-6000.000000,Speed,Speed,0.670000,0.990000,2.150000,1.000000,101.000000,1,0,-0.000000,0.000000,1,0.000000,0.000000,0.000000,23.673431,15.557495,0.000000,0.003000,-0.002000,0.004000,FlatInitial,ResetBack,0,-0.828125,0.670000
07:45:35.985 PM 02/18/2016,Teleop Disabled,0,FALSE,0,NO ERROR,0.000000,0.000000,-6000.000000,-6000.000000,Speed,Speed,0.670000,1.000000,2.150000,1.000000,101.000000,1,0,-0.000000,0.000000,1,0.000000,0.000000,0.000000,23.673431,15.557495,0.000000,0.000000,-0.001000,0.002000,FlatInitial,ResetBack,0,-0.828125,0.670000
07:45:36.085 PM 02/18/2016,Teleop Disabled,0,FALSE,0,NO ERROR,0.000000,0.000000,-6000.000000,-6000.000000,Speed,Speed,0.670000,0.990000,2.140000,1.000000,103.000000,1,0,-0.000000,0.000000,1,0.000000,0.000000,0.000000,23.673431,15.557495,0.000000,-0.001000,-0.003000,0.001000,FlatInitial,ResetBack,0,-0.828125,0.670000
07:45:36.185 PM 02/18/2016,Teleop Disabled,0,FALSE,0,NO ERROR,0.000000,0.000000,-6000.000000,-6000.000000,Speed,Speed,0.670000,0.990000,2.140000,1.000000,102.000000,1,0,-0.000000,0.000000,1,0.000000,0.000000,0.000000,23.673431,15.557495,0.000000,0.001000,-0.002000,0.007000,FlatInitial,ResetBack,0,-0.828125,0.670000
07:45:36.286 PM 02/18/2016,Teleop Disabled,0,FALSE,0,NO ERROR,0.000000,0.000000,-6000.000000,-6000.000000,Speed,Speed,0.670000,0.990000,2.140000,1.000000,101.000000,1,0,-0.000000,0.000000,1,0.000000,0.000000,0.000000,23.673431,15.557495,0.000000,-0.001000,-0.001000,0.000000,FlatInitial,ResetBack,0,-0.828125,0.670000
07:45:36.386 PM 02/18/2016,Teleop Disabled,0,FALSE,0,NO ERROR,0.000000,0.000000,-6000.000000,-6000.000000,Speed,Speed,0.670000,0.990000,2.130000,1.000000,103.000000,1,0,-0.000000,0.000000,1,0.000000,0.000000,0.000000,23.673431,15.557495,0.000000,0.000000,0.000000,0.001000,FlatInitial,ResetBack,0,-0.828125,0.670000
07:45:36.486 PM 02/18/2016,Teleop Disabled,0,FALSE,0,NO ERROR,0.000000,0.000000,-6000.000000,-6000.000000,Speed,Speed,0.670000,0.990000,2.130000,1.000000,101.000000,1,0,-0.000000,0.000000,1,0.000000,0.000000,0.000000,23.673431,15.557495,0.000000,0.000000,-0.002000,0.005000,FlatInitial,ResetBack,0,-0.828125,0.670000
07:45:36.586 PM 02/18/2016,Teleop Disabled,0,FALSE,0,NO ERROR,0.000000,0.000000,-6000.000000,-6000.000000,Speed,Speed,0.660000,0.990000,2.130000,1.000000,103.000000,1,0,-0.000000,0.000000,1,0.000000,0.000000,0.000000,23.673431,15.557495,0.000000,-0.002000,-0.003000,0.006000,FlatInitial,ResetBack,0,-0.828125,0.660000
07:45:36.686 PM 02/18/2016,Teleop Disabled,0,FALSE,0,NO ERROR,0.000000,0.000000,-6000.000000,-6000.000000,Speed,Speed,0.660000,0.990000,2.120000,1.000000,104.000000,1,0,-0.000000,0.000000,1,0.000000,0.000000,0.000000,23.673431,15.557495,0.000000,0.000000,0.000000,0.005000,FlatInitial,ResetBack,0,-0.828125,0.660000
07:45:36.786 PM 02/18/2016,Teleop Disabled,0,FALSE,0,NO ERROR,0.000000,0.000000,-6000.000000,-6000.000000,Speed,Speed,0.660000,0.990000,2.120000,1.000000,101.000000,1,0,-0.000000,0.000000,1,0.000000,0.000000,0.000000,23.673431,15.557495,0.000000,0.000000,0.002000,0.000000,FlatInitial,ResetBack,0,-0.828125,0.660000
07:45:36.886 PM 02/18/2016,Teleop Disabled,0,FALSE,0,NO ERROR,0.000000,0.000000,-6000.000000,-6000.000000,Speed,Speed,0.660000,0.990000,2.120000,1.000000,101.000000,1,0,-0.000000,0.000000,1,0.000000,0.000000,0.000000,23.673431,15.557495,0.000000,0.000000,-0.003000,0.003000,FlatInitial,ResetBack,0,-0.828125,0.660000
07:45:36.986 PM 02/18/2016,Teleop Disabled,0,FALSE,0,NO ERROR,0.000000,0.000000,-6000.000000,-6000.000000,Speed,Speed,0.660000,0.990000,2.110000,1.000000,101.000000,1,0,-0.000000,0.000000,1,0.000000,0.000000,0.000000,23.673431,15.557495,0.000000,0.001000,0.000000,0.004000,FlatInitial,ResetBack,0,-0.828125,0.660000
07:45:37.087 PM 02/18/2016,Teleop Disabled,0,FALSE,0,NO ERROR,0.000000,0.000000,-6000.000000,-6000.000000,Speed,Speed,0.660000,0.990000,2.110000,1.000000,101.000000,1,0,-0.000000,0.000000,1,0.000000,0.000000,0.000000,23.673431,15.557495,0.000000,0.002000,0.000000,0.002000,FlatInitial,ResetBack,0,-0.828125,0.660000
07:45:37.187 PM 02/18/2016,Teleop Enabled,0,FALSE,0,NO ERROR,0.000000,0.000000,-6000.000000,-6000.000000,Speed,Speed,0.660000,1.000000,2.110000,1.000000,105.000000,1,0,-0.000000,0.000000,1,0.000000,0.000000,0.000000,23.673431,15.557495,0.000000,0.001000,0.000000,0.006000,FlatInitial,ResetBack,0,-0.828125,0.660000
07:45:37.288 PM 02/18/2016,Teleop Enabled,0,FALSE,0,NO ERROR,0.000000,0.146484,-6000.000000,-6000.000000,Speed,Speed,0.660000,1.000000,2.110000,1.000000,104.000000,1,0,-0.000000,0.000000,1,0.007843,-0.006149,0.000000,23.673508,15.557434,0.000000,0.009000,-0.095000,0.062000,FlatInitial,ResetBack,0,-0.828125,0.660000
07:45:37.391 PM 02/18/2016,Teleop Enabled,0,FALSE,0,NO ERROR,-945.849609,648.339844,-6000.000000,-6000.000000,Speed,Speed,0.480000,1.050000,1.890000,1.000000,103.000000,1,0,-0.000000,0.000000,1,0.041641,-0.040451,0.000000,23.674774,15.556168,0.000000,-0.024000,-0.012000,0.033000,FlatInitial,ResetBack,0,-0.828125,0.480000
07:45:37.493 PM 02/18/2016,Teleop Enabled,0,FALSE,0,NO ERROR,-2321.337891,2779.541016,-6000.000000,-6000.000000,Speed,Speed,0.130000,1.050000,1.640000,1.000000,103.000000,1,0,-0.000000,0.000000,1,0.042068,-0.063171,0.000000,23.677933,15.553040,0.000000,-0.068000,-0.035000,0.069000,FlatInitial,ResetBack,0,-0.828125,0.130000
07:45:37.594 PM 02/18/2016,Teleop Enabled,0,FALSE,0,NO ERROR,-3794.384766,3990.380859,-6000.000000,-6000.000000,Speed,Speed,-0.100000,0.950000,1.470000,1.000000,102.000000,1,0,-0.000000,0.000000,1,0.045395,-0.109848,0.000000,23.679764,15.548676,0.000000,0.038000,0.150000,0.044000,FlatInitial,ResetBack,0,-0.828125,-0.100000
07:45:37.694 PM 02/18/2016,Teleop Enabled,0,FALSE,0,NO ERROR,-5131.054688,5117.578125,-6000.000000,-6000.000000,Speed,Speed,-0.070000,0.990000,1.300000,1.000000,102.000000,1,0,-0.000000,0.000000,1,0.020157,-0.112442,0.000000,23.682205,15.541977,0.000000,0.040000,0.009000,0.031000,FlatInitial,ResetBack,0,-0.828125,-0.070000
07:45:37.794 PM 02/18/2016,Teleop Enabled,0,FALSE,0,NO ERROR,-5613.281250,5652.539062,-6000.000000,-6000.000000,Speed,Speed,-0.020000,1.080000,1.280000,1.000000,101.000000,1,0,-0.000000,0.000000,1,0.094086,-0.042633,0.000000,23.684952,15.538818,0.000000,0.077000,0.025000,0.175000,FlatInitial,ResetBack,0,-0.828125,-0.020000
07:45:37.894 PM 02/18/2016,Teleop Enabled,0,FALSE,0,NO ERROR,-5849.414062,5786.132812,-6000.000000,-6000.000000,Speed,Speed,-0.070000,1.040000,1.230000,1.000000,102.000000,1,0,-0.000000,0.000000,1,0.142944,-0.040405,0.000000,23.689941,15.537354,0.000000,0.015000,0.004000,0.226000,FlatInitial,ResetBack,0,-0.828125,-0.070000
07:45:37.995 PM 02/18/2016,Teleop Enabled,0,FALSE,0,NO ERROR,-5926.757812,5828.320312,-6000.000000,-6000.000000,Speed,Speed,-0.090000,1.020000,1.360000,1.000000,101.000000,1,0,-0.000000,0.000000,1,-0.035934,-0.046509,0.000000,23.694305,15.533554,0.000000,-0.055000,0.027000,0.039000,FlatInitial,ResetBack,0,-0.828125,-0.090000
07:45:38.096 PM 02/18/2016,Teleop Enabled,0,FALSE,0,NO ERROR,-5957.226562,5868.164062,-6000.000000,-6000.000000,Speed,Speed,-0.060000,1.070000,1.390000,1.000000,103.000000,1,0,-0.000000,0.000000,1,-0.082230,-0.031525,0.000000,23.691727,15.532120,0.000000,-0.102000,0.064000,-0.148000,FlatInitial,ResetBack,0,-0.828125,-0.060000
07:45:38.196 PM 02/18/2016,Teleop Enabled,0,FALSE,0,NO ERROR,-5974.218750,5924.414062,-6000.000000,-6000.000000,Speed,Speed,-0.070000,1.140000,1.470000,1.000000,101.000000,1,0,-0.000000,0.000000,1,-0.194687,0.025024,0.000000,23.684448,15.532150,0.000000,-0.129000,0.028000,-0.050000,FlatInitial,ResetBack,0,-0.828125,-0.070000
07:45:38.296 PM 02/18/2016,Teleop Enabled,0,FALSE,0,NO ERROR,-5989.453125,5973.632812,-6000.000000,-6000.000000,Speed,Speed,-0.080000,1.160000,1.490000,1.000000,102.000000,1,0,-0.000000,0.000000,1,-0.268143,0.054398,0.000000,23.677094,15.533493,0.000000,-0.096000,0.074000,-0.081000,FlatInitial,ResetBack,0,-0.828125,-0.080000
07:45:38.396 PM 02/18/2016,Teleop Enabled,0,FALSE,0,NO ERROR,-5998.242188,6001.171875,-6000.000000,-6000.000000,Speed,Speed,-0.080000,1.230000,1.610000,1.000000,103.000000,1,0,-0.000000,0.000000,1,-0.439102,0.145432,0.000000,23.643677,15.542633,0.000000,-0.073000,0.060000,-0.054000,FlatInitial,ResetBack,0,-0.828125,-0.080000
07:45:38.497 PM 02/18/2016,Teleop Enabled,0,FALSE,0,NO ERROR,-6009.375000,6014.648438,-6000.000000,-6000.000000,Speed,Speed,-0.090000,1.260000,1.590000,1.000000,106.000000,1,0,-0.000000,0.000000,1,-0.478806,0.176300,0.000000,23.624985,15.549316,0.000000,-0.047000,0.052000,-0.026000,FlatInitial,ResetBack,0,-0.828125,-0.090000
07:45:38.597 PM 02/18/2016,Teleop Enabled,0,FALSE,0,NO ERROR,-6016.992188,6020.507812,-6000.000000,-6000.000000,Speed,Speed,-0.160000,1.360000,1.760000,1.000000,101.000000,1,0,-0.000000,0.000000,1,-0.503296,0.185516,0.000000,23.605164,15.556702,0.000000,-0.001000,-0.001000,0.048000,FlatInitial,ResetBack,0,-0.828125,-0.160000
07:45:38.697 PM 02/18/2016,Teleop Enabled,0,FALSE,0,NO ERROR,-6018.164062,6023.437500,-6000.000000,-6000.000000,Speed,Speed,-0.210000,1.420000,1.630000,1.000000,103.000000,1,0,-0.000000,0.000000,1,-0.546631,-0.020584,0.000000,23.573792,15.559937,0.000000,-0.116000,-0.046000,0.034000,FlatInitial,ResetBack,0,-0.828125,-0.210000
07:45:38.798 PM 02/18/2016,Teleop Enabled,0,FALSE,0,NO ERROR,-6015.820312,6022.851562,-6000.000000,-6000.000000,Speed,Speed,-0.210000,1.410000,1.470000,1.000000,102.000000,1,0,-0.000000,0.000000,1,-0.622757,-0.056778,0.000000,23.544235,15.557877,0.000000,-0.093000,-0.001000,-0.139000,FlatInitial,ResetBack,0,-0.828125,-0.210000
07:45:38.898 PM 02/18/2016,Teleop Disabled,0,FALSE,0,NO ERROR,-6016.406250,6020.507812,-6000.000000,-6000.000000,Speed,Speed,-0.200000,1.380000,1.110000,1.000000,101.000000,1,0,-0.000000,0.000000,1,-0.739258,-0.073181,0.000000,23.509674,15.554672,0.000000,-0.165000,-0.007000,-0.123000,FlatInitial,ResetBack,0,-0.828125,-0.200000
07:45:38.999 PM 02/18/2016,Teleop Disabled,0,FALSE,0,NO ERROR,-5882.226562,5816.601562,-6000.000000,-6000.000000,Speed,Speed,-0.240000,1.330000,1.340000,1.000000,101.000000,1,0,-0.000000,0.000000,1,-0.818649,-0.077835,0.000000,23.477646,15.551514,0.000000,-0.134000,0.023000,-0.663000,FlatInitial,ResetBack,0,-0.828125,-0.240000
07:45:39.100 PM 02/18/2016,Teleop Disabled,0,FALSE,0,NO ERROR,-5463.281250,5240.039062,-6000.000000,-6000.000000,Speed,Speed,-0.310000,1.300000,2.310000,1.000000,103.000000,1,0,-0.000000,0.000000,1,-0.887909,-0.132202,0.000000,23.434326,15.546143,0.000000,0.106000,-0.110000,0.338000,FlatInitial,ResetBack,0,-0.828125,-0.310000
07:45:39.200 PM 02/18/2016,Teleop Disabled,0,FALSE,0,NO ERROR,-5015.625000,4635.791016,-6000.000000,-6000.000000,Speed,Speed,-0.290000,1.350000,1.730000,1.000000,104.000000,1,0,-0.000000,0.000000,1,-0.915939,-0.131332,0.000000,23.389893,15.539032,0.000000,0.015000,0.173000,-0.093000,FlatInitial,ResetBack,0,-0.828125,-0.290000
07:45:39.300 PM 02/18/2016,Teleop Disabled,0,FALSE,0,NO ERROR,-4573.828125,4047.070312,-6000.000000,-6000.000000,Speed,Speed,-0.330000,1.350000,1.630000,1.000000,103.000000,1,0,-0.000000,0.000000,1,0.000000,0.002792,0.000000,23.371536,15.536789,0.000000,-0.017000,0.110000,-0.102000,FlatInitial,ResetBack,0,-0.828125,-0.330000
07:45:39.401 PM 02/18/2016,Teleop Disabled,0,FALSE,0,NO ERROR,-4150.195312,3466.552734,-6000.000000,-6000.000000,Speed,Speed,-0.390000,1.260000,2.180000,1.000000,103.000000,1,0,-0.000000,0.000000,1,-0.027267,0.003967,0.000000,23.370636,15.537415,0.000000,0.006000,-0.022000,0.122000,FlatInitial,ResetBack,0,-0.828125,-0.390000
07:45:39.503 PM 02/18/2016,Teleop Disabled,0,FALSE,0,NO ERROR,-3739.892578,2910.937500,-6000.000000,-6000.000000,Speed,Speed,-0.340000,1.290000,1.870000,1.000000,102.000000,1,0,-0.000000,0.000000,1,-0.041397,-0.001343,0.000000,23.368835,15.536987,0.000000,0.042000,0.018000,-0.019000,FlatInitial,ResetBack,0,-0.828125,-0.340000
07:45:39.604 PM 02/18/2016,Teleop Disabled,0,FALSE,0,NO ERROR,-3335.449219,2377.441406,-6000.000000,-6000.000000,Speed,Speed,-0.350000,1.300000,1.820000,1.000000,102.000000,1,0,-0.000000,0.000000,1,0.000000,-0.008987,0.000000,23.367050,15.536942,0.000000,0.000000,-0.046000,0.013000,FlatInitial,ResetBack,0,-0.828125,-0.350000
07:45:39.704 PM 02/18/2016,Teleop Disabled,0,FALSE,0,NO ERROR,-2946.093750,1963.769531,-6000.000000,-6000.000000,Speed,Speed,-0.340000,1.230000,1.820000,1.000000,102.000000,1,0,-0.000000,0.000000,1,-0.007874,-0.029800,0.000000,23.366852,15.536285,0.000000,-0.023000,0.015000,-0.005000,FlatInitial,ResetBack,0,-0.828125,-0.340000
07:45:39.805 PM 02/18/2016,Teleop Disabled,0,FALSE,0,NO ERROR,-2575.634766,1486.376953,-6000.000000,-6000.000000,Speed,Speed,-0.330000,1.250000,1.770000,1.000000,105.000000,1,0,-0.000000,0.000000,1,0.000000,-0.039825,0.000000,23.366669,15.534286,0.000000,-0.046000,-0.032000,0.058000,FlatInitial,ResetBack,0,-0.828125,-0.330000
07:45:39.905 PM 02/18/2016,Teleop Disabled,0,FALSE,0,NO ERROR,-2288.671875,1040.478516,-6000.000000,-6000.000000,Speed,Speed,-0.330000,1.210000,1.770000,1.000000,101.000000,1,0,-0.000000,0.000000,1,-0.017044,0.000000,0.000000,23.365784,15.532013,0.000000,-0.016000,0.018000,-0.018000,FlatInitial,ResetBack,0,-0.828125,-0.330000
07:45:40.005 PM 02/18/2016,Teleop Disabled,0,FALSE,0,NO ERROR,-1946.777344,639.843750,-6000.000000,-6000.000000,Speed,Speed,-0.340000,1.210000,1.770000,1.000000,102.000000,1,0,-0.000000,0.000000,1,-0.002441,-0.005142,0.000000,23.365417,15.531937,0.000000,0.025000,0.024000,-0.019000,FlatInitial,ResetBack,0,-0.828125,-0.340000
07:45:40.105 PM 02/18/2016,Teleop Disabled,0,FALSE,0,NO ERROR,-1623.339844,291.943359,-6000.000000,-6000.000000,Speed,Speed,-0.340000,1.210000,1.780000,1.000000,102.000000,1,0,-0.000000,0.000000,1,-0.002441,-0.005142,0.000000,23.365417,15.531937,0.000000,0.025000,0.024000,-0.019000,FlatInitial,ResetBack,0,-0.828125,-0.340000
07:45:40.205 PM 02/18/2016,Teleop Disabled,0,FALSE,0,NO ERROR,-1317.919922,29.882812,-6000.000000,-6000.000000,Speed,Speed,-0.330000,1.190000,1.760000,1.000000,101.000000,1,0,-0.000000,0.000000,1,0.000000,0.000000,0.000000,23.364838,15.531647,0.000000,-0.007000,-0.001000,0.007000,FlatInitial,ResetBack,0,-0.828125,-0.330000
07:45:40.305 PM 02/18/2016,Teleop Disabled,0,FALSE,0,NO ERROR,-1038.720703,-3.955078,-6000.000000,-6000.000000,Speed,Speed,-0.330000,1.170000,1.750000,1.000000,101.000000,1,0,-0.000000,0.000000,1,0.000000,-0.006134,0.000000,23.364746,15.531250,0.000000,0.000000,0.001000,0.012000,FlatInitial,ResetBack,0,-0.828125,-0.330000
07:45:40.406 PM 02/18/2016,Teleop Disabled,0,FALSE,0,NO ERROR,-818.408203,0.000000,-6000.000000,-6000.000000,Speed,Speed,-0.330000,1.180000,1.740000,1.000000,102.000000,1,0,-0.000000,0.000000,1,0.000000,0.000000,0.000000,23.364746,15.531250,0.000000,-0.001000,-0.001000,-0.013000,FlatInitial,ResetBack,0,-0.828125,-0.330000
07:45:40.506 PM 02/18/2016,Teleop Disabled,0,FALSE,0,NO ERROR,-541.113281,0.000000,-6000.000000,-6000.000000,Speed,Speed,-0.330000,1.160000,1.730000,1.000000,117.000000,1,0,-0.000000,0.000000,1,0.000000,0.000000,0.000000,23.364746,15.531250,0.000000,-0.001000,-0.001000,-0.013000,FlatInitial,ResetBack,0,-0.828125,-0.330000
07:45:40.608 PM 02/18/2016,Teleop Disabled,0,FALSE,0,NO ERROR,-334.716797,0.000000,-6000.000000,-6000.000000,Speed,Speed,-0.330000,1.140000,1.720000,1.000000,102.000000,1,0,-0.000000,0.000000,1,0.000000,0.000000,0.000000,23.364746,15.531250,0.000000,0.000000,-0.001000,0.001000,FlatInitial,ResetBack,0,-0.828125,-0.330000
07:45:40.708 PM 02/18/2016,Teleop Disabled,0,FALSE,0,NO ERROR,-127.441406,0.000000,-6000.000000,-6000.000000,Speed,Speed,-0.330000,1.140000,1.720000,1.000000,101.000000,1,0,-0.000000,0.000000,1,0.000000,0.000000,0.000000,23.364746,15.531250,0.000000,-0.002000,0.000000,0.010000,FlatInitial,ResetBack,0,-0.828125,-0.330000
07:45:40.808 PM 02/18/2016,Teleop Disabled,0,FALSE,0,NO ERROR,-6.591797,0.000000,-6000.000000,-6000.000000,Speed,Speed,-0.330000,1.140000,1.710000,1.000000,101.000000,1,0,-0.000000,0.000000,1,0.000000,0.000000,0.000000,23.364746,15.531250,0.000000,0.002000,0.003000,0.004000,FlatInitial,ResetBack,0,-0.828125,-0.330000
07:45:40.909 PM 02/18/2016,Teleop Disabled,0,FALSE,0,NO ERROR,3.222656,0.000000,-6000.000000,-6000.000000,Speed,Speed,-0.330000,1.120000,1.710000,1.000000,104.000000,1,0,-0.000000,0.000000,1,0.000000,0.000000,0.000000,23.364746,15.531250,0.000000,0.001000,-0.001000,0.008000,FlatInitial,ResetBack,0,-0.828125,-0.330000
07:45:41.009 PM 02/18/2016,Teleop Disabled,0,FALSE,0,NO ERROR,0.000000,0.000000,-6000.000000,-6000.000000,Speed,Speed,-0.320000,1.120000,1.690000,1.000000,102.000000,1,0,-0.000000,0.000000,1,0.000000,0.000000,0.000000,23.364746,15.531250,0.000000,-0.002000,0.001000,0.004000,FlatInitial,ResetBack,0,-0.828125,-0.320000
07:45:41.110 PM 02/18/2016,Teleop Disabled,0,FALSE,0,NO ERROR,0.000000,0.000000,-6000.000000,-6000.000000,Speed,Speed,-0.320000,1.120000,1.690000,1.000000,102.000000,1,0,-0.000000,0.000000,1,0.000000,0.000000,0.000000,23.364746,15.531250,0.000000,-0.003000,-0.001000,0.002000,FlatInitial,ResetBack,0,-0.828125,-0.320000
07:45:41.211 PM 02/18/2016,Teleop Disabled,0,FALSE,0,NO ERROR,0.000000,0.000000,-6000.000000,-6000.000000,Speed,Speed,-0.320000,1.110000,1.690000,1.000000,101.000000,1,0,-0.000000,0.000000,1,0.000000,0.000000,0.000000,23.364746,15.531250,0.000000,-0.002000,-0.002000,0.008000,FlatInitial,ResetBack,0,-0.828125,-0.320000
07:45:41.312 PM 02/18/2016,Teleop Disabled,0,FALSE,0,NO ERROR,0.000000,0.000000,-6000.000000,-6000.000000,Speed,Speed,-0.320000,1.100000,1.690000,1.000000,101.000000,1,0,-0.000000,0.000000,1,0.000000,0.000000,0.000000,23.364746,15.531250,0.000000,-0.002000,-0.002000,0.008000,FlatInitial,ResetBack,0,-0.828125,-0.320000
07:45:41.412 PM 02/18/2016,Teleop Disabled,0,FALSE,0,NO ERROR,0.000000,0.000000,-6000.000000,-6000.000000,Speed,Speed,-0.320000,1.100000,1.680000,1.000000,102.000000,1,0,-0.000000,0.000000,1,0.000000,0.000000,0.000000,23.364746,15.531250,0.000000,-0.002000,0.000000,0.004000,FlatInitial,ResetBack,0,-0.828125,-0.320000
07:45:41.512 PM 02/18/2016,Teleop Disabled,0,FALSE,0,NO ERROR,0.000000,0.000000,-6000.000000,-6000.000000,Speed,Speed,-0.320000,1.090000,1.680000,1.000000,102.000000,1,0,-0.000000,0.000000,1,0.000000,0.000000,0.000000,23.364746,15.531250,0.000000,0.000000,-0.002000,0.005000,FlatInitial,ResetBack,0,-0.828125,-0.320000
07:45:41.613 PM 02/18/2016,Teleop Disabled,0,FALSE,0,NO ERROR,0.000000,0.000000,-6000.000000,-6000.000000,Speed,Speed,-0.320000,1.090000,1.680000,1.000000,102.000000,1,0,-0.000000,0.000000,1,0.000000,0.000000,0.000000,23.364746,15.531250,0.000000,-0.002000,-0.001000,0.003000,FlatInitial,ResetBack,0,-0.828125,-0.320000
07:45:41.714 PM 02/18/2016,Teleop Disabled,0,FALSE,0,NO ERROR,0.000000,0.000000,-6000.000000,-6000.000000,Speed,Speed,-0.320000,1.090000,1.670000,1.000000,101.000000,1,0,-0.000000,0.000000,1,0.000000,0.000000,0.000000,23.364746,15.531250,0.000000,-0.002000,-0.001000,0.003000,FlatInitial,ResetBack,0,-0.828125,-0.320000
07:45:41.815 PM 02/18/2016,Teleop Disabled,0,FALSE,0,NO ERROR,0.000000,0.000000,-6000.000000,-6000.000000,Speed,Speed,-0.320000,1.080000,1.660000,1.000000,101.000000,1,0,-0.000000,0.000000,1,0.000000,0.000000,0.000000,23.364746,15.531250,0.000000,0.004000,-0.001000,0.001000,FlatInitial,ResetBack,0,-0.828125,-0.320000
07:45:41.916 PM 02/18/2016,Teleop Disabled,0,FALSE,0,NO ERROR,0.000000,0.000000,-6000.000000,-6000.000000,Speed,Speed,-0.320000,1.080000,1.650000,1.000000,101.000000,1,0,-0.000000,0.000000,1,0.000000,0.000000,0.000000,23.364746,15.531250,0.000000,-0.001000,0.000000,0.002000,FlatInitial,ResetBack,0,-0.828125,-0.320000
07:45:42.016 PM 02/18/2016,Teleop Disabled,0,FALSE,0,NO ERROR,0.000000,0.000000,-6000.000000,-6000.000000,Speed,Speed,-0.320000,1.080000,1.650000,1.000000,103.000000,1,0,-0.000000,0.000000,1,0.000000,0.000000,0.000000,23.364746,15.531250,0.000000,-0.001000,0.000000,0.002000,FlatInitial,ResetBack,0,-0.828125,-0.320000
07:45:42.117 PM 02/18/2016,Teleop Disabled,0,FALSE,0,NO ERROR,0.000000,0.000000,-6000.000000,-6000.000000,Speed,Speed,-0.320000,1.070000,1.650000,1.000000,102.000000,1,0,-0.000000,0.000000,1,0.000000,0.000000,0.000000,23.364746,15.531250,0.000000,0.000000,-0.001000,0.002000,FlatInitial,ResetBack,0,-0.828125,-0.320000
07:45:42.217 PM 02/18/2016,Teleop Disabled,0,FALSE,0,NO ERROR,0.000000,0.000000,-6000.000000,-6000.000000,Speed,Speed,-0.320000,1.080000,1.650000,1.000000,104.000000,1,0,-0.000000,0.000000,1,0.000000,0.000000,0.000000,23.364746,15.531250,0.000000,-0.001000,0.001000,0.003000,FlatInitial,ResetBack,0,-0.828125,-0.320000
07:45:42.318 PM 02/18/2016,Teleop Disabled,0,FALSE,0,NO ERROR,0.000000,0.000000,-6000.000000,-6000.000000,Speed,Speed,-0.320000,1.070000,1.650000,1.000000,104.000000,1,0,-0.000000,0.000000,1,0.000000,0.000000,0.000000,23.364746,15.531250,0.000000,-0.003000,0.002000,0.004000,FlatInitial,ResetBack,0,-0.828125,-0.320000
07:45:42.419 PM 02/18/2016,Teleop Disabled,0,FALSE,0,NO ERROR,0.000000,0.000000,-6000.000000,-6000.000000,Speed,Speed,-0.330000,1.070000,1.650000,1.000000,103.000000,1,0,-0.000000,0.000000,1,0.000000,0.000000,0.000000,23.364746,15.531250,0.000000,0.002000,-0.001000,0.007000,FlatInitial,ResetBack,0,-0.828125,-0.330000
07:45:42.519 PM 02/18/2016,Teleop Disabled,0,FALSE,0,NO ERROR,0.000000,0.000000,-6000.000000,-6000.000000,Speed,Speed,-0.330000,1.070000,1.650000,1.000000,106.000000,1,0,-0.000000,0.000000,1,0.000000,0.000000,0.000000,23.364746,15.531250,0.000000,-0.002000,-0.003000,0.004000,FlatInitial,ResetBack,0,-0.828125,-0.330000
07:45:42.622 PM 02/18/2016,Teleop Disabled,0,FALSE,0,NO ERROR,0.000000,0.000000,-6000.000000,-6000.000000,Speed,Speed,-0.330000,1.060000,1.650000,1.000000,103.000000,1,0,-0.000000,0.000000,1,0.000000,0.000000,0.000000,23.364746,15.531250,0.000000,-0.001000,0.001000,0.003000,FlatInitial,ResetBack,0,-0.828125,-0.330000
07:45:42.722 PM 02/18/2016,Teleop Disabled,0,FALSE,0,NO ERROR,0.000000,0.000000,-6000.000000,-6000.000000,Speed,Speed,-0.330000,1.060000,1.650000,1.000000,101.000000,1,0,-0.000000,0.000000,1,0.000000,0.000000,0.000000,23.364746,15.531250,0.000000,-0.001000,0.001000,0.003000,FlatInitial,ResetBack,0,-0.828125,-0.330000
07:45:42.824 PM 02/18/2016,Teleop Disabled,0,FALSE,0,NO ERROR,0.000000,0.000000,-6000.000000,-6000.000000,Speed,Speed,-0.330000,1.060000,1.650000,1.000000,102.000000,1,0,-0.000000,0.000000,1,0.000000,0.000000,0.000000,23.364746,15.531250,0.000000,0.001000,0.000000,0.000000,FlatInitial,ResetBack,0,-0.828125,-0.330000
07:45:42.925 PM 02/18/2016,Teleop Disabled,0,FALSE,0,NO ERROR,0.000000,0.000000,-6000.000000,-6000.000000,Speed,Speed,-0.340000,1.060000,1.650000,1.000000,104.000000,1,0,-0.000000,0.000000,1,0.000000,0.000000,0.000000,23.364746,15.531250,0.000000,0.000000,0.000000,0.000000,FlatInitial,ResetBack,0,-0.828125,-0.340000
07:45:43.026 PM 02/18/2016,Teleop Disabled,0,FALSE,0,NO ERROR,0.000000,0.000000,-6000.000000,-6000.000000,Speed,Speed,-0.340000,1.060000,1.650000,1.000000,103.000000,1,0,-0.000000,0.000000,1,0.000000,0.000000,0.000000,23.364746,15.531250,0.000000,0.001000,0.000000,0.004000,FlatInitial,ResetBack,0,-0.828125,-0.340000
07:45:43.126 PM 02/18/2016,Teleop Disabled,0,FALSE,0,NO ERROR,0.000000,0.000000,-6000.000000,-6000.000000,Speed,Speed,-0.340000,1.060000,1.640000,1.000000,107.000000,1,0,-0.000000,0.000000,1,0.000000,0.000000,0.000000,23.364746,15.531250,0.000000,0.001000,0.000000,0.004000,FlatInitial,ResetBack,0,-0.828125,-0.340000
07:45:43.226 PM 02/18/2016,Teleop Disabled,0,FALSE,0,NO ERROR,0.000000,0.000000,-6000.000000,-6000.000000,Speed,Speed,-0.340000,1.070000,1.630000,1.000000,101.000000,1,0,-0.000000,0.000000,1,0.000000,0.000000,0.000000,23.364746,15.531250,0.000000,-0.002000,-0.001000,0.001000,FlatInitial,ResetBack,0,-0.828125,-0.340000
07:45:43.326 PM 02/18/2016,Teleop Disabled,0,FALSE,0,NO ERROR,0.000000,0.000000,-6000.000000,-6000.000000,Speed,Speed,-0.340000,1.070000,1.630000,1.000000,110.000000,1,0,-0.000000,0.000000,1,0.000000,0.000000,0.000000,23.364746,15.531250,0.000000,-0.001000,-0.001000,0.000000,FlatInitial,ResetBack,0,-0.828125,-0.340000
07:45:43.426 PM 02/18/2016,Teleop Disabled,0,FALSE,0,NO ERROR,0.000000,0.000000,-6000.000000,-6000.000000,Speed,Speed,-0.340000,1.060000,1.630000,1.000000,104.000000,1,0,-0.000000,0.000000,1,0.000000,0.000000,0.000000,23.364746,15.531250,0.000000,0.000000,0.000000,0.002000,FlatInitial,ResetBack,0,-0.828125,-0.340000
07:45:43.526 PM 02/18/2016,Teleop Disabled,0,FALSE,0,NO ERROR,0.000000,0.000000,-6000.000000,-6000.000000,Speed,Speed,-0.340000,1.060000,1.630000,1.000000,103.000000,1,0,-0.000000,0.000000,1,0.000000,0.000000,0.000000,23.364746,15.531250,0.000000,0.000000,0.000000,0.002000,FlatInitial,ResetBack,0,-0.828125,-0.340000
07:45:43.627 PM 02/18/2016,Teleop Disabled,0,FALSE,0,NO ERROR,0.000000,0.000000,-6000.000000,-6000.000000,Speed,Speed,-0.340000,1.060000,1.620000,1.000000,102.000000,1,0,-0.000000,0.000000,1,0.000000,0.000000,0.000000,23.364746,15.531250,0.000000,0.000000,0.000000,0.003000,FlatInitial,ResetBack,0,-0.828125,-0.340000
07:45:43.727 PM 02/18/2016,Teleop Disabled,0,FALSE,0,NO ERROR,0.000000,0.000000,-6000.000000,-6000.000000,Speed,Speed,-0.340000,1.060000,1.620000,1.000000,105.000000,1,0,-0.000000,0.000000,1,0.000000,0.000000,0.000000,23.364746,15.531250,0.000000,0.000000,0.000000,0.000000,FlatInitial,ResetBack,0,-0.828125,-0.340000
07:45:43.827 PM 02/18/2016,Teleop Disabled,0,FALSE,0,NO ERROR,0.000000,0.000000,-6000.000000,-6000.000000,Speed,Speed,-0.340000,1.060000,1.620000,1.000000,101.000000,1,0,-0.000000,0.000000,1,0.000000,0.000000,0.000000,23.364746,15.531250,0.000000,0.000000,-0.001000,0.004000,FlatInitial,ResetBack,0,-0.828125,-0.340000
07:45:43.928 PM 02/18/2016,Teleop Disabled,0,FALSE,0,NO ERROR,0.000000,0.000000,-6000.000000,-6000.000000,Speed,Speed,-0.340000,1.060000,1.630000,1.000000,102.000000,1,0,-0.000000,0.000000,1,0.000000,0.000000,0.000000,23.364746,15.531250,0.000000,0.000000,-0.001000,0.004000,FlatInitial,ResetBack,0,-0.828125,-0.340000
07:45:44.028 PM 02/18/2016,Teleop Disabled,0,FALSE,0,NO ERROR,0.000000,0.000000,-6000.000000,-6000.000000,Speed,Speed,-0.340000,1.060000,1.630000,1.000000,103.000000,1,0,-0.000000,0.000000,1,0.000000,0.000000,0.000000,23.364746,15.531250,0.000000,0.001000,0.001000,0.005000,FlatInitial,ResetBack,0,-0.828125,-0.340000
07:45:44.128 PM 02/18/2016,Teleop Disabled,0,FALSE,0,NO ERROR,0.000000,0.000000,-6000.000000,-6000.000000,Speed,Speed,-0.340000,1.060000,1.630000,1.000000,101.000000,1,0,-0.000000,0.000000,1,0.000000,0.000000,0.000000,23.364746,15.531250,0.000000,0.001000,0.000000,0.002000,FlatInitial,ResetBack,0,-0.828125,-0.340000
07:45:44.228 PM 02/18/2016,Teleop Disabled,0,FALSE,0,NO ERROR,0.000000,0.000000,-6000.000000,-6000.000000,Speed,Speed,-0.340000,1.060000,1.630000,1.000000,102.000000,1,0,-0.000000,0.000000,1,0.000000,0.000000,0.000000,23.364746,15.531250,0.000000,0.000000,0.001000,0.000000,FlatInitial,ResetBack,0,-0.828125,-0.340000
07:45:44.330 PM 02/18/2016,Teleop Disabled,0,FALSE,0,NO ERROR,0.000000,0.000000,-6000.000000,-6000.000000,Speed,Speed,-0.340000,1.060000,1.630000,1.000000,101.000000,1,0,-0.000000,0.000000,1,0.000000,0.000000,0.000000,23.364746,15.531250,0.000000,-0.004000,-0.001000,0.000000,FlatInitial,ResetBack,0,-0.828125,-0.340000
07:45:44.430 PM 02/18/2016,Teleop Disabled,0,FALSE,0,NO ERROR,0.000000,0.000000,-6000.000000,-6000.000000,Speed,Speed,-0.340000,1.060000,1.630000,1.000000,102.000000,1,0,-0.000000,0.000000,1,0.000000,0.000000,0.000000,23.364746,15.531250,0.000000,0.000000,0.001000,-0.002000,FlatInitial,ResetBack,0,-0.828125,-0.340000
07:45:44.530 PM 02/18/2016,Teleop Disabled,0,FALSE,0,NO ERROR,0.000000,0.000000,-6000.000000,-6000.000000,Speed,Speed,-0.340000,1.060000,1.630000,1.000000,103.000000,1,0,-0.000000,0.000000,1,0.000000,0.000000,0.000000,23.364746,15.531250,0.000000,-0.001000,0.000000,0.002000,FlatInitial,ResetBack,0,-0.828125,-0.340000
07:45:44.630 PM 02/18/2016,Teleop Disabled,0,FALSE,0,NO ERROR,0.000000,0.000000,-6000.000000,-6000.000000,Speed,Speed,-0.340000,1.050000,1.630000,1.000000,101.000000,1,0,-0.000000,0.000000,1,0.000000,0.000000,0.000000,23.364746,15.531250,0.000000,0.000000,0.000000,0.005000,FlatInitial,ResetBack,0,-0.828125,-0.340000
07:45:44.730 PM 02/18/2016,Teleop Disabled,0,FALSE,0,NO ERROR,0.000000,0.000000,-6000.000000,-6000.000000,Speed,Speed,-0.340000,1.050000,1.630000,1.000000,101.000000,1,0,-0.000000,0.000000,1,0.000000,0.000000,0.000000,23.364746,15.531250,0.000000,0.000000,0.000000,0.004000,FlatInitial,ResetBack,0,-0.828125,-0.340000
07:45:44.830 PM 02/18/2016,Teleop Disabled,0,FALSE,0,NO ERROR,0.000000,0.000000,-6000.000000,-6000.000000,Speed,Speed,-0.340000,1.060000,1.620000,1.000000,101.000000,1,0,-0.000000,0.000000,1,0.000000,0.000000,0.000000,23.364746,15.531250,0.000000,0.001000,0.000000,0.002000,FlatInitial,ResetBack,0,-0.828125,-0.340000
07:45:44.931 PM 02/18/2016,Teleop Disabled,0,FALSE,0,NO ERROR,0.000000,0.000000,-6000.000000,-6000.000000,Speed,Speed,-0.340000,1.060000,1.620000,1.000000,101.000000,1,0,-0.000000,0.000000,1,0.000000,0.000000,0.000000,23.364746,15.531250,0.000000,0.000000,0.000000,0.001000,FlatInitial,ResetBack,0,-0.828125,-0.340000
07:45:45.031 PM 02/18/2016,Teleop Disabled,0,FALSE,0,NO ERROR,0.000000,0.000000,-6000.000000,-6000.000000,Speed,Speed,-0.340000,1.050000,1.620000,1.000000,105.000000,1,0,-0.000000,0.000000,1,0.000000,0.000000,0.000000,23.364746,15.531250,0.000000,-0.001000,0.001000,0.004000,FlatInitial,ResetBack,0,-0.828125,-0.340000
07:45:45.133 PM 02/18/2016,Teleop Disabled,0,FALSE,0,NO ERROR,0.000000,0.000000,-6000.000000,-6000.000000,Speed,Speed,-0.340000,1.040000,1.620000,1.000000,101.000000,1,0,-0.000000,0.000000,1,0.000000,0.000000,0.000000,23.364746,15.531250,0.000000,-0.005000,-0.003000,0.001000,FlatInitial,ResetBack,0,-0.828125,-0.340000
07:45:45.233 PM 02/18/2016,Teleop Disabled,0,FALSE,0,NO ERROR,0.000000,0.000000,-6000.000000,-6000.000000,Speed,Speed,-0.340000,1.040000,1.610000,1.000000,102.000000,1,0,-0.000000,0.000000,1,0.000000,0.000000,0.000000,23.364746,15.531250,0.000000,0.000000,0.001000,0.006000,FlatInitial,ResetBack,0,-0.828125,-0.340000
07:45:45.333 PM 02/18/2016,Teleop Disabled,0,FALSE,0,NO ERROR,0.000000,0.000000,-6000.000000,-6000.000000,Speed,Speed,-0.340000,1.040000,1.610000,1.000000,101.000000,1,0,-0.000000,0.000000,1,0.000000,0.000000,0.000000,23.364746,15.531250,0.000000,0.000000,0.000000,0.004000,FlatInitial,ResetBack,0,-0.828125,-0.340000
07:45:45.433 PM 02/18/2016,Teleop Disabled,0,FALSE,0,NO ERROR,0.000000,0.000000,-6000.000000,-6000.000000,Speed,Speed,-0.340000,1.040000,1.610000,1.000000,102.000000,1,0,-0.000000,0.000000,1,0.000000,0.000000,0.000000,23.364746,15.531250,0.000000,0.000000,0.001000,0.001000,FlatInitial,ResetBack,0,-0.828125,-0.340000
07:45:45.533 PM 02/18/2016,Teleop Disabled,0,FALSE,0,NO ERROR,0.000000,0.000000,-6000.000000,-6000.000000,Speed,Speed,-0.340000,1.040000,1.610000,1.000000,107.000000,1,0,-0.000000,0.000000,1,0.000000,0.000000,0.000000,23.364746,15.531250,0.000000,-0.001000,0.000000,0.008000,FlatInitial,ResetBack,0,-0.828125,-0.340000
07:45:45.635 PM 02/18/2016,Teleop Disabled,0,FALSE,0,NO ERROR,0.000000,0.000000,-6000.000000,-6000.000000,Speed,Speed,-0.340000,1.040000,1.620000,1.000000,102.000000,1,0,-0.000000,0.000000,1,0.000000,0.000000,0.000000,23.364746,15.531250,0.000000,0.000000,0.002000,0.005000,FlatInitial,ResetBack,0,-0.828125,-0.340000
07:45:45.735 PM 02/18/2016,Teleop Disabled,0,FALSE,0,NO ERROR,0.000000,0.000000,-6000.000000,-6000.000000,Speed,Speed,-0.340000,1.040000,1.620000,1.000000,102.000000,1,0,-0.000000,0.000000,1,0.000000,0.000000,0.000000,23.364746,15.531250,0.000000,0.000000,0.000000,0.003000,FlatInitial,ResetBack,0,-0.828125,-0.340000
07:45:45.836 PM 02/18/2016,Teleop Disabled,0,FALSE,0,NO ERROR,0.000000,0.000000,-6000.000000,-6000.000000,Speed,Speed,-0.340000,1.040000,1.620000,1.000000,101.000000,1,0,-0.000000,0.000000,1,0.000000,0.000000,0.000000,23.364746,15.531250,0.000000,0.000000,0.000000,0.006000,FlatInitial,ResetBack,0,-0.828125,-0.340000
07:45:45.937 PM 02/18/2016,Teleop Disabled,0,FALSE,0,NO ERROR,0.000000,0.000000,-6000.000000,-6000.000000,Speed,Speed,-0.340000,1.040000,1.620000,1.000000,103.000000,1,0,-0.000000,0.000000,1,0.000000,0.000000,0.000000,23.364746,15.531250,0.000000,-0.001000,0.000000,0.000000,FlatInitial,ResetBack,0,-0.828125,-0.340000
07:45:46.038 PM 02/18/2016,Teleop Disabled,0,FALSE,0,NO ERROR,0.000000,0.000000,-6000.000000,-6000.000000,Speed,Speed,-0.340000,1.040000,1.620000,1.000000,101.000000,1,0,-0.000000,0.000000,1,0.000000,0.000000,0.000000,23.364746,15.531250,0.000000,-0.005000,0.004000,-0.007000,FlatInitial,ResetBack,0,-0.828125,-0.340000
07:45:46.139 PM 02/18/2016,Teleop Disabled,0,FALSE,0,NO ERROR,0.000000,0.000000,-6000.000000,-6000.000000,Speed,Speed,-0.340000,1.040000,1.620000,1.000000,103.000000,1,0,-0.000000,0.000000,1,0.000000,0.000000,0.000000,23.364746,15.531250,0.000000,0.003000,0.000000,0.006000,FlatInitial,ResetBack,0,-0.828125,-0.340000
07:45:46.240 PM 02/18/2016,Teleop Disabled,0,FALSE,0,NO ERROR,0.000000,0.000000,-6000.000000,-6000.000000,Speed,Speed,-0.340000,1.040000,1.630000,1.000000,105.000000,1,0,-0.000000,0.000000,1,0.000000,0.000000,0.000000,23.364746,15.531250,0.000000,0.002000,0.003000,0.006000,FlatInitial,ResetBack,0,-0.828125,-0.340000
07:45:46.341 PM 02/18/2016,Teleop Disabled,0,FALSE,0,NO ERROR,0.000000,0.000000,-6000.000000,-6000.000000,Speed,Speed,-0.330000,1.040000,1.680000,1.000000,103.000000,1,0,-0.000000,0.000000,1,0.000000,0.000000,0.000000,23.364746,15.531250,0.000000,-0.003000,0.015000,-0.002000,FlatInitial,ResetBack,0,-0.828125,-0.330000
07:45:46.443 PM 02/18/2016,Teleop Disabled,0,FALSE,0,NO ERROR,0.000000,0.000000,-6000.000000,-6000.000000,Speed,Speed,-0.140000,1.000000,2.070000,1.000000,102.000000,1,0,-0.000000,0.000000,1,-0.012100,0.013763,0.000000,23.364502,15.531876,0.000000,0.001000,-0.033000,0.077000,FlatInitial,ResetBack,0,-0.828125,-0.140000
07:45:46.543 PM 02/18/2016,Teleop Disabled,0,FALSE,0,NO ERROR,0.585938,-0.292969,-6000.000000,-6000.000000,Speed,Speed,0.120000,1.030000,2.390000,1.000000,104.000000,1,0,-0.000000,0.000000,1,0.000000,-0.053101,0.000000,23.364502,15.530899,0.000000,0.034000,-0.052000,-0.178000,FlatInitial,ResetBack,0,-0.828125,0.120000
07:45:46.643 PM 02/18/2016,Teleop Disabled,0,FALSE,0,NO ERROR,0.585938,-0.146484,-6000.000000,-6000.000000,Speed,Speed,-0.060000,1.130000,2.240000,1.000000,101.000000,1,0,-0.000000,0.000000,1,0.006149,-0.102631,0.000000,23.364609,15.527008,0.000000,-0.015000,0.058000,0.169000,FlatInitial,ResetBack,0,-0.828125,-0.060000
07:45:46.744 PM 02/18/2016,Teleop Disabled,0,FALSE,0,NO ERROR,11.279297,-0.146484,-6000.000000,-6000.000000,Speed,Speed,-0.060000,1.070000,2.600000,1.000000,101.000000,1,0,-0.000000,0.000000,1,0.000000,-0.075226,0.000000,23.364700,15.523010,0.000000,0.034000,-0.014000,-0.022000,FlatInitial,ResetBack,0,-0.828125,-0.060000
07:45:46.845 PM 02/18/2016,Teleop Disabled,0,FALSE,0,NO ERROR,11.279297,0.000000,-6000.000000,-6000.000000,Speed,Speed,0.310000,0.990000,2.110000,1.000000,107.000000,1,0,-0.000000,0.000000,1,-0.003281,-0.058228,0.000000,23.364685,15.518875,0.000000,0.011000,-0.029000,0.009000,FlatInitial,ResetBack,0,-0.828125,0.310000