Time,RobotMode,AutoToRun,ErrorStatus, ErrorCode,ErrorSource,ActualRPM1,ActualRPM2,DesiredRPM1,DesiredRPM2,ControlMode1,ControlMode2,NavXYaw,NavXRoll,NavXPitch,ShooterState,LoopTime,IsLevel,IsAutoTargeting,LeftMotorOutput,RightMotorOutput,IsHaloDrive,NavXVelocityX,NavXVelocityY,NavXVelocityZ,NavXDisplacementX,NavXDisplacementY,NavXDisplacementZ,NavXAccelerationX,NavXAccelerationY,NavXAccelerationZ,AutoDefendState,AngeMotorState,Photoeye
06:46:09.595 PM 02/16/2016,Teleop Enabled,0,TRUE,91,Variant To Data in WPI_DigitalInputRefNum Registry Get.vi->Periodic Tasks.vi->Robot Main.vi,0.000000,0.000000,-6000.000000,-6000.000000,Speed,Speed,0.800000,0.750000,1.770000,1.000000,101.000000,1,0,-0.000000,0.000000,1,0.000000,0.000000,0.000000,0.004303,-0.002792,0.000000,0.000000,-0.004000,0.007000,FlatInitial,ResetForward,1
06:46:09.696 PM 02/16/2016,Teleop Enabled,0,TRUE,-44007,<LOCATION>WPI_DigitalInputRefNum Registry Get.vi<CALLSTACK>WPI_DigitalInputRefNum Registry Get.vi< <Periodic Tasks.vi< <Robot Main.vi,-640.136719,420.117188,-6000.000000,-6000.000000,Speed,Speed,0.800000,0.750000,1.760000,1.000000,103.000000,1,0,-0.000000,0.000000,1,0.000000,0.000000,0.000000,0.004303,-0.002792,0.000000,0.012000,0.000000,0.007000,FlatInitial,ResetForward,1
06:46:09.797 PM 02/16/2016,Teleop Enabled,0,TRUE,-44003,<LOCATION>WPI_CameraIssue HTTP Request with Authentication.vi<CALLSTACK>WPI_CameraIssue HTTP Request with Authentication.vi< <WPI_CameraIssue Get.vi< <WPI_CameraSet Image Appearance Property.vi< <WPI_CameraSet Image Size.vi< <Vision Processing.vi< <Robot Main.vi,-2434.423828,420.117188,-6000.000000,-6000.000000,Speed,Speed,0.800000,0.720000,1.780000,1.000000,102.000000,1,0,-0.000000,0.000000,1,-0.013657,-0.004395,0.000000,0.003998,-0.002823,0.000000,0.004000,0.045000,-0.024000,FlatInitial,ResetForward,1
06:46:09.898 PM 02/16/2016,Teleop Enabled,0,FALSE,0,NO ERROR,-2434.423828,3769.482422,-6000.000000,-6000.000000,Speed,Speed,0.830000,0.700000,1.750000,1.000000,101.000000,1,0,-0.000000,0.000000,1,-0.008377,-0.005783,0.000000,0.003632,-0.002792,0.000000,0.000000,0.018000,-0.019000,FlatInitial,ResetForward,1
06:46:09.999 PM 02/16/2016,Teleop Enabled,0,FALSE,0,NO ERROR,-4913.671875,3769.482422,-6000.000000,-6000.000000,Speed,Speed,0.800000,0.720000,1.840000,1.000000,102.000000,1,0,-0.000000,0.000000,1,-0.008957,0.020615,0.000000,0.003311,-0.002411,0.000000,-0.034000,0.057000,0.090000,FlatInitial,ResetForward,1
06:46:10.099 PM 02/16/2016,Teleop Enabled,0,FALSE,0,NO ERROR,-5590.429688,4993.945312,-6000.000000,-6000.000000,Speed,Speed,0.810000,0.730000,1.790000,1.000000,101.000000,1,0,-0.000000,0.000000,1,0.005814,0.023453,0.000000,0.003311,-0.001068,0.000000,-0.053000,-0.031000,0.000000,FlatInitial,ResetForward,1
06:46:10.200 PM 02/16/2016,Teleop Enabled,0,FALSE,0,NO ERROR,-5830.664062,5565.234375,-6000.000000,-6000.000000,Speed,Speed,0.810000,0.710000,1.760000,1.000000,100.000000,1,0,-0.000000,0.000000,1,0.000000,0.056366,0.000000,0.003662,0.000473,0.000000,-0.007000,0.048000,-0.049000,FlatInitial,ResetForward,1
06:46:10.300 PM 02/16/2016,Teleop Enabled,0,FALSE,0,NO ERROR,-5896.289062,5777.929688,-6000.000000,-6000.000000,Speed,Speed,0.810000,0.740000,1.760000,1.000000,101.000000,1,0,-0.000000,0.000000,1,-0.014786,0.089554,0.000000,0.003250,0.004288,0.000000,-0.036000,-0.033000,0.162000,FlatInitial,ResetForward,1
06:46:10.400 PM 02/16/2016,Teleop Enabled,0,FALSE,0,NO ERROR,-5920.898438,5796.679688,-6000.000000,-6000.000000,Speed,Speed,0.810000,0.680000,1.750000,1.000000,101.000000,1,0,-0.000000,0.000000,1,-0.042603,0.062668,0.000000,0.001297,0.007828,0.000000,0.009000,0.045000,0.328000,FlatInitial,ResetForward,1
06:46:10.500 PM 02/16/2016,Teleop Enabled,0,FALSE,0,NO ERROR,-5942.578125,5814.843750,-6000.000000,-6000.000000,Speed,Speed,0.800000,0.750000,1.760000,1.000000,100.000000,1,0,-0.000000,0.000000,1,-0.024368,0.058594,0.000000,0.000473,0.011261,0.000000,-0.042000,-0.082000,0.176000,FlatInitial,ResetForward,1
06:46:10.600 PM 02/16/2016,Teleop Enabled,0,FALSE,0,NO ERROR,-5942.578125,5851.171875,-6000.000000,-6000.000000,Speed,Speed,0.820000,0.730000,1.670000,1.000000,101.000000,1,0,-0.000000,0.000000,1,-0.101379,0.069397,0.000000,-0.003036,0.014206,0.000000,-0.042000,0.007000,0.027000,FlatInitial,ResetForward,1
06:46:10.700 PM 02/16/2016,Teleop Enabled,0,FALSE,0,NO ERROR,-5967.187500,5913.281250,-6000.000000,-6000.000000,Speed,Speed,0.800000,0.790000,1.740000,1.000000,101.000000,1,0,-0.000000,0.000000,1,-0.141830,0.000000,0.000000,-0.009338,0.016037,0.000000,-0.027000,-0.016000,-0.092000,FlatInitial,ResetForward,1
06:46:10.801 PM 02/16/2016,Teleop Disabled,0,FALSE,0,NO ERROR,-5987.109375,5962.500000,-6000.000000,-6000.000000,Speed,Speed,0.810000,0.780000,1.900000,1.000000,101.000000,1,0,-0.000000,0.000000,1,-0.201065,-0.003433,0.000000,-0.018082,0.016052,0.000000,-0.058000,-0.035000,-0.061000,FlatInitial,ResetForward,1
06:46:10.901 PM 02/16/2016,Teleop Disabled,0,FALSE,0,NO ERROR,-5960.742188,5932.031250,-6000.000000,-6000.000000,Speed,Speed,0.800000,0.760000,1.960000,1.000000,100.000000,1,0,-0.000000,0.000000,1,-0.271820,0.008865,0.000000,-0.030075,0.016037,0.000000,-0.083000,0.036000,-0.069000,FlatInitial,ResetForward,1
06:46:11.000 PM 02/16/2016,Teleop Disabled,0,FALSE,0,NO ERROR,-5688.867188,5422.265625,-6000.000000,-6000.000000,Speed,Speed,0.790000,0.720000,1.990000,1.000000,101.000000,1,0,-0.000000,0.000000,1,-0.316467,0.043350,0.000000,-0.045334,0.017181,0.000000,0.037000,0.045000,-0.175000,FlatInitial,ResetForward,1
06:46:11.101 PM 02/16/2016,Teleop Disabled,0,FALSE,0,NO ERROR,-5199.023438,4726.025391,-6000.000000,-6000.000000,Speed,Speed,0.790000,0.710000,1.860000,1.000000,101.000000,1,0,-0.000000,0.000000,1,-0.318100,0.037582,0.000000,-0.060669,0.019714,0.000000,-0.008000,-0.053000,0.015000,FlatInitial,ResetForward,1
06:46:11.201 PM 02/16/2016,Teleop Disabled,0,FALSE,0,NO ERROR,-4719.433594,4184.179688,-6000.000000,-6000.000000,Speed,Speed,0.810000,0.650000,1.850000,1.000000,101.000000,1,0,-0.000000,0.000000,1,-0.336639,0.018280,0.000000,-0.077164,0.020996,0.000000,-0.037000,0.023000,-0.062000,FlatInitial,ResetForward,1
06:46:11.302 PM 02/16/2016,Teleop Disabled,0,FALSE,0,NO ERROR,-4253.173828,3521.777344,-6000.000000,-6000.000000,Speed,Speed,0.800000,0.670000,1.820000,1.000000,101.000000,1,0,-0.000000,0.000000,1,-0.337646,-0.001862,0.000000,-0.094009,0.021484,0.000000,0.007000,-0.004000,0.022000,FlatInitial,ResetForward,1
06:46:11.402 PM 02/16/2016,Teleop Disabled,0,FALSE,0,NO ERROR,-3808.740234,2883.837891,-6000.000000,-6000.000000,Speed,Speed,0.800000,0.670000,1.820000,1.000000,101.000000,1,0,-0.000000,0.000000,1,-0.013550,-0.007675,0.000000,-0.101074,0.021378,0.000000,-0.062000,-0.025000,-0.022000,FlatInitial,ResetForward,1
06:46:11.501 PM 02/16/2016,Teleop Disabled,0,FALSE,0,NO ERROR,-3379.101562,2282.519531,-6000.000000,-6000.000000,Speed,Speed,0.790000,0.700000,1.810000,1.000000,102.000000,1,0,-0.000000,0.000000,1,-0.016464,-0.018661,0.000000,-0.102051,0.020523,0.000000,-0.034000,-0.006000,0.026000,FlatInitial,ResetForward,1
06:46:11.602 PM 02/16/2016,Teleop Disabled,0,FALSE,0,NO ERROR,-2969.677734,1714.306641,-6000.000000,-6000.000000,Speed,Speed,0.800000,0.710000,1.840000,1.000000,102.000000,1,0,-0.000000,0.000000,1,-0.000717,0.000000,0.000000,-0.102661,0.020676,0.000000,0.022000,0.006000,-0.063000,FlatInitial,ResetForward,1
06:46:11.702 PM 02/16/2016,Teleop Disabled,0,FALSE,0,NO ERROR,-2653.125000,1301.806641,-6000.000000,-6000.000000,Speed,Speed,0.790000,0.700000,1.810000,1.000000,101.000000,1,0,-0.000000,0.000000,1,0.000000,0.000000,0.000000,-0.102615,0.020508,0.000000,-0.007000,-0.017000,-0.004000,FlatInitial,ResetForward,1
06:46:11.802 PM 02/16/2016,Teleop Disabled,0,FALSE,0,NO ERROR,-2274.462891,826.025391,-6000.000000,-6000.000000,Speed,Speed,0.790000,0.700000,1.800000,1.000000,100.000000,1,0,-0.000000,0.000000,1,0.004715,0.000000,0.000000,-0.102631,0.020569,0.000000,0.014000,0.007000,-0.010000,FlatInitial,ResetForward,1
06:46:11.902 PM 02/16/2016,Teleop Disabled,0,FALSE,0,NO ERROR,-1917.626953,424.804688,-6000.000000,-6000.000000,Speed,Speed,0.790000,0.710000,1.780000,1.000000,101.000000,1,0,-0.000000,0.000000,1,0.000000,-0.005585,0.000000,-0.102570,0.020432,0.000000,-0.012000,0.006000,-0.017000,FlatInitial,ResetForward,1
06:46:12.002 PM 02/16/2016,Teleop Disabled,0,FALSE,0,NO ERROR,-1579.833984,122.167969,-6000.000000,-6000.000000,Speed,Speed,0.790000,0.710000,1.790000,1.000000,101.000000,1,0,-0.000000,0.000000,1,0.004333,0.000000,0.000000,-0.102478,0.020355,0.000000,0.006000,-0.008000,0.043000,FlatInitial,ResetForward,1
06:46:12.101 PM 02/16/2016,Teleop Disabled,0,FALSE,0,NO ERROR,-1257.275391,0.732422,-6000.000000,-6000.000000,Speed,Speed,0.790000,0.710000,1.780000,1.000000,103.000000,1,0,-0.000000,0.000000,1,0.000000,0.000000,0.000000,-0.102478,0.020355,0.000000,0.002000,0.001000,0.022000,FlatInitial,ResetForward,1
06:46:12.202 PM 02/16/2016,Teleop Disabled,0,FALSE,0,NO ERROR,-974.121094,0.000000,-6000.000000,-6000.000000,Speed,Speed,0.790000,0.720000,1.780000,1.000000,102.000000,1,0,-0.000000,0.000000,1,0.000000,0.000000,0.000000,-0.102478,0.020355,0.000000,-0.001000,-0.001000,0.023000,FlatInitial,ResetForward,1
06:46:12.302 PM 02/16/2016,Teleop Disabled,0,FALSE,0,NO ERROR,-755.419922,0.000000,-6000.000000,-6000.000000,Speed,Speed,0.790000,0.720000,1.770000,1.000000,101.000000,1,0,-0.000000,0.000000,1,0.000000,0.000000,0.000000,-0.102478,0.020355,0.000000,0.009000,0.000000,0.013000,FlatInitial,ResetForward,1
06:46:12.403 PM 02/16/2016,Teleop Disabled,0,FALSE,0,NO ERROR,-505.078125,0.000000,-6000.000000,-6000.000000,Speed,Speed,0.790000,0.730000,1.770000,1.000000,101.000000,1,0,-0.000000,0.000000,1,0.000000,0.000000,0.000000,-0.102478,0.020355,0.000000,0.003000,-0.010000,0.012000,FlatInitial,ResetForward,1
06:46:12.502 PM 02/16/2016,Teleop Disabled,0,FALSE,0,NO ERROR,-299.853516,0.000000,-6000.000000,-6000.000000,Speed,Speed,0.780000,0.730000,1.760000,1.000000,101.000000,1,0,-0.000000,0.000000,1,0.000000,0.000000,0.000000,-0.102478,0.020355,0.000000,-0.001000,0.000000,0.021000,FlatInitial,ResetForward,1
06:46:12.603 PM 02/16/2016,Teleop Disabled,0,FALSE,0,NO ERROR,-148.828125,0.000000,-6000.000000,-6000.000000,Speed,Speed,0.780000,0.730000,1.760000,1.000000,101.000000,1,0,-0.000000,0.000000,1,0.000000,0.000000,0.000000,-0.102478,0.020355,0.000000,0.000000,-0.002000,0.021000,FlatInitial,ResetForward,1
06:46:12.703 PM 02/16/2016,Teleop Disabled,0,FALSE,0,NO ERROR,-81.298828,0.000000,-6000.000000,-6000.000000,Speed,Speed,0.770000,0.730000,1.760000,1.000000,101.000000,1,0,-0.000000,0.000000,1,0.000000,0.000000,0.000000,-0.102478,0.020355,0.000000,0.000000,0.001000,0.014000,FlatInitial,ResetForward,1
06:46:12.803 PM 02/16/2016,Teleop Disabled,0,FALSE,0,NO ERROR,-40.283203,0.000000,-6000.000000,-6000.000000,Speed,Speed,0.770000,0.730000,1.750000,1.000000,101.000000,1,0,-0.000000,0.000000,1,0.000000,0.000000,0.000000,-0.102478,0.020355,0.000000,0.001000,0.000000,0.010000,FlatInitial,ResetForward,1
06:46:12.903 PM 02/16/2016,Teleop Disabled,0,FALSE,0,NO ERROR,-38.525391,0.000000,-6000.000000,-6000.000000,Speed,Speed,0.780000,0.730000,1.750000,1.000000,104.000000,1,0,-0.000000,0.000000,1,0.000000,0.000000,0.000000,-0.102478,0.020355,0.000000,0.000000,0.000000,0.011000,FlatInitial,ResetForward,1
06:46:13.003 PM 02/16/2016,Teleop Disabled,0,FALSE,0,NO ERROR,-33.105469,0.000000,-6000.000000,-6000.000000,Speed,Speed,0.770000,0.730000,1.740000,1.000000,100.000000,1,0,-0.000000,0.000000,1,0.000000,0.000000,0.000000,-0.102478,0.020355,0.000000,0.001000,-0.001000,0.009000,FlatInitial,ResetForward,1
06:46:13.103 PM 02/16/2016,Teleop Disabled,0,FALSE,0,NO ERROR,-18.896484,0.000000,-6000.000000,-6000.000000,Speed,Speed,0.770000,0.740000,1.740000,1.000000,102.000000,1,0,-0.000000,0.000000,1,0.000000,0.000000,0.000000,-0.102478,0.020355,0.000000,0.000000,-0.002000,0.005000,FlatInitial,ResetForward,1
06:46:13.203 PM 02/16/2016,Teleop Disabled,0,FALSE,0,NO ERROR,-9.521484,0.000000,-6000.000000,-6000.000000,Speed,Speed,0.770000,0.740000,1.740000,1.000000,102.000000,1,0,-0.000000,0.000000,1,0.000000,0.000000,0.000000,-0.102478,0.020355,0.000000,0.002000,0.000000,0.005000,FlatInitial,ResetForward,1
06:46:13.303 PM 02/16/2016,Teleop Disabled,0,FALSE,0,NO ERROR,-10.546875,0.000000,-6000.000000,-6000.000000,Speed,Speed,0.770000,0.750000,1.740000,1.000000,101.000000,1,0,-0.000000,0.000000,1,0.000000,0.000000,0.000000,-0.102478,0.020355,0.000000,0.000000,-0.002000,0.010000,FlatInitial,ResetForward,1
06:46:13.403 PM 02/16/2016,Teleop Disabled,0,FALSE,0,NO ERROR,-12.011719,0.000000,-6000.000000,-6000.000000,Speed,Speed,0.770000,0.750000,1.740000,1.000000,101.000000,1,0,-0.000000,0.000000,1,0.000000,0.000000,0.000000,-0.102478,0.020355,0.000000,0.000000,0.000000,0.009000,FlatInitial,ResetForward,1
06:46:13.503 PM 02/16/2016,Teleop Disabled,0,FALSE,0,NO ERROR,-2.197266,0.000000,-6000.000000,-6000.000000,Speed,Speed,0.770000,0.750000,1.740000,1.000000,101.000000,1,0,-0.000000,0.000000,1,0.000000,0.000000,0.000000,-0.102478,0.020355,0.000000,0.001000,0.001000,0.007000,FlatInitial,ResetForward,1
06:46:13.603 PM 02/16/2016,Teleop Disabled,0,FALSE,0,NO ERROR,0.000000,0.000000,-6000.000000,-6000.000000,Speed,Speed,0.770000,0.750000,1.730000,1.000000,103.000000,1,0,-0.000000,0.000000,1,0.000000,0.000000,0.000000,-0.102478,0.020355,0.000000,0.000000,-0.002000,0.009000,FlatInitial,ResetForward,1
06:46:13.703 PM 02/16/2016,Teleop Disabled,0,FALSE,0,NO ERROR,-0.146484,0.000000,-6000.000000,-6000.000000,Speed,Speed,0.770000,0.750000,1.730000,1.000000,101.000000,1,0,-0.000000,0.000000,1,0.000000,0.000000,0.000000,-0.102478,0.020355,0.000000,0.002000,-0.001000,0.008000,FlatInitial,ResetForward,1
06:46:13.803 PM 02/16/2016,Teleop Disabled,0,FALSE,0,NO ERROR,-0.292969,0.000000,-6000.000000,-6000.000000,Speed,Speed,0.770000,0.750000,1.730000,1.000000,101.000000,1,0,-0.000000,0.000000,1,0.000000,0.000000,0.000000,-0.102478,0.020355,0.000000,0.003000,-0.002000,0.007000,FlatInitial,ResetForward,1
06:46:13.902 PM 02/16/2016,Teleop Disabled,0,FALSE,0,NO ERROR,-0.292969,0.000000,-6000.000000,-6000.000000,Speed,Speed,0.770000,0.760000,1.730000,1.000000,101.000000,1,0,-0.000000,0.000000,1,0.000000,0.000000,0.000000,-0.102478,0.020355,0.000000,0.000000,0.000000,0.008000,FlatInitial,ResetForward,1
06:46:14.003 PM 02/16/2016,Teleop Disabled,0,FALSE,0,NO ERROR,-0.292969,0.000000,-6000.000000,-6000.000000,Speed,Speed,0.760000,0.770000,1.720000,1.000000,102.000000,1,0,-0.000000,0.000000,1,0.000000,0.000000,0.000000,-0.102478,0.020355,0.000000,0.000000,0.001000,0.005000,FlatInitial,ResetForward,1
06:46:14.103 PM 02/16/2016,Teleop Disabled,0,FALSE,0,NO ERROR,-0.146484,0.000000,-6000.000000,-6000.000000,Speed,Speed,0.760000,0.770000,1.720000,1.000000,102.000000,1,0,-0.000000,0.000000,1,0.000000,0.000000,0.000000,-0.102478,0.020355,0.000000,-0.001000,0.001000,0.009000,FlatInitial,ResetForward,1
06:46:14.203 PM 02/16/2016,Teleop Disabled,0,FALSE,0,NO ERROR,-0.146484,0.000000,-6000.000000,-6000.000000,Speed,Speed,0.760000,0.770000,1.720000,1.000000,101.000000,1,0,-0.000000,0.000000,1,0.000000,0.000000,0.000000,-0.102478,0.020355,0.000000,0.001000,0.001000,0.003000,FlatInitial,ResetForward,1
06:46:14.303 PM 02/16/2016,Teleop Disabled,0,FALSE,0,NO ERROR,-0.146484,0.000000,-6000.000000,-6000.000000,Speed,Speed,0.770000,0.760000,1.710000,1.000000,102.000000,1,0,-0.000000,0.000000,1,0.000000,0.000000,0.000000,-0.102478,0.020355,0.000000,0.000000,0.000000,0.006000,FlatInitial,ResetForward,1
06:46:14.402 PM 02/16/2016,Teleop Disabled,0,FALSE,0,NO ERROR,-0.146484,0.000000,-6000.000000,-6000.000000,Speed,Speed,0.760000,0.770000,1.710000,1.000000,102.000000,1,0,-0.000000,0.000000,1,0.000000,0.000000,0.000000,-0.102478,0.020355,0.000000,-0.001000,-0.001000,0.005000,FlatInitial,ResetForward,1
06:46:14.503 PM 02/16/2016,Teleop Disabled,0,FALSE,0,NO ERROR,-0.146484,0.000000,-6000.000000,-6000.000000,Speed,Speed,0.760000,0.770000,1.710000,1.000000,103.000000,1,0,-0.000000,0.000000,1,0.000000,0.000000,0.000000,-0.102478,0.020355,0.000000,-0.002000,0.000000,0.011000,FlatInitial,ResetForward,1
06:46:14.603 PM 02/16/2016,Teleop Disabled,0,FALSE,0,NO ERROR,-0.146484,0.000000,-6000.000000,-6000.000000,Speed,Speed,0.760000,0.770000,1.720000,1.000000,103.000000,1,0,-0.000000,0.000000,1,0.000000,0.000000,0.000000,-0.102478,0.020355,0.000000,-0.002000,0.000000,0.008000,FlatInitial,ResetForward,1
06:46:14.703 PM 02/16/2016,Teleop Disabled,0,FALSE,0,NO ERROR,0.000000,0.000000,-6000.000000,-6000.000000,Speed,Speed,0.770000,0.760000,1.710000,1.000000,101.000000,1,0,-0.000000,0.000000,1,0.000000,0.000000,0.000000,-0.102478,0.020355,0.000000,0.000000,0.000000,0.005000,FlatInitial,ResetForward,1
06:46:14.804 PM 02/16/2016,Teleop Disabled,0,FALSE,0,NO ERROR,0.000000,0.000000,-6000.000000,-6000.000000,Speed,Speed,0.770000,0.760000,1.710000,1.000000,102.000000,1,0,-0.000000,0.000000,1,0.000000,0.000000,0.000000,-0.102478,0.020355,0.000000,-0.001000,0.000000,0.010000,FlatInitial,ResetForward,1
06:46:14.904 PM 02/16/2016,Teleop Disabled,0,FALSE,0,NO ERROR,0.000000,0.000000,-6000.000000,-6000.000000,Speed,Speed,0.770000,0.760000,1.710000,1.000000,103.000000,1,0,-0.000000,0.000000,1,0.000000,0.000000,0.000000,-0.102478,0.020355,0.000000,-0.001000,0.000000,0.010000,FlatInitial,ResetForward,1
06:46:15.005 PM 02/16/2016,Teleop Disabled,0,FALSE,0,NO ERROR,0.000000,0.000000,-6000.000000,-6000.000000,Speed,Speed,0.770000,0.760000,1.710000,1.000000,102.000000,1,0,-0.000000,0.000000,1,0.000000,0.000000,0.000000,-0.102478,0.020355,0.000000,0.001000,0.000000,0.010000,FlatInitial,ResetForward,1
06:46:15.106 PM 02/16/2016,Teleop Disabled,0,FALSE,0,NO ERROR,0.000000,0.000000,-6000.000000,-6000.000000,Speed,Speed,0.760000,0.770000,1.710000,1.000000,102.000000,1,0,-0.000000,0.000000,1,0.000000,0.000000,0.000000,-0.102478,0.020355,0.000000,0.001000,0.000000,0.008000,FlatInitial,ResetForward,1
06:46:15.207 PM 02/16/2016,Teleop Disabled,0,FALSE,0,NO ERROR,0.000000,0.000000,-6000.000000,-6000.000000,Speed,Speed,0.770000,0.760000,1.710000,1.000000,102.000000,1,0,-0.000000,0.000000,1,0.000000,0.000000,0.000000,-0.102478,0.020355,0.000000,0.000000,-0.001000,0.007000,FlatInitial,ResetForward,1
06:46:15.308 PM 02/16/2016,Teleop Disabled,0,FALSE,0,NO ERROR,0.000000,0.000000,-6000.000000,-6000.000000,Speed,Speed,0.770000,0.760000,1.710000,1.000000,102.000000,1,0,-0.000000,0.000000,1,0.000000,0.000000,0.000000,-0.102478,0.020355,0.000000,0.001000,0.000000,0.006000,FlatInitial,ResetForward,1
06:46:15.408 PM 02/16/2016,Teleop Disabled,0,FALSE,0,NO ERROR,0.000000,0.000000,-6000.000000,-6000.000000,Speed,Speed,0.770000,0.760000,1.710000,1.000000,100.000000,1,0,-0.000000,0.000000,1,0.000000,0.000000,0.000000,-0.102478,0.020355,0.000000,0.000000,0.000000,0.007000,FlatInitial,ResetForward,1
06:46:15.508 PM 02/16/2016,Teleop Disabled,0,FALSE,0,NO ERROR,-0.146484,0.000000,-6000.000000,-6000.000000,Speed,Speed,0.770000,0.760000,1.710000,1.000000,102.000000,1,0,-0.000000,0.000000,1,0.000000,0.000000,0.000000,-0.102478,0.020355,0.000000,0.000000,0.000000,0.007000,FlatInitial,ResetForward,1
06:46:15.608 PM 02/16/2016,Teleop Disabled,0,FALSE,0,NO ERROR,0.000000,0.000000,-6000.000000,-6000.000000,Speed,Speed,0.770000,0.760000,1.720000,1.000000,102.000000,1,0,-0.000000,0.000000,1,0.000000,0.000000,0.000000,-0.102478,0.020355,0.000000,0.000000,0.001000,0.009000,FlatInitial,ResetForward,1
06:46:15.709 PM 02/16/2016,Teleop Disabled,0,FALSE,0,NO ERROR,0.000000,0.000000,-6000.000000,-6000.000000,Speed,Speed,0.760000,0.770000,1.720000,1.000000,101.000000,1,0,-0.000000,0.000000,1,0.000000,0.000000,0.000000,-0.102478,0.020355,0.000000,-0.001000,0.000000,0.009000,FlatInitial,ResetForward,1
06:46:15.810 PM 02/16/2016,Teleop Disabled,0,FALSE,0,NO ERROR,0.000000,0.000000,-6000.000000,-6000.000000,Speed,Speed,0.770000,0.760000,1.710000,1.000000,105.000000,1,0,-0.000000,0.000000,1,0.000000,0.000000,0.000000,-0.102478,0.020355,0.000000,0.001000,0.001000,0.009000,FlatInitial,ResetForward,1
06:46:15.909 PM 02/16/2016,Teleop Disabled,0,FALSE,0,NO ERROR,0.000000,0.000000,-6000.000000,-6000.000000,Speed,Speed,0.770000,0.760000,1.710000,1.000000,101.000000,1,0,-0.000000,0.000000,1,0.000000,0.000000,0.000000,-0.102478,0.020355,0.000000,0.000000,0.000000,0.005000,FlatInitial,ResetForward,1
06:46:16.009 PM 02/16/2016,Teleop Disabled,0,FALSE,0,NO ERROR,0.000000,0.000000,-6000.000000,-6000.000000,Speed,Speed,0.770000,0.760000,1.710000,1.000000,101.000000,1,0,-0.000000,0.000000,1,0.000000,0.000000,0.000000,-0.102478,0.020355,0.000000,0.000000,0.000000,0.009000,FlatInitial,ResetForward,1
06:46:16.110 PM 02/16/2016,Teleop Disabled,0,FALSE,0,NO ERROR,0.000000,0.000000,-6000.000000,-6000.000000,Speed,Speed,0.770000,0.760000,1.710000,1.000000,102.000000,1,0,-0.000000,0.000000,1,0.000000,0.000000,0.000000,-0.102478,0.020355,0.000000,0.002000,-0.004000,0.009000,FlatInitial,ResetForward,1
06:46:16.211 PM 02/16/2016,Teleop Disabled,0,FALSE,0,NO ERROR,0.000000,0.000000,-6000.000000,-6000.000000,Speed,Speed,0.770000,0.760000,1.710000,1.000000,100.000000,1,0,-0.000000,0.000000,1,0.000000,0.000000,0.000000,-0.102478,0.020355,0.000000,0.001000,0.000000,0.003000,FlatInitial,ResetForward,1
06:46:16.310 PM 02/16/2016,Teleop Disabled,0,FALSE,0,NO ERROR,0.000000,0.000000,-6000.000000,-6000.000000,Speed,Speed,0.770000,0.760000,1.710000,1.000000,101.000000,1,0,-0.000000,0.000000,1,0.000000,0.000000,0.000000,-0.102478,0.020355,0.000000,-0.001000,0.000000,0.006000,FlatInitial,ResetForward,1
06:46:16.410 PM 02/16/2016,Teleop Disabled,0,FALSE,0,NO ERROR,0.000000,0.000000,-6000.000000,-6000.000000,Speed,Speed,0.760000,0.770000,1.710000,1.000000,102.000000,1,0,-0.000000,0.000000,1,0.000000,0.000000,0.000000,-0.102478,0.020355,0.000000,-0.002000,0.000000,0.009000,FlatInitial,ResetForward,1
06:46:16.511 PM 02/16/2016,Teleop Disabled,0,FALSE,0,NO ERROR,0.000000,0.000000,-6000.000000,-6000.000000,Speed,Speed,0.770000,0.760000,1.710000,1.000000,101.000000,1,0,-0.000000,0.000000,1,0.000000,0.000000,0.000000,-0.102478,0.020355,0.000000,-0.001000,0.001000,0.010000,FlatInitial,ResetForward,1
06:46:16.610 PM 02/16/2016,Teleop Disabled,0,FALSE,0,NO ERROR,0.000000,0.000000,-6000.000000,-6000.000000,Speed,Speed,0.770000,0.760000,1.710000,1.000000,103.000000,1,0,-0.000000,0.000000,1,0.000000,0.000000,0.000000,-0.102478,0.020355,0.000000,-0.001000,0.001000,0.009000,FlatInitial,ResetForward,1
06:46:16.711 PM 02/16/2016,Teleop Disabled,0,FALSE,0,NO ERROR,0.000000,0.000000,-6000.000000,-6000.000000,Speed,Speed,0.770000,0.760000,1.710000,1.000000,103.000000,1,0,-0.000000,0.000000,1,0.000000,0.000000,0.000000,-0.102478,0.020355,0.000000,0.000000,0.001000,0.008000,FlatInitial,ResetForward,1
06:46:16.811 PM 02/16/2016,Teleop Disabled,0,FALSE,0,NO ERROR,0.000000,0.000000,-6000.000000,-6000.000000,Speed,Speed,0.770000,0.760000,1.710000,1.000000,103.000000,1,0,-0.000000,0.000000,1,0.000000,0.000000,0.000000,-0.102478,0.020355,0.000000,-0.001000,0.000000,0.009000,FlatInitial,ResetForward,1
06:46:16.911 PM 02/16/2016,Teleop Disabled,0,FALSE,0,NO ERROR,0.000000,0.000000,-6000.000000,-6000.000000,Speed,Speed,0.770000,0.760000,1.710000,1.000000,101.000000,1,0,-0.000000,0.000000,1,0.000000,0.000000,0.000000,-0.102478,0.020355,0.000000,0.000000,-0.001000,0.009000,FlatInitial,ResetForward,1
06:46:17.010 PM 02/16/2016,Teleop Disabled,0,FALSE,0,NO ERROR,0.000000,0.000000,-6000.000000,-6000.000000,Speed,Speed,0.770000,0.760000,1.710000,1.000000,103.000000,1,0,-0.000000,0.000000,1,0.000000,0.000000,0.000000,-0.102478,0.020355,0.000000,0.000000,0.001000,0.012000,FlatInitial,ResetForward,1
06:46:17.111 PM 02/16/2016,Teleop Disabled,0,FALSE,0,NO ERROR,0.000000,0.000000,-6000.000000,-6000.000000,Speed,Speed,0.770000,0.760000,1.710000,1.000000,102.000000,1,0,-0.000000,0.000000,1,0.000000,0.000000,0.000000,-0.102478,0.020355,0.000000,0.001000,-0.002000,0.006000,FlatInitial,ResetForward,1
06:46:17.211 PM 02/16/2016,Teleop Disabled,0,FALSE,0,NO ERROR,0.000000,0.000000,-6000.000000,-6000.000000,Speed,Speed,0.770000,0.760000,1.710000,1.000000,103.000000,1,0,-0.000000,0.000000,1,0.000000,0.000000,0.000000,-0.102478,0.020355,0.000000,0.000000,0.003000,0.005000,FlatInitial,ResetForward,1
06:46:17.312 PM 02/16/2016,Teleop Disabled,0,FALSE,0,NO ERROR,0.000000,0.000000,-6000.000000,-6000.000000,Speed,Speed,0.770000,0.760000,1.710000,1.000000,101.000000,1,0,-0.000000,0.000000,1,0.000000,0.000000,0.000000,-0.102478,0.020355,0.000000,0.000000,-0.001000,0.010000,FlatInitial,ResetForward,1
06:46:17.413 PM 02/16/2016,Teleop Disabled,0,FALSE,0,NO ERROR,0.000000,0.000000,-6000.000000,-6000.000000,Speed,Speed,0.770000,0.760000,1.710000,1.000000,105.000000,1,0,-0.000000,0.000000,1,0.000000,0.000000,0.000000,-0.102478,0.020355,0.000000,0.001000,-0.001000,0.008000,FlatInitial,ResetForward,1
06:46:17.513 PM 02/16/2016,Teleop Disabled,0,FALSE,0,NO ERROR,0.000000,0.000000,-6000.000000,-6000.000000,Speed,Speed,0.770000,0.760000,1.700000,1.000000,101.000000,1,0,-0.000000,0.000000,1,0.000000,0.000000,0.000000,-0.102478,0.020355,0.000000,0.000000,0.000000,0.010000,FlatInitial,ResetForward,1
06:46:17.614 PM 02/16/2016,Teleop Disabled,0,FALSE,0,NO ERROR,0.000000,0.000000,-6000.000000,-6000.000000,Speed,Speed,0.760000,0.760000,1.710000,1.000000,101.000000,1,0,-0.000000,0.000000,1,0.000000,0.000000,0.000000,-0.102478,0.020355,0.000000,0.000000,-0.003000,0.005000,FlatInitial,ResetForward,1
06:46:17.714 PM 02/16/2016,Teleop Disabled,0,FALSE,0,NO ERROR,0.000000,0.000000,-6000.000000,-6000.000000,Speed,Speed,0.770000,0.760000,1.710000,1.000000,101.000000,1,0,-0.000000,0.000000,1,0.000000,0.000000,0.000000,-0.102478,0.020355,0.000000,0.000000,0.000000,0.014000,FlatInitial,ResetForward,1
06:46:17.814 PM 02/16/2016,Teleop Disabled,0,FALSE,0,NO ERROR,0.000000,0.000000,-6000.000000,-6000.000000,Speed,Speed,0.770000,0.760000,1.710000,1.000000,103.000000,1,0,-0.000000,0.000000,1,0.000000,0.000000,0.000000,-0.102478,0.020355,0.000000,0.000000,0.000000,0.008000,FlatInitial,ResetForward,1
06:46:17.915 PM 02/16/2016,Teleop Disabled,0,FALSE,0,NO ERROR,0.000000,0.000000,-6000.000000,-6000.000000,Speed,Speed,0.770000,0.760000,1.710000,1.000000,101.000000,1,0,-0.000000,0.000000,1,0.000000,0.000000,0.000000,-0.102478,0.020355,0.000000,-0.002000,0.002000,0.001000,FlatInitial,ResetForward,1
06:46:18.015 PM 02/16/2016,Teleop Disabled,0,FALSE,0,NO ERROR,0.000000,0.000000,-6000.000000,-6000.000000,Speed,Speed,0.770000,0.760000,1.700000,1.000000,101.000000,1,0,-0.000000,0.000000,1,0.000000,0.000000,0.000000,-0.102478,0.020355,0.000000,-0.001000,0.000000,0.006000,FlatInitial,ResetForward,1
06:46:18.115 PM 02/16/2016,Teleop Disabled,0,FALSE,0,NO ERROR,0.000000,0.000000,-6000.000000,-6000.000000,Speed,Speed,0.770000,0.760000,1.690000,1.000000,102.000000,1,0,-0.000000,0.000000,1,0.000000,0.000000,0.000000,-0.102478,0.020355,0.000000,0.000000,-0.002000,0.009000,FlatInitial,ResetForward,1
06:46:18.215 PM 02/16/2016,Teleop Disabled,0,FALSE,0,NO ERROR,-0.146484,0.000000,-6000.000000,-6000.000000,Speed,Speed,0.770000,0.760000,1.690000,1.000000,101.000000,1,0,-0.000000,0.000000,1,0.000000,0.000000,0.000000,-0.102478,0.020355,0.000000,0.001000,-0.001000,0.007000,FlatInitial,ResetForward,1
06:46:18.315 PM 02/16/2016,Teleop Disabled,0,FALSE,0,NO ERROR,0.000000,0.000000,-6000.000000,-6000.000000,Speed,Speed,0.770000,0.760000,1.690000,1.000000,102.000000,1,0,-0.000000,0.000000,1,0.000000,0.000000,0.000000,-0.102478,0.020355,0.000000,0.000000,0.000000,0.012000,FlatInitial,ResetForward,1
06:46:18.414 PM 02/16/2016,Teleop Disabled,0,FALSE,0,NO ERROR,0.000000,0.000000,-6000.000000,-6000.000000,Speed,Speed,0.770000,0.760000,1.690000,1.000000,101.000000,1,0,-0.000000,0.000000,1,0.000000,0.000000,0.000000,-0.102478,0.020355,0.000000,0.000000,0.000000,0.010000,FlatInitial,ResetForward,1
06:46:18.515 PM 02/16/2016,Teleop Disabled,0,FALSE,0,NO ERROR,0.000000,0.000000,-6000.000000,-6000.000000,Speed,Speed,0.760000,0.770000,1.690000,1.000000,103.000000,1,0,-0.000000,0.000000,1,0.000000,0.000000,0.000000,-0.102478,0.020355,0.000000,0.000000,0.001000,0.007000,FlatInitial,ResetForward,1
06:46:18.615 PM 02/16/2016,Teleop Disabled,0,FALSE,0,NO ERROR,0.000000,0.000000,-6000.000000,-6000.000000,Speed,Speed,0.760000,0.770000,1.690000,1.000000,104.000000,1,0,-0.000000,0.000000,1,0.000000,0.000000,0.000000,-0.102478,0.020355,0.000000,0.000000,0.000000,0.010000,FlatInitial,ResetForward,1
06:46:18.714 PM 02/16/2016,Teleop Disabled,0,FALSE,0,NO ERROR,0.000000,0.000000,-6000.000000,-6000.000000,Speed,Speed,0.760000,0.760000,1.690000,1.000000,101.000000,1,0,-0.000000,0.000000,1,0.000000,0.000000,0.000000,-0.102478,0.020355,0.000000,0.000000,-0.001000,0.005000,FlatInitial,ResetForward,1
06:46:18.814 PM 02/16/2016,Teleop Disabled,0,FALSE,0,NO ERROR,0.000000,0.000000,-6000.000000,-6000.000000,Speed,Speed,0.760000,0.760000,1.690000,1.000000,101.000000,1,0,-0.000000,0.000000,1,0.000000,0.000000,0.000000,-0.102478,0.020355,0.000000,-0.002000,0.000000,0.005000,FlatInitial,ResetForward,1
06:46:18.915 PM 02/16/2016,Teleop Disabled,0,FALSE,0,NO ERROR,0.000000,0.000000,-6000.000000,-6000.000000,Speed,Speed,0.760000,0.760000,1.690000,1.000000,101.000000,1,0,-0.000000,0.000000,1,0.000000,0.000000,0.000000,-0.102478,0.020355,0.000000,0.000000,-0.001000,0.005000,FlatInitial,ResetForward,1
06:46:19.015 PM 02/16/2016,Teleop Disabled,0,FALSE,0,NO ERROR,0.000000,0.000000,-6000.000000,-6000.000000,Speed,Speed,0.750000,0.770000,1.690000,1.000000,102.000000,1,0,-0.000000,0.000000,1,0.000000,0.000000,0.000000,-0.102478,0.020355,0.000000,0.000000,-0.001000,0.005000,FlatInitial,ResetForward,1
06:46:19.116 PM 02/16/2016,Teleop Disabled,0,FALSE,0,NO ERROR,0.000000,0.000000,-6000.000000,-6000.000000,Speed,Speed,0.750000,0.770000,1.690000,1.000000,101.000000,1,0,-0.000000,0.000000,1,0.000000,0.000000,0.000000,-0.102478,0.020355,0.000000,-0.001000,-0.001000,0.009000,FlatInitial,ResetForward,1
06:46:19.216 PM 02/16/2016,Teleop Disabled,0,FALSE,0,NO ERROR,0.000000,0.000000,-6000.000000,-6000.000000,Speed,Speed,0.750000,0.770000,1.690000,1.000000,102.000000,1,0,-0.000000,0.000000,1,0.000000,0.000000,0.000000,-0.102478,0.020355,0.000000,0.002000,0.000000,0.012000,FlatInitial,ResetForward,1
06:46:19.316 PM 02/16/2016,Teleop Disabled,0,FALSE,0,NO ERROR,0.000000,0.000000,-6000.000000,-6000.000000,Speed,Speed,0.750000,0.770000,1.690000,1.000000,101.000000,1,0,-0.000000,0.000000,1,0.000000,0.000000,0.000000,-0.102478,0.020355,0.000000,-0.001000,-0.002000,0.007000,FlatInitial,ResetForward,1
06:46:19.415 PM 02/16/2016,Teleop Disabled,0,FALSE,0,NO ERROR,0.000000,0.000000,-6000.000000,-6000.000000,Speed,Speed,0.750000,0.770000,1.690000,1.000000,101.000000,1,0,-0.000000,0.000000,1,0.000000,0.000000,0.000000,-0.102478,0.020355,0.000000,0.001000,0.000000,0.009000,FlatInitial,ResetForward,1
06:46:19.515 PM 02/16/2016,Teleop Disabled,0,FALSE,0,NO ERROR,0.000000,0.000000,-6000.000000,-6000.000000,Speed,Speed,0.750000,0.760000,1.690000,1.000000,103.000000,1,0,-0.000000,0.000000,1,0.000000,0.000000,0.000000,-0.102478,0.020355,0.000000,-0.001000,0.000000,0.011000,FlatInitial,ResetForward,1
06:46:19.616 PM 02/16/2016,Teleop Disabled,0,FALSE,0,NO ERROR,0.000000,0.000000,-6000.000000,-6000.000000,Speed,Speed,0.740000,0.760000,1.710000,1.000000,101.000000,1,0,-0.000000,0.000000,1,0.000000,0.000000,0.000000,-0.102478,0.020355,0.000000,0.000000,-0.001000,0.008000,FlatInitial,ResetForward,1
06:46:19.716 PM 02/16/2016,Teleop Disabled,0,FALSE,0,NO ERROR,0.000000,0.000000,-6000.000000,-6000.000000,Speed,Speed,0.740000,0.760000,1.710000,1.000000,102.000000,1,0,-0.000000,0.000000,1,0.000000,0.000000,0.000000,-0.102478,0.020355,0.000000,0.003000,0.000000,0.006000,FlatInitial,ResetForward,1
06:46:19.816 PM 02/16/2016,Teleop Disabled,0,FALSE,0,NO ERROR,0.000000,0.000000,-6000.000000,-6000.000000,Speed,Speed,0.740000,0.760000,1.710000,1.000000,105.000000,1,0,-0.000000,0.000000,1,0.000000,0.000000,0.000000,-0.102478,0.020355,0.000000,0.000000,-0.001000,0.006000,FlatInitial,ResetForward,1
06:46:19.916 PM 02/16/2016,Teleop Disabled,0,FALSE,0,NO ERROR,0.000000,0.000000,-6000.000000,-6000.000000,Speed,Speed,0.740000,0.760000,1.710000,1.000000,104.000000,1,0,-0.000000,0.000000,1,0.000000,0.000000,0.000000,-0.102478,0.020355,0.000000,0.001000,0.003000,0.009000,FlatInitial,ResetForward,1
06:46:20.016 PM 02/16/2016,Teleop Disabled,0,FALSE,0,NO ERROR,0.000000,0.000000,-6000.000000,-6000.000000,Speed,Speed,0.740000,0.760000,1.710000,1.000000,101.000000,1,0,-0.000000,0.000000,1,0.000000,0.000000,0.000000,-0.102478,0.020355,0.000000,-0.001000,0.001000,0.007000,FlatInitial,ResetForward,1
06:46:20.116 PM 02/16/2016,Teleop Disabled,0,FALSE,0,NO ERROR,0.000000,0.000000,-6000.000000,-6000.000000,Speed,Speed,0.740000,0.760000,1.710000,1.000000,101.000000,1,0,-0.000000,0.000000,1,0.000000,0.000000,0.000000,-0.102478,0.020355,0.000000,0.002000,0.001000,0.008000,FlatInitial,ResetForward,1
06:46:20.216 PM 02/16/2016,Teleop Disabled,0,FALSE,0,NO ERROR,0.000000,0.000000,-6000.000000,-6000.000000,Speed,Speed,0.740000,0.760000,1.710000,1.000000,101.000000,1,0,-0.000000,0.000000,1,0.000000,0.000000,0.000000,-0.102478,0.020355,0.000000,-0.001000,0.000000,0.011000,FlatInitial,ResetForward,1
06:46:20.316 PM 02/16/2016,Teleop Disabled,0,FALSE,0,NO ERROR,0.000000,0.000000,-6000.000000,-6000.000000,Speed,Speed,0.740000,0.770000,1.710000,1.000000,102.000000,1,0,-0.000000,0.000000,1,0.000000,0.000000,0.000000,-0.102478,0.020355,0.000000,0.001000,0.000000,0.009000,FlatInitial,ResetForward,1
06:46:20.415 PM 02/16/2016,Teleop Disabled,0,FALSE,0,NO ERROR,0.000000,0.000000,-6000.000000,-6000.000000,Speed,Speed,0.740000,0.760000,1.700000,1.000000,101.000000,1,0,-0.000000,0.000000,1,0.000000,0.000000,0.000000,-0.102478,0.020355,0.000000,-0.001000,0.001000,0.009000,FlatInitial,ResetForward,1
06:46:20.515 PM 02/16/2016,Teleop Disabled,0,FALSE,0,NO ERROR,0.000000,0.000000,-6000.000000,-6000.000000,Speed,Speed,0.740000,0.760000,1.690000,1.000000,101.000000,1,0,-0.000000,0.000000,1,0.000000,0.000000,0.000000,-0.102478,0.020355,0.000000,0.001000,-0.002000,0.004000,FlatInitial,ResetForward,1
06:46:20.616 PM 02/16/2016,Teleop Disabled,0,FALSE,0,NO ERROR,0.000000,0.000000,-6000.000000,-6000.000000,Speed,Speed,0.740000,0.760000,1.690000,1.000000,102.000000,1,0,-0.000000,0.000000,1,0.000000,0.000000,0.000000,-0.102478,0.020355,0.000000,-0.001000,0.001000,0.009000,FlatInitial,ResetForward,1
06:46:20.716 PM 02/16/2016,Teleop Disabled,0,FALSE,0,NO ERROR,0.000000,0.000000,-6000.000000,-6000.000000,Speed,Speed,0.740000,0.760000,1.690000,1.000000,104.000000,1,0,-0.000000,0.000000,1,0.000000,0.000000,0.000000,-0.102478,0.020355,0.000000,-0.001000,0.000000,0.008000,FlatInitial,ResetForward,1
06:46:20.817 PM 02/16/2016,Teleop Disabled,0,FALSE,0,NO ERROR,0.000000,0.000000,-6000.000000,-6000.000000,Speed,Speed,0.740000,0.760000,1.690000,1.000000,104.000000,1,0,-0.000000,0.000000,1,0.000000,0.000000,0.000000,-0.102478,0.020355,0.000000,0.000000,-0.001000,0.009000,FlatInitial,ResetForward,1
06:46:20.917 PM 02/16/2016,Teleop Disabled,0,FALSE,0,NO ERROR,0.000000,0.000000,-6000.000000,-6000.000000,Speed,Speed,0.740000,0.760000,1.690000,1.000000,101.000000,1,0,-0.000000,0.000000,1,0.000000,0.000000,0.000000,-0.102478,0.020355,0.000000,0.000000,-0.001000,0.008000,FlatInitial,ResetForward,1
06:46:21.016 PM 02/16/2016,Teleop Disabled,0,FALSE,0,NO ERROR,0.000000,0.000000,-6000.000000,-6000.000000,Speed,Speed,0.730000,0.760000,1.690000,1.000000,101.000000,1,0,-0.000000,0.000000,1,0.000000,0.000000,0.000000,-0.102478,0.020355,0.000000,0.002000,0.001000,0.006000,FlatInitial,ResetForward,1
06:46:21.117 PM 02/16/2016,Teleop Disabled,0,FALSE,0,NO ERROR,0.000000,0.000000,-6000.000000,-6000.000000,Speed,Speed,0.730000,0.760000,1.690000,1.000000,101.000000,1,0,-0.000000,0.000000,1,0.000000,0.000000,0.000000,-0.102478,0.020355,0.000000,0.000000,0.000000,0.007000,FlatInitial,ResetForward,1
06:46:21.218 PM 02/16/2016,Teleop Disabled,0,FALSE,0,NO ERROR,0.000000,0.000000,-6000.000000,-6000.000000,Speed,Speed,0.730000,0.760000,1.690000,1.000000,102.000000,1,0,-0.000000,0.000000,1,0.000000,0.000000,0.000000,-0.102478,0.020355,0.000000,0.001000,0.000000,0.008000,FlatInitial,ResetForward,1
06:46:21.318 PM 02/16/2016,Teleop Disabled,0,FALSE,0,NO ERROR,0.000000,0.000000,-6000.000000,-6000.000000,Speed,Speed,0.730000,0.770000,1.690000,1.000000,102.000000,1,0,-0.000000,0.000000,1,0.000000,0.000000,0.000000,-0.102478,0.020355,0.000000,0.000000,0.002000,0.009000,FlatInitial,ResetForward,1
06:46:21.417 PM 02/16/2016,Teleop Disabled,0,FALSE,0,NO ERROR,0.000000,0.000000,-6000.000000,-6000.000000,Speed,Speed,0.720000,0.760000,1.690000,1.000000,101.000000,1,0,-0.000000,0.000000,1,0.000000,0.000000,0.000000,-0.102478,0.020355,0.000000,0.000000,0.000000,0.010000,FlatInitial,ResetForward,1
06:46:21.517 PM 02/16/2016,Teleop Disabled,0,FALSE,0,NO ERROR,0.000000,0.000000,-6000.000000,-6000.000000,Speed,Speed,0.720000,0.760000,1.690000,1.000000,102.000000,1,0,-0.000000,0.000000,1,0.000000,0.000000,0.000000,-0.102478,0.020355,0.000000,-0.002000,0.000000,0.012000,FlatInitial,ResetForward,1
06:46:21.617 PM 02/16/2016,Teleop Disabled,0,FALSE,0,NO ERROR,0.000000,0.000000,-6000.000000,-6000.000000,Speed,Speed,0.730000,0.760000,1.690000,1.000000,102.000000,1,0,-0.000000,0.000000,1,0.000000,0.000000,0.000000,-0.102478,0.020355,0.000000,0.003000,-0.001000,0.008000,FlatInitial,ResetForward,1
06:46:21.718 PM 02/16/2016,Teleop Disabled,0,FALSE,0,NO ERROR,0.000000,0.000000,-6000.000000,-6000.000000,Speed,Speed,0.730000,0.760000,1.690000,1.000000,101.000000,1,0,-0.000000,0.000000,1,0.000000,0.000000,0.000000,-0.102478,0.020355,0.000000,0.000000,-0.001000,0.010000,FlatInitial,ResetForward,1
06:46:21.817 PM 02/16/2016,Teleop Disabled,0,FALSE,0,NO ERROR,0.000000,0.000000,-6000.000000,-6000.000000,Speed,Speed,0.730000,0.760000,1.690000,1.000000,103.000000,1,0,-0.000000,0.000000,1,0.000000,0.000000,0.000000,-0.102478,0.020355,0.000000,0.000000,-0.003000,0.004000,FlatInitial,ResetForward,1
06:46:21.917 PM 02/16/2016,Teleop Disabled,0,FALSE,0,NO ERROR,0.000000,0.000000,-6000.000000,-6000.000000,Speed,Speed,0.730000,0.760000,1.690000,1.000000,100.000000,1,0,-0.000000,0.000000,1,0.000000,0.000000,0.000000,-0.102478,0.020355,0.000000,-0.002000,0.000000,0.007000,FlatInitial,ResetForward,1
06:46:22.017 PM 02/16/2016,Teleop Disabled,0,FALSE,0,NO ERROR,0.000000,0.000000,-6000.000000,-6000.000000,Speed,Speed,0.720000,0.760000,1.690000,1.000000,101.000000,1,0,-0.000000,0.000000,1,0.000000,0.000000,0.000000,-0.102478,0.020355,0.000000,-0.001000,0.000000,0.010000,FlatInitial,ResetForward,1
06:46:22.117 PM 02/16/2016,Teleop Disabled,0,FALSE,0,NO ERROR,0.000000,0.000000,-6000.000000,-6000.000000,Speed,Speed,0.720000,0.760000,1.690000,1.000000,102.000000,1,0,-0.000000,0.000000,1,0.000000,0.000000,0.000000,-0.102478,0.020355,0.000000,0.001000,0.000000,0.011000,FlatInitial,ResetForward,1
06:46:22.218 PM 02/16/2016,Teleop Disabled,0,FALSE,0,NO ERROR,0.000000,0.000000,-6000.000000,-6000.000000,Speed,Speed,0.720000,0.760000,1.690000,1.000000,101.000000,1,0,-0.000000,0.000000,1,0.000000,0.000000,0.000000,-0.102478,0.020355,0.000000,-0.001000,-0.001000,0.008000,FlatInitial,ResetForward,1
06:46:22.319 PM 02/16/2016,Teleop Disabled,0,FALSE,0,NO ERROR,0.000000,0.000000,-6000.000000,-6000.000000,Speed,Speed,0.720000,0.760000,1.690000,1.000000,102.000000,1,0,-0.000000,0.000000,1,0.000000,0.000000,0.000000,-0.102478,0.020355,0.000000,-0.002000,0.000000,0.010000,FlatInitial,ResetForward,1
06:46:22.419 PM 02/16/2016,Teleop Disabled,0,FALSE,0,NO ERROR,0.000000,0.000000,-6000.000000,-6000.000000,Speed,Speed,0.720000,0.760000,1.690000,1.000000,101.000000,1,0,-0.000000,0.000000,1,0.000000,0.000000,0.000000,-0.102478,0.020355,0.000000,0.000000,-0.001000,0.004000,FlatInitial,ResetForward,1
06:46:22.519 PM 02/16/2016,Teleop Disabled,0,FALSE,0,NO ERROR,0.000000,0.000000,-6000.000000,-6000.000000,Speed,Speed,0.720000,0.760000,1.690000,1.000000,101.000000,1,0,-0.000000,0.000000,1,0.000000,0.000000,0.000000,-0.102478,0.020355,0.000000,0.000000,0.000000,0.012000,FlatInitial,ResetForward,1
06:46:22.619 PM 02/16/2016,Teleop Disabled,0,FALSE,0,NO ERROR,0.000000,0.000000,-6000.000000,-6000.000000,Speed,Speed,0.720000,0.760000,1.690000,1.000000,102.000000,1,0,-0.000000,0.000000,1,0.000000,0.000000,0.000000,-0.102478,0.020355,0.000000,0.003000,-0.002000,0.010000,FlatInitial,ResetForward,1
06:46:22.719 PM 02/16/2016,Teleop Disabled,0,FALSE,0,NO ERROR,0.000000,0.000000,-6000.000000,-6000.000000,Speed,Speed,0.720000,0.760000,1.690000,1.000000,102.000000,1,0,-0.000000,0.000000,1,0.000000,0.000000,0.000000,-0.102478,0.020355,0.000000,-0.001000,0.001000,0.009000,FlatInitial,ResetForward,1
06:46:22.820 PM 02/16/2016,Teleop Disabled,0,FALSE,0,NO ERROR,0.000000,0.000000,-6000.000000,-6000.000000,Speed,Speed,0.720000,0.760000,1.690000,1.000000,101.000000,1,0,-0.000000,0.000000,1,0.000000,0.000000,0.000000,-0.102478,0.020355,0.000000,0.000000,-0.002000,0.011000,FlatInitial,ResetForward,1
06:46:22.920 PM 02/16/2016,Teleop Disabled,0,FALSE,0,NO ERROR,0.000000,0.000000,-6000.000000,-6000.000000,Speed,Speed,0.720000,0.760000,1.690000,1.000000,102.000000,1,0,-0.000000,0.000000,1,0.000000,0.000000,0.000000,-0.102478,0.020355,0.000000,0.001000,0.000000,0.010000,FlatInitial,ResetForward,1
06:46:23.021 PM 02/16/2016,Teleop Disabled,0,FALSE,0,NO ERROR,0.000000,0.000000,-6000.000000,-6000.000000,Speed,Speed,0.710000,0.760000,1.690000,1.000000,102.000000,1,0,-0.000000,0.000000,1,0.000000,0.000000,0.000000,-0.102478,0.020355,0.000000,0.000000,0.000000,0.008000,FlatInitial,ResetForward,1
06:46:23.121 PM 02/16/2016,Teleop Disabled,0,FALSE,0,NO ERROR,0.000000,0.000000,-6000.000000,-6000.000000,Speed,Speed,0.710000,0.760000,1.690000,1.000000,103.000000,1,0,-0.000000,0.000000,1,0.000000,0.000000,0.000000,-0.102478,0.020355,0.000000,-0.001000,0.001000,0.010000,FlatInitial,ResetForward,1
06:46:23.221 PM 02/16/2016,Teleop Disabled,0,FALSE,0,NO ERROR,0.000000,0.000000,-6000.000000,-6000.000000,Speed,Speed,0.710000,0.760000,1.690000,1.000000,102.000000,1,0,-0.000000,0.000000,1,0.000000,0.000000,0.000000,-0.102478,0.020355,0.000000,-0.002000,-0.001000,0.005000,FlatInitial,ResetForward,1
06:46:23.321 PM 02/16/2016,Teleop Disabled,0,FALSE,0,NO ERROR,0.000000,0.000000,-6000.000000,-6000.000000,Speed,Speed,0.710000,0.760000,1.690000,1.000000,101.000000,1,0,-0.000000,0.000000,1,0.000000,0.000000,0.000000,-0.102478,0.020355,0.000000,0.000000,-0.003000,0.010000,FlatInitial,ResetForward,1
06:46:23.421 PM 02/16/2016,Teleop Disabled,0,FALSE,0,NO ERROR,0.000000,0.000000,-6000.000000,-6000.000000,Speed,Speed,0.710000,0.770000,1.690000,1.000000,101.000000,1,0,-0.000000,0.000000,1,0.000000,0.000000,0.000000,-0.102478,0.020355,0.000000,0.000000,0.000000,0.011000,FlatInitial,ResetForward,1
06:46:23.522 PM 02/16/2016,Teleop Disabled,0,FALSE,0,NO ERROR,0.000000,0.000000,-6000.000000,-6000.000000,Speed,Speed,0.710000,0.760000,1.690000,1.000000,102.000000,1,0,-0.000000,0.000000,1,0.000000,0.000000,0.000000,-0.102478,0.020355,0.000000,0.000000,0.000000,0.009000,FlatInitial,ResetForward,1
06:46:23.622 PM 02/16/2016,Teleop Disabled,0,FALSE,0,NO ERROR,0.000000,0.000000,-6000.000000,-6000.000000,Speed,Speed,0.710000,0.770000,1.680000,1.000000,101.000000,1,0,-0.000000,0.000000,1,0.000000,0.000000,0.000000,-0.102478,0.020355,0.000000,0.000000,0.001000,0.009000,FlatInitial,ResetForward,1
06:46:23.723 PM 02/16/2016,Teleop Disabled,0,FALSE,0,NO ERROR,0.000000,0.000000,-6000.000000,-6000.000000,Speed,Speed,0.700000,0.770000,1.680000,1.000000,101.000000,1,0,-0.000000,0.000000,1,0.000000,0.000000,0.000000,-0.102478,0.020355,0.000000,0.000000,0.000000,0.009000,FlatInitial,ResetForward,1
06:46:23.824 PM 02/16/2016,Teleop Disabled,0,FALSE,0,NO ERROR,0.000000,0.000000,-6000.000000,-6000.000000,Speed,Speed,0.700000,0.770000,1.680000,1.000000,102.000000,1,0,-0.000000,0.000000,1,0.000000,0.000000,0.000000,-0.102478,0.020355,0.000000,0.000000,0.000000,0.008000,FlatInitial,ResetForward,1
06:46:23.925 PM 02/16/2016,Teleop Disabled,0,FALSE,0,NO ERROR,0.000000,0.000000,-6000.000000,-6000.000000,Speed,Speed,0.700000,0.770000,1.690000,1.000000,101.000000,1,0,-0.000000,0.000000,1,0.000000,0.000000,0.000000,-0.102478,0.020355,0.000000,0.001000,0.000000,0.009000,FlatInitial,ResetForward,1
06:46:24.026 PM 02/16/2016,Teleop Disabled,0,FALSE,0,NO ERROR,0.000000,0.000000,-6000.000000,-6000.000000,Speed,Speed,0.710000,0.770000,1.680000,1.000000,101.000000,1,0,-0.000000,0.000000,1,0.000000,0.000000,0.000000,-0.102478,0.020355,0.000000,0.001000,0.000000,0.011000,FlatInitial,ResetForward,1
06:46:24.127 PM 02/16/2016,Teleop Disabled,0,FALSE,0,NO ERROR,0.000000,0.000000,-6000.000000,-6000.000000,Speed,Speed,0.710000,0.760000,1.680000,1.000000,101.000000,1,0,-0.000000,0.000000,1,0.000000,0.000000,0.000000,-0.102478,0.020355,0.000000,-0.001000,0.000000,0.012000,FlatInitial,ResetForward,1
06:46:24.228 PM 02/16/2016,Teleop Disabled,0,FALSE,0,NO ERROR,0.000000,0.000000,-6000.000000,-6000.000000,Speed,Speed,0.700000,0.760000,1.680000,1.000000,101.000000,1,0,-0.000000,0.000000,1,0.000000,0.000000,0.000000,-0.102478,0.020355,0.000000,0.000000,0.000000,0.010000,FlatInitial,ResetForward,1
06:46:24.329 PM 02/16/2016,Teleop Disabled,0,FALSE,0,NO ERROR,0.000000,0.000000,-6000.000000,-6000.000000,Speed,Speed,0.700000,0.760000,1.690000,1.000000,102.000000,1,0,-0.000000,0.000000,1,0.000000,0.000000,0.000000,-0.102478,0.020355,0.000000,0.000000,-0.001000,0.004000,FlatInitial,ResetForward,1
06:46:24.429 PM 02/16/2016,Teleop Disabled,0,FALSE,0,NO ERROR,0.000000,0.000000,-6000.000000,-6000.000000,Speed,Speed,0.710000,0.760000,1.690000,1.000000,102.000000,1,0,-0.000000,0.000000,1,0.000000,0.000000,0.000000,-0.102478,0.020355,0.000000,0.000000,0.001000,0.007000,FlatInitial,ResetForward,1
06:46:24.530 PM 02/16/2016,Teleop Disabled,0,FALSE,0,NO ERROR,0.000000,0.000000,-6000.000000,-6000.000000,Speed,Speed,0.700000,0.760000,1.690000,1.000000,102.000000,1,0,-0.000000,0.000000,1,0.000000,0.000000,0.000000,-0.102478,0.020355,0.000000,0.003000,0.001000,0.006000,FlatInitial,ResetForward,1
06:46:24.631 PM 02/16/2016,Teleop Disabled,0,FALSE,0,NO ERROR,0.000000,0.000000,-6000.000000,-6000.000000,Speed,Speed,0.700000,0.770000,1.690000,1.000000,102.000000,1,0,-0.000000,0.000000,1,0.000000,0.000000,0.000000,-0.102478,0.020355,0.000000,0.000000,0.000000,0.006000,FlatInitial,ResetForward,1
06:46:24.730 PM 02/16/2016,Teleop Disabled,0,FALSE,0,NO ERROR,0.000000,0.000000,-6000.000000,-6000.000000,Speed,Speed,0.700000,0.760000,1.690000,1.000000,101.000000,1,0,-0.000000,0.000000,1,0.000000,0.000000,0.000000,-0.102478,0.020355,0.000000,-0.001000,-0.001000,0.007000,FlatInitial,ResetForward,1
06:46:24.831 PM 02/16/2016,Teleop Disabled,0,FALSE,0,NO ERROR,0.000000,0.000000,-6000.000000,-6000.000000,Speed,Speed,0.700000,0.760000,1.690000,1.000000,101.000000,1,0,-0.000000,0.000000,1,0.000000,0.000000,0.000000,-0.102478,0.020355,0.000000,0.000000,0.000000,0.012000,FlatInitial,ResetForward,1
06:46:24.931 PM 02/16/2016,Teleop Disabled,0,FALSE,0,NO ERROR,0.000000,0.000000,-6000.000000,-6000.000000,Speed,Speed,0.710000,0.770000,1.690000,1.000000,101.000000,1,0,-0.000000,0.000000,1,0.000000,0.000000,0.000000,-0.102478,0.020355,0.000000,-0.002000,-0.001000,0.006000,FlatInitial,ResetForward,1
06:46:25.031 PM 02/16/2016,Teleop Disabled,0,FALSE,0,NO ERROR,0.000000,0.000000,-6000.000000,-6000.000000,Speed,Speed,0.710000,0.760000,1.690000,1.000000,102.000000,1,0,-0.000000,0.000000,1,0.000000,0.000000,0.000000,-0.102478,0.020355,0.000000,0.002000,0.003000,0.013000,FlatInitial,ResetForward,1
06:46:25.131 PM 02/16/2016,Teleop Disabled,0,FALSE,0,NO ERROR,0.000000,0.000000,-6000.000000,-6000.000000,Speed,Speed,0.710000,0.770000,1.690000,1.000000,100.000000,1,0,-0.000000,0.000000,1,0.000000,0.000000,0.000000,-0.102478,0.020355,0.000000,0.002000,0.000000,0.009000,FlatInitial,ResetForward,1
06:46:25.232 PM 02/16/2016,Teleop Disabled,0,FALSE,0,NO ERROR,0.000000,0.000000,-6000.000000,-6000.000000,Speed,Speed,0.710000,0.770000,1.690000,1.000000,101.000000,1,0,-0.000000,0.000000,1,0.000000,0.000000,0.000000,-0.102478,0.020355,0.000000,0.000000,0.000000,0.007000,FlatInitial,ResetForward,1
06:46:25.333 PM 02/16/2016,Teleop Disabled,0,FALSE,0,NO ERROR,0.000000,0.000000,-6000.000000,-6000.000000,Speed,Speed,0.710000,0.770000,1.690000,1.000000,102.000000,1,0,-0.000000,0.000000,1,0.000000,0.000000,0.000000,-0.102478,0.020355,0.000000,0.000000,0.000000,0.011000,FlatInitial,ResetForward,1
06:46:25.433 PM 02/16/2016,Teleop Disabled,0,FALSE,0,NO ERROR,0.000000,0.000000,-6000.000000,-6000.000000,Speed,Speed,0.710000,0.770000,1.690000,1.000000,101.000000,1,0,-0.000000,0.000000,1,0.000000,0.000000,0.000000,-0.102478,0.020355,0.000000,0.000000,0.001000,0.004000,FlatInitial,ResetForward,1
06:46:25.534 PM 02/16/2016,Teleop Disabled,0,FALSE,0,NO ERROR,0.000000,0.000000,-6000.000000,-6000.000000,Speed,Speed,0.710000,0.770000,1.690000,1.000000,101.000000,1,0,-0.000000,0.000000,1,0.000000,0.000000,0.000000,-0.102478,0.020355,0.000000,0.000000,0.001000,0.007000,FlatInitial,ResetForward,1
06:46:25.634 PM 02/16/2016,Teleop Disabled,0,FALSE,0,NO ERROR,0.000000,0.000000,-6000.000000,-6000.000000,Speed,Speed,0.710000,0.770000,1.690000,1.000000,101.000000,1,0,-0.000000,0.000000,1,0.000000,0.000000,0.000000,-0.102478,0.020355,0.000000,0.000000,0.000000,0.005000,FlatInitial,ResetForward,1
06:46:25.734 PM 02/16/2016,Teleop Disabled,0,FALSE,0,NO ERROR,0.000000,0.000000,-6000.000000,-6000.000000,Speed,Speed,0.710000,0.760000,1.690000,1.000000,101.000000,1,0,-0.000000,0.000000,1,0.000000,0.000000,0.000000,-0.102478,0.020355,0.000000,0.001000,0.000000,0.005000,FlatInitial,ResetForward,1
06:46:25.835 PM 02/16/2016,Teleop Disabled,0,FALSE,0,NO ERROR,0.000000,0.000000,-6000.000000,-6000.000000,Speed,Speed,0.710000,0.770000,1.690000,1.000000,102.000000,1,0,-0.000000,0.000000,1,0.000000,0.000000,0.000000,-0.102478,0.020355,0.000000,0.000000,0.000000,0.009000,FlatInitial,ResetForward,1
06:46:25.936 PM 02/16/2016,Teleop Disabled,0,FALSE,0,NO ERROR,0.000000,0.000000,-6000.000000,-6000.000000,Speed,Speed,0.710000,0.760000,1.690000,1.000000,101.000000,1,0,-0.000000,0.000000,1,0.000000,0.000000,0.000000,-0.102478,0.020355,0.000000,0.000000,0.000000,0.006000,FlatInitial,ResetForward,1
06:46:26.036 PM 02/16/2016,Teleop Disabled,0,FALSE,0,NO ERROR,0.000000,0.000000,-6000.000000,-6000.000000,Speed,Speed,0.710000,0.760000,1.690000,1.000000,101.000000,1,0,-0.000000,0.000000,1,0.000000,0.000000,0.000000,-0.102478,0.020355,0.000000,-0.002000,-0.001000,0.006000,FlatInitial,ResetForward,1
06:46:26.136 PM 02/16/2016,Teleop Disabled,0,FALSE,0,NO ERROR,0.000000,0.000000,-6000.000000,-6000.000000,Speed,Speed,0.710000,0.760000,1.690000,1.000000,101.000000,1,0,-0.000000,0.000000,1,0.000000,0.000000,0.000000,-0.102478,0.020355,0.000000,0.000000,-0.001000,0.009000,FlatInitial,ResetForward,1
06:46:26.236 PM 02/16/2016,Teleop Disabled,0,FALSE,0,NO ERROR,0.000000,0.000000,-6000.000000,-6000.000000,Speed,Speed,0.710000,0.760000,1.690000,1.000000,102.000000,1,0,-0.000000,0.000000,1,0.000000,0.000000,0.000000,-0.102478,0.020355,0.000000,0.001000,0.001000,0.008000,FlatInitial,ResetForward,1
06:46:26.336 PM 02/16/2016,Teleop Disabled,0,FALSE,0,NO ERROR,0.000000,0.000000,-6000.000000,-6000.000000,Speed,Speed,0.710000,0.760000,1.690000,1.000000,104.000000,1,0,-0.000000,0.000000,1,0.000000,0.000000,0.000000,-0.102478,0.020355,0.000000,0.001000,0.001000,0.008000,FlatInitial,ResetForward,1
06:46:26.436 PM 02/16/2016,Teleop Disabled,0,FALSE,0,NO ERROR,0.000000,0.000000,-6000.000000,-6000.000000,Speed,Speed,0.710000,0.760000,1.690000,1.000000,102.000000,1,0,-0.000000,0.000000,1,0.000000,0.000000,0.000000,-0.102478,0.020355,0.000000,0.001000,-0.001000,0.007000,FlatInitial,ResetForward,1
06:46:26.536 PM 02/16/2016,Teleop Disabled,0,FALSE,0,NO ERROR,0.000000,0.000000,-6000.000000,-6000.000000,Speed,Speed,0.710000,0.760000,1.690000,1.000000,101.000000,1,0,-0.000000,0.000000,1,0.000000,0.000000,0.000000,-0.102478,0.020355,0.000000,0.001000,-0.002000,0.007000,FlatInitial,ResetForward,1
06:46:26.636 PM 02/16/2016,Teleop Disabled,0,FALSE,0,NO ERROR,0.000000,0.000000,-6000.000000,-6000.000000,Speed,Speed,0.720000,0.760000,1.690000,1.000000,101.000000,1,0,-0.000000,0.000000,1,0.000000,0.000000,0.000000,-0.102478,0.020355,0.000000,0.001000,0.000000,0.010000,FlatInitial,ResetForward,1
06:46:26.736 PM 02/16/2016,Teleop Disabled,0,FALSE,0,NO ERROR,0.000000,0.000000,-6000.000000,-6000.000000,Speed,Speed,0.720000,0.760000,1.690000,1.000000,101.000000,1,0,-0.000000,0.000000,1,0.000000,0.000000,0.000000,-0.102478,0.020355,0.000000,0.000000,0.000000,0.011000,FlatInitial,ResetForward,1
06:46:26.836 PM 02/16/2016,Teleop Disabled,0,FALSE,0,NO ERROR,0.000000,0.000000,-6000.000000,-6000.000000,Speed,Speed,0.720000,0.760000,1.690000,1.000000,101.000000,1,0,-0.000000,0.000000,1,0.000000,0.000000,0.000000,-0.102478,0.020355,0.000000,0.000000,0.001000,0.011000,FlatInitial,ResetForward,1
06:46:26.935 PM 02/16/2016,Teleop Disabled,0,FALSE,0,NO ERROR,0.000000,0.000000,-6000.000000,-6000.000000,Speed,Speed,0.720000,0.760000,1.690000,1.000000,101.000000,1,0,-0.000000,0.000000,1,0.000000,0.000000,0.000000,-0.102478,0.020355,0.000000,0.000000,-0.001000,0.006000,FlatInitial,ResetForward,1
06:46:27.035 PM 02/16/2016,Teleop Disabled,0,FALSE,0,NO ERROR,0.000000,0.000000,-6000.000000,-6000.000000,Speed,Speed,0.720000,0.760000,1.690000,1.000000,101.000000,1,0,-0.000000,0.000000,1,0.000000,0.000000,0.000000,-0.102478,0.020355,0.000000,-0.001000,0.000000,0.009000,FlatInitial,ResetForward,1
06:46:27.135 PM 02/16/2016,Teleop Disabled,0,FALSE,0,NO ERROR,0.000000,0.000000,-6000.000000,-6000.000000,Speed,Speed,0.720000,0.760000,1.690000,1.000000,101.000000,1,0,-0.000000,0.000000,1,0.000000,0.000000,0.000000,-0.102478,0.020355,0.000000,0.000000,0.000000,0.008000,FlatInitial,ResetForward,1
06:46:27.236 PM 02/16/2016,Teleop Disabled,0,FALSE,0,NO ERROR,0.000000,0.000000,-6000.000000,-6000.000000,Speed,Speed,0.720000,0.760000,1.690000,1.000000,102.000000,1,0,-0.000000,0.000000,1,0.000000,0.000000,0.000000,-0.102478,0.020355,0.000000,0.001000,0.000000,0.008000,FlatInitial,ResetForward,1
06:46:27.336 PM 02/16/2016,Teleop Disabled,0,FALSE,0,NO ERROR,0.000000,0.000000,-6000.000000,-6000.000000,Speed,Speed,0.720000,0.760000,1.690000,1.000000,101.000000,1,0,-0.000000,0.000000,1,0.000000,0.000000,0.000000,-0.102478,0.020355,0.000000,-0.002000,0.000000,0.007000,FlatInitial,ResetForward,1
06:46:27.437 PM 02/16/2016,Teleop Disabled,0,FALSE,0,NO ERROR,-0.146484,0.000000,-6000.000000,-6000.000000,Speed,Speed,0.720000,0.760000,1.690000,1.000000,103.000000,1,0,-0.000000,0.000000,1,0.000000,0.000000,0.000000,-0.102478,0.020355,0.000000,0.000000,0.000000,0.009000,FlatInitial,ResetForward,1
06:46:27.536 PM 02/16/2016,Teleop Disabled,0,FALSE,0,NO ERROR,0.000000,0.000000,-6000.000000,-6000.000000,Speed,Speed,0.720000,0.770000,1.690000,1.000000,102.000000,1,0,-0.000000,0.000000,1,0.000000,0.000000,0.000000,-0.102478,0.020355,0.000000,0.000000,-0.001000,0.012000,FlatInitial,ResetForward,1
06:46:27.637 PM 02/16/2016,Teleop Disabled,0,FALSE,0,NO ERROR,0.000000,0.000000,-6000.000000,-6000.000000,Speed,Speed,0.720000,0.760000,1.690000,1.000000,102.000000,1,0,-0.000000,0.000000,1,0.000000,0.000000,0.000000,-0.102478,0.020355,0.000000,0.000000,0.000000,0.006000,FlatInitial,ResetForward,1
06:46:27.737 PM 02/16/2016,Teleop Disabled,0,FALSE,0,NO ERROR,0.000000,0.000000,-6000.000000,-6000.000000,Speed,Speed,0.720000,0.760000,1.700000,1.000000,102.000000,1,0,-0.000000,0.000000,1,0.000000,0.000000,0.000000,-0.102478,0.020355,0.000000,-0.002000,0.002000,0.013000,FlatInitial,ResetForward,1
06:46:27.836 PM 02/16/2016,Teleop Disabled,0,FALSE,0,NO ERROR,0.000000,0.000000,-6000.000000,-6000.000000,Speed,Speed,0.720000,0.760000,1.700000,1.000000,102.000000,1,0,-0.000000,0.000000,1,0.000000,0.000000,0.000000,-0.102478,0.020355,0.000000,0.001000,-0.002000,0.008000,FlatInitial,ResetForward,1
06:46:27.937 PM 02/16/2016,Teleop Disabled,0,FALSE,0,NO ERROR,0.000000,0.000000,-6000.000000,-6000.000000,Speed,Speed,0.720000,0.760000,1.700000,1.000000,101.000000,1,0,-0.000000,0.000000,1,0.000000,0.000000,0.000000,-0.102478,0.020355,0.000000,0.000000,0.000000,0.006000,FlatInitial,ResetForward,1
06:46:28.037 PM 02/16/2016,Teleop Disabled,0,FALSE,0,NO ERROR,0.000000,0.000000,-6000.000000,-6000.000000,Speed,Speed,0.720000,0.760000,1.700000,1.000000,102.000000,1,0,-0.000000,0.000000,1,0.000000,0.000000,0.000000,-0.102478,0.020355,0.000000,0.000000,0.000000,0.009000,FlatInitial,ResetForward,1
06:46:28.137 PM 02/16/2016,Teleop Disabled,0,FALSE,0,NO ERROR,0.000000,0.000000,-6000.000000,-6000.000000,Speed,Speed,0.720000,0.760000,1.700000,1.000000,101.000000,1,0,-0.000000,0.000000,1,0.000000,0.000000,0.000000,-0.102478,0.020355,0.000000,-0.002000,-0.002000,0.007000,FlatInitial,ResetForward,1
06:46:28.238 PM 02/16/2016,Teleop Disabled,0,FALSE,0,NO ERROR,0.000000,0.000000,-6000.000000,-6000.000000,Speed,Speed,0.720000,0.760000,1.700000,1.000000,101.000000,1,0,-0.000000,0.000000,1,0.000000,0.000000,0.000000,-0.102478,0.020355,0.000000,-0.001000,-0.001000,0.004000,FlatInitial,ResetForward,1
06:46:28.337 PM 02/16/2016,Teleop Disabled,0,FALSE,0,NO ERROR,0.000000,0.000000,-6000.000000,-6000.000000,Speed,Speed,0.720000,0.760000,1.700000,1.000000,101.000000,1,0,-0.000000,0.000000,1,0.000000,0.000000,0.000000,-0.102478,0.020355,0.000000,-0.002000,0.000000,0.010000,FlatInitial,ResetForward,1
06:46:28.437 PM 02/16/2016,Teleop Disabled,0,FALSE,0,NO ERROR,0.000000,0.000000,-6000.000000,-6000.000000,Speed,Speed,0.720000,0.760000,1.690000,1.000000,101.000000,1,0,-0.000000,0.000000,1,0.000000,0.000000,0.000000,-0.102478,0.020355,0.000000,0.000000,0.002000,0.011000,FlatInitial,ResetForward,1
06:46:28.537 PM 02/16/2016,Teleop Disabled,0,FALSE,0,NO ERROR,0.000000,0.000000,-6000.000000,-6000.000000,Speed,Speed,0.720000,0.760000,1.690000,1.000000,101.000000,1,0,-0.000000,0.000000,1,0.000000,0.000000,0.000000,-0.102478,0.020355,0.000000,0.001000,-0.001000,0.009000,FlatInitial,ResetForward,1
06:46:28.637 PM 02/16/2016,Teleop Disabled,0,FALSE,0,NO ERROR,0.000000,0.000000,-6000.000000,-6000.000000,Speed,Speed,0.720000,0.760000,1.700000,1.000000,101.000000,1,0,-0.000000,0.000000,1,0.000000,0.000000,0.000000,-0.102478,0.020355,0.000000,0.000000,-0.002000,0.007000,FlatInitial,ResetForward,1
06:46:28.737 PM 02/16/2016,Teleop Disabled,0,FALSE,0,NO ERROR,0.000000,0.000000,-6000.000000,-6000.000000,Speed,Speed,0.720000,0.760000,1.700000,1.000000,101.000000,1,0,-0.000000,0.000000,1,0.000000,0.000000,0.000000,-0.102478,0.020355,0.000000,0.002000,0.002000,0.009000,FlatInitial,ResetForward,1
06:46:28.837 PM 02/16/2016,Teleop Disabled,0,FALSE,0,NO ERROR,0.000000,0.000000,-6000.000000,-6000.000000,Speed,Speed,0.720000,0.770000,1.700000,1.000000,103.000000,1,0,-0.000000,0.000000,1,0.000000,0.000000,0.000000,-0.102478,0.020355,0.000000,0.001000,-0.001000,0.005000,FlatInitial,ResetForward,1
06:46:28.937 PM 02/16/2016,Teleop Disabled,0,FALSE,0,NO ERROR,0.000000,0.000000,-6000.000000,-6000.000000,Speed,Speed,0.720000,0.770000,1.700000,1.000000,102.000000,1,0,-0.000000,0.000000,1,0.000000,0.000000,0.000000,-0.102478,0.020355,0.000000,0.000000,-0.001000,0.008000,FlatInitial,ResetForward,1
06:46:29.038 PM 02/16/2016,Teleop Disabled,0,FALSE,0,NO ERROR,0.000000,0.000000,-6000.000000,-6000.000000,Speed,Speed,0.720000,0.760000,1.700000,1.000000,101.000000,1,0,-0.000000,0.000000,1,0.000000,0.000000,0.000000,-0.102478,0.020355,0.000000,-0.001000,0.000000,0.006000,FlatInitial,ResetForward,1
06:46:29.139 PM 02/16/2016,Teleop Disabled,0,FALSE,0,NO ERROR,0.000000,0.000000,-6000.000000,-6000.000000,Speed,Speed,0.720000,0.760000,1.690000,1.000000,101.000000,1,0,-0.000000,0.000000,1,0.000000,0.000000,0.000000,-0.102478,0.020355,0.000000,0.001000,-0.001000,0.009000,FlatInitial,ResetForward,1
06:46:29.238 PM 02/16/2016,Teleop Disabled,0,FALSE,0,NO ERROR,0.000000,0.000000,-6000.000000,-6000.000000,Speed,Speed,0.720000,0.760000,1.690000,1.000000,102.000000,1,0,-0.000000,0.000000,1,0.000000,0.000000,0.000000,-0.102478,0.020355,0.000000,0.000000,-0.002000,0.010000,FlatInitial,ResetForward,1
06:46:29.339 PM 02/16/2016,Teleop Disabled,0,FALSE,0,NO ERROR,0.000000,0.000000,-6000.000000,-6000.000000,Speed,Speed,0.720000,0.770000,1.690000,1.000000,101.000000,1,0,-0.000000,0.000000,1,0.000000,0.000000,0.000000,-0.102478,0.020355,0.000000,-0.001000,0.002000,0.005000,FlatInitial,ResetForward,1
06:46:29.438 PM 02/16/2016,Teleop Disabled,0,FALSE,0,NO ERROR,0.000000,0.000000,-6000.000000,-6000.000000,Speed,Speed,0.720000,0.770000,1.690000,1.000000,101.000000,1,0,-0.000000,0.000000,1,0.000000,0.000000,0.000000,-0.102478,0.020355,0.000000,-0.003000,0.000000,0.009000,FlatInitial,ResetForward,1
06:46:29.538 PM 02/16/2016,Teleop Disabled,0,FALSE,0,NO ERROR,0.000000,0.000000,-6000.000000,-6000.000000,Speed,Speed,0.720000,0.760000,1.700000,1.000000,100.000000,1,0,-0.000000,0.000000,1,0.000000,0.000000,0.000000,-0.102478,0.020355,0.000000,0.001000,0.003000,0.008000,FlatInitial,ResetForward,1
06:46:29.638 PM 02/16/2016,Teleop Disabled,0,FALSE,0,NO ERROR,0.000000,0.000000,-6000.000000,-6000.000000,Speed,Speed,0.720000,0.770000,1.690000,1.000000,101.000000,1,0,-0.000000,0.000000,1,0.000000,0.000000,0.000000,-0.102478,0.020355,0.000000,0.000000,0.000000,0.010000,FlatInitial,ResetForward,1
06:46:29.738 PM 02/16/2016,Teleop Disabled,0,FALSE,0,NO ERROR,0.000000,0.000000,-6000.000000,-6000.000000,Speed,Speed,0.720000,0.770000,1.690000,1.000000,101.000000,1,0,-0.000000,0.000000,1,0.000000,0.000000,0.000000,-0.102478,0.020355,0.000000,0.000000,-0.001000,0.010000,FlatInitial,ResetForward,1
06:46:29.839 PM 02/16/2016,Teleop Disabled,0,FALSE,0,NO ERROR,0.000000,0.000000,-6000.000000,-6000.000000,Speed,Speed,0.720000,0.760000,1.690000,1.000000,101.000000,1,0,-0.000000,0.000000,1,0.000000,0.000000,0.000000,-0.102478,0.020355,0.000000,0.002000,-0.001000,0.007000,FlatInitial,ResetForward,1
06:46:29.939 PM 02/16/2016,Teleop Disabled,0,FALSE,0,NO ERROR,0.000000,0.000000,-6000.000000,-6000.000000,Speed,Speed,0.720000,0.770000,1.690000,1.000000,100.000000,1,0,-0.000000,0.000000,1,0.000000,0.000000,0.000000,-0.102478,0.020355,0.000000,0.000000,0.000000,0.004000,FlatInitial,ResetForward,1
06:46:30.039 PM 02/16/2016,Teleop Disabled,0,FALSE,0,NO ERROR,0.000000,0.000000,-6000.000000,-6000.000000,Speed,Speed,0.720000,0.760000,1.690000,1.000000,101.000000,1,0,-0.000000,0.000000,1,0.000000,0.000000,0.000000,-0.102478,0.020355,0.000000,0.001000,-0.002000,0.007000,FlatInitial,ResetForward,1
06:46:30.139 PM 02/16/2016,Teleop Disabled,0,FALSE,0,NO ERROR,0.000000,0.000000,-6000.000000,-6000.000000,Speed,Speed,0.720000,0.770000,1.690000,1.000000,101.000000,1,0,-0.000000,0.000000,1,0.000000,0.000000,0.000000,-0.102478,0.020355,0.000000,0.000000,0.000000,0.005000,FlatInitial,ResetForward,1
06:46:30.239 PM 02/16/2016,Teleop Disabled,0,FALSE,0,NO ERROR,0.000000,0.000000,-6000.000000,-6000.000000,Speed,Speed,0.720000,0.770000,1.690000,1.000000,105.000000,1,0,-0.000000,0.000000,1,0.000000,0.000000,0.000000,-0.102478,0.020355,0.000000,0.000000,0.001000,0.008000,FlatInitial,ResetForward,1
06:46:30.340 PM 02/16/2016,Teleop Disabled,0,FALSE,0,NO ERROR,0.000000,0.000000,-6000.000000,-6000.000000,Speed,Speed,0.710000,0.770000,1.690000,1.000000,102.000000,1,0,-0.000000,0.000000,1,0.000000,0.000000,0.000000,-0.102478,0.020355,0.000000,0.001000,0.002000,0.009000,FlatInitial,ResetForward,1
06:46:30.440 PM 02/16/2016,Teleop Disabled,0,FALSE,0,NO ERROR,0.000000,0.000000,-6000.000000,-6000.000000,Speed,Speed,0.720000,0.770000,1.690000,1.000000,102.000000,1,0,-0.000000,0.000000,1,0.000000,0.000000,0.000000,-0.102478,0.020355,0.000000,0.000000,0.001000,0.008000,FlatInitial,ResetForward,1
06:46:30.539 PM 02/16/2016,Teleop Disabled,0,FALSE,0,NO ERROR,0.000000,0.000000,-6000.000000,-6000.000000,Speed,Speed,0.720000,0.760000,1.690000,1.000000,103.000000,1,0,-0.000000,0.000000,1,0.000000,0.000000,0.000000,-0.102478,0.020355,0.000000,0.000000,0.000000,0.008000,FlatInitial,ResetForward,1